ply
format ascii 1.0
comment Anthidium forcipatum point cloud
comment source https://sketchfab.com/3d-models/anthidium-forcipatum-point-cloud-3493da15a8db4f34929fc38d9d0fcb2c
element vertex 18828
property float x
property float y
property float z
property uchar red
property uchar green
property uchar blue
end_header
-0.07658124 0.1398874 -0.2946126 47 31 17
-0.06940875 0.05279336 -0.322278 150 118 45
-0.06428552 0.1952184 -0.276169 49 31 23
-0.02022584 -0.0004886432 -0.4216684 95 44 0
-0.07965517 0.1388634 -0.2915387 44 31 19
-0.04994049 0.1614054 -0.307933 150 125 54
-0.07145801 0.1050494 -0.3110069 142 115 63
-0.07863054 0.1870224 -0.2792429 114 78 47
-0.09400019 0.1644794 -0.2802676 85 56 24
-0.06326089 0.1706274 -0.2976865 157 131 53
-0.06838409 0.1019764 -0.3151055 112 86 46
-0.08477839 0.06508936 -0.3099823 162 126 42
-0.07965517 0.1009514 -0.2987112 140 110 49
-0.04891586 0.02307836 -0.3120315 11 9 11
-0.09707412 0.07533536 -0.2925633 151 120 54
-0.09502483 0.01488086 -0.290514 141 105 40
-0.07555661 0.1040254 -0.3007605 129 98 48
-0.05813766 0.1101734 -0.3253519 151 126 73
-0.08785233 0.04971936 -0.3151055 188 156 80
-0.08067984 0.01693036 -0.3130562 147 113 43
-0.09502483 0.08045836 -0.290514 160 126 55
-0.07453194 0.07123636 -0.3192041 151 120 49
-0.03047227 0.1183704 -0.3417462 18 9 7
-0.09502483 0.009757357 -0.2894894 141 105 40
-0.09092626 0.02512836 -0.3028097 151 115 44
-0.07658124 0.09992636 -0.3007605 124 93 39
-0.06940875 0.1019764 -0.3130562 138 113 66
-0.0263737 0.09787736 -0.3407216 15 5 5
-0.05813766 0.02000536 -0.3151055 17 10 10
-0.03764478 0.1593554 -0.3171548 120 94 55
-0.08375377 0.1009514 -0.2946126 122 92 39
-0.04584193 0.04254736 -0.3212533 23 13 7
-0.05608836 0.07328536 -0.322278 103 72 27
-0.08785233 0.1521834 -0.2864154 41 19 4
-0.07965517 0.1562824 -0.2946126 83 59 31
-0.03354619 0.06508936 -0.322278 13 11 10
-0.1042466 0.04562036 -0.276169 61 38 18
-0.04071871 0.1460359 -0.3181794 56 41 26
-0.06223622 0.01693036 -0.3151055 23 11 6
-0.06223622 0.08660636 -0.3212533 135 105 52
-0.09195089 0.1634544 -0.2853908 119 86 46
-0.07350731 0.1357894 -0.2966619 83 64 37
-0.04071871 0.1245184 -0.3355984 104 75 33
-0.02739833 0.1132464 -0.3478941 23 13 5
-0.06223622 0.1070994 -0.3192041 155 133 89
-0.05608836 0.1286174 -0.3110069 143 121 79
-0.03559549 0.1306664 -0.3355984 52 33 18
-0.02944763 0.1511594 -0.3233026 87 69 43
-0.08990163 -0.001512643 -0.2925633 153 123 47
-0.09809876 0.02820136 -0.2925633 124 89 29
-0.07965517 0.08353236 -0.3120315 142 115 63
-0.01817654 0.1696024 -0.3192041 109 88 54
-0.07350731 0.09992636 -0.3058837 145 115 65
-0.07965517 0.01180736 -0.3099823 145 107 35
-0.06428552 0.1019764 -0.3161301 127 105 64
-0.08887696 0.02922636 -0.3069083 153 120 44
-0.0243244 0.04664486 -0.3202287 11 10 10
-0.0263737 0.1286174 -0.3468694 84 65 35
-0.08887696 0.09377936 -0.2894894 161 129 51
-0.03354619 0.05689236 -0.3202287 12 10 11
-0.04891586 0.03332536 -0.3161301 37 27 19
-0.02534905 0.2116134 -0.2802676 163 138 88
-0.03047227 0.1091484 -0.3448202 17 13 12
-0.03457084 0.1234939 -0.3437955 66 49 30
-0.05096516 0.1839474 -0.2894894 118 91 40
-0.09502483 0.06816236 -0.2966619 157 123 51
-0.06428552 0.007709357 -0.3120315 7 6 9
-0.02329977 0.002585357 -0.3622391 69 50 37
-0.08887696 0.1409124 -0.2771937 38 23 11
-0.09809876 0.1726764 -0.2751444 121 81 44
-0.03252156 0.08763136 -0.3284258 28 16 5
-0.06531015 0.09685336 -0.3151055 144 119 69
-0.09092626 0.02102936 -0.3028097 143 103 31
-0.06838409 0.1122224 -0.3110069 142 116 68
-0.09195089 0.07431136 -0.2956372 184 143 60
-0.103222 0.07226136 -0.2802676 139 108 49
-0.01920119 0.1111984 -0.3530173 151 117 65
-0.02022584 0.1952184 -0.2976865 96 64 23
-0.07863054 0.1593554 -0.293588 95 59 27
-0.09502483 0.1737014 -0.2792429 111 77 29
-0.04994049 0.1859964 -0.2874401 92 65 28
-0.08170447 0.07226136 -0.3110069 154 117 39
-0.07350731 0.07635936 -0.3192041 143 112 46
-0.0263737 0.1757504 -0.3099823 54 40 22
-0.042768 0.1327154 -0.3263766 138 111 55
-0.08990163 0.07431136 -0.3069083 153 117 53
-0.05711302 0.1890704 -0.2833415 78 55 39
-0.09195089 0.005659357 -0.2987112 151 115 49
-0.04686657 0.1542324 -0.3151055 114 88 51
-0.08272909 0.1296414 -0.2823169 104 81 46
-0.02329977 0.1614054 -0.3202287 71 57 38
-0.08170447 0.1603814 -0.2966619 179 151 84
-0.03149691 0.1050494 -0.3386723 22 15 11
-0.042768 0.1521834 -0.3181794 91 70 41
-0.08375377 0.1409124 -0.2874401 48 32 16
-0.07760589 0.05791636 -0.3171548 182 153 68
-0.02842299 0.1890704 -0.2966619 112 84 44
-0.05916229 0.1286174 -0.3099823 132 109 68
-0.06633482 0.09582736 -0.3192041 101 76 41
-0.06940875 0.02512836 -0.3151055 106 77 30
-0.09604949 0.02307836 -0.2956372 147 112 44
-0.03457084 0.006684357 -0.3171548 13 13 13
-0.07145801 0.1501344 -0.2997358 38 17 7
-0.09707412 0.07226136 -0.2884647 178 144 57
-0.07965517 0.07943436 -0.3120315 152 116 49
-0.05403909 0.1716514 -0.2997358 153 129 53
-0.07145801 0.07943436 -0.3274012 165 141 78
-0.06735945 0.1808734 -0.2884647 152 119 46
-0.03969407 0.03332536 -0.3171548 51 36 19
-0.1052713 0.06508936 -0.276169 152 123 64
-0.05711302 0.1296414 -0.3099823 134 113 71
-0.04379264 0.03332536 -0.3171548 82 60 39
-0.06121159 0.007709357 -0.3120315 31 22 20
-0.06531015 0.1573064 -0.3038344 145 115 53
-0.09400019 0.04664486 -0.3028097 158 124 51
-0.09502483 0.01385636 -0.2894894 130 92 34
-0.09195089 0.1829234 -0.2751444 118 99 74
-0.02944763 0.2054654 -0.2833415 118 91 45
-0.05813766 0.1101734 -0.3212533 130 103 56
-0.04891586 0.1101734 -0.3325244 144 121 66
-0.09297556 0.04152136 -0.3007605 154 120 48
-0.05403909 0.1070994 -0.3253519 111 84 35
-0.09195089 0.1829234 -0.2751444 101 79 58
-0.01817654 0.1316904 -0.3550666 132 110 82
-0.07760589 0.1142714 -0.2925633 89 65 31
-0.07350731 0.08250736 -0.3192041 151 124 64
-0.09809876 0.05791636 -0.2976865 172 140 69
-0.09092626 0.08045836 -0.2915387 174 136 62
-0.09502483 0.06406336 -0.3017851 166 136 73
-0.07658124 0.1737014 -0.2894894 165 138 62
-0.06940875 0.08763136 -0.3192041 126 98 47
-0.08375377 0.04869436 -0.3120315 162 129 46
-0.06940875 0.003610357 -0.3099823 35 16 4
-0.03252156 0.1655044 -0.3130562 74 55 36
-0.04071871 0.06406336 -0.3192041 12 7 6
-0.08375377 0.06201536 -0.3140808 159 128 58
-0.08785233 0.1327154 -0.2802676 35 25 17
-0.06633482 0.1900954 -0.2802676 67 49 39
-0.07043339 0.08353236 -0.3161301 140 110 52
-0.04379264 0.1101734 -0.3335491 74 54 29
-0.01920119 0.1327154 -0.3499434 21 14 5
-0.100148 0.02512836 -0.3058837 147 120 72
-0.03149691 0.1337404 -0.336623 66 49 33
-0.06018695 0.1070994 -0.3181794 152 133 90
-0.07658124 0.1911199 -0.2751444 74 47 30
-0.01920119 -0.0004886432 -0.4093727 95 42 3
-0.09604949 0.03127536 -0.293588 154 120 47
-0.08990163 0.04664486 -0.304859 156 123 51
-0.09092626 0.1152964 -0.2751444 24 16 11
-0.0243244 -0.002537643 -0.4073234 127 83 31
-0.08990163 0.1152964 -0.2771937 53 35 18
-0.07350731 0.08353236 -0.3140808 128 96 40
-0.08580303 0.1818974 -0.2812922 108 74 37
-0.04994049 0.1050494 -0.3284258 130 100 41
-0.08990163 0.04664486 -0.3058837 164 129 49
-0.04789123 0.08865536 -0.3263766 92 72 41
-0.05506373 0.1204194 -0.3274012 173 150 80
-0.08272909 0.1357894 -0.2874401 41 28 14
-0.07248269 0.0005363568 -0.3069083 47 26 15
-0.01817654 0.1347644 -0.3468694 83 62 40
-0.04686657 0.1480854 -0.3171548 91 73 44
-0.02329977 0.06816236 -0.3171548 9 9 11
-0.09195089 0.06406336 -0.3038344 141 108 45
-0.03457084 0.09992636 -0.3396969 91 70 46
-0.03662014 0.1122224 -0.3427709 88 70 37
-0.02022584 0.1316904 -0.3489187 67 50 33
-0.03866942 0.1952184 -0.2874401 155 131 102
-0.07248269 0.1173454 -0.2997358 151 129 87
-0.04379264 0.1450104 -0.3161301 65 49 29
-0.05096516 0.1777999 -0.2956372 157 131 53
-0.042768 0.1275914 -0.3376476 117 85 37
-0.100148 0.03947236 -0.2884647 150 117 53
-0.04481729 0.1921454 -0.2843662 52 34 19
-0.08887696 0.05791636 -0.3161301 146 116 62
-0.02022584 0.09582736 -0.336623 5 3 5
-0.03559549 0.1583314 -0.3171548 76 59 37
-0.04789123 0.1716514 -0.3028097 130 103 43
-0.01817654 0.008733357 -0.4134713 85 36 0
-0.04891586 0.1347644 -0.3171548 108 87 54
-0.02329977 0.1747264 -0.3120315 96 72 40
-0.07555661 0.1091484 -0.2976865 104 76 34
-0.04686657 0.1163214 -0.3376476 78 52 18
-0.03969407 0.1357894 -0.3253519 84 61 35
-0.09707412 0.01488086 -0.2864154 143 108 49
-0.07453194 0.007709357 -0.3110069 124 90 42
-0.03559549 0.03332536 -0.3192041 7 6 8
-0.02944763 0.2064894 -0.2823169 138 114 66
-0.042768 0.1204194 -0.336623 130 103 42
-0.06838409 0.08148336 -0.3192041 164 131 69
-0.09912342 0.08763136 -0.276169 116 84 27
-0.05608836 0.1173454 -0.3202287 144 120 73
-0.04379264 0.1726764 -0.3028097 112 85 38
-0.03149691 0.1603814 -0.3161301 60 45 25
-0.04789123 0.1532084 -0.3140808 94 68 36
-0.04379264 0.1173454 -0.3345737 124 93 43
-0.03047227 0.003610357 -0.3069083 6 7 11
-0.02022584 0.003610357 -0.3786334 47 10 0
-0.1042466 0.04971936 -0.2843662 133 101 50
-0.04174335 0.1019764 -0.3325244 46 31 17
-0.08272909 0.08968036 -0.2997358 143 113 50
-0.02022584 0.1982924 -0.2946126 146 114 51
-0.09707412 0.03742336 -0.2946126 147 114 45
-0.1011727 0.02102936 -0.2802676 121 92 39
-0.04174335 0.1911199 -0.2884647 62 42 14
-0.02534905 0.1275914 -0.3458448 23 15 10
-0.07350731 0.1122224 -0.3017851 132 109 68
-0.08990163 0.09172936 -0.2946126 160 130 52
-0.07965517 0.04152136 -0.3181794 122 92 28
-0.02125047 0.1224684 -0.3489187 29 22 18
-0.09604949 0.03332536 -0.2946126 159 124 49
-0.03354619 0.2075144 -0.2802676 125 99 56
-0.05506373 0.009757357 -0.3140808 7 6 5
-0.08477839 0.02102936 -0.304859 145 107 39
-0.02739833 0.07226136 -0.3171548 19 14 11
-0.042768 0.1173454 -0.3407216 148 118 57
-0.07965517 0.08968036 -0.3120315 160 134 77
-0.07043339 0.1675534 -0.2966619 170 144 64
-0.0263737 0.006684357 -0.3151055 2 3 7
-0.08375377 0.1808734 -0.2823169 121 86 41
-0.08477839 0.04254736 -0.307933 187 154 60
-0.1042466 0.03742336 -0.2771937 98 70 37
-0.05096516 0.03537436 -0.3171548 40 28 18
-0.09604949 0.07123636 -0.3028097 145 124 75
-0.07965517 0.1224684 -0.2894894 75 56 31
-0.09092626 0.06816236 -0.304859 160 124 41
-0.04379264 0.1019764 -0.3304751 95 71 35
-0.04481729 0.1501344 -0.3181794 146 123 77
-0.1073205 0.04767036 -0.276169 71 47 26
-0.04686657 0.1501344 -0.3161301 106 79 44
-0.05403909 0.07943436 -0.3345737 171 142 62
-0.3030275 0.2105884 -0.03640233 134 91 47
-0.2897072 0.2157114 -0.06406773 52 27 13
-0.2835593 0.1870224 -0.03127912 173 147 96
-0.2927811 0.2126374 -0.05689522 62 37 23
-0.2876579 0.2126374 -0.06714166 67 38 20
-0.3020029 0.2136619 -0.03742698 164 128 63
-0.2886825 0.1808734 -0.01795874 126 96 50
-0.2979043 0.2136619 -0.05279664 74 46 35
-0.2938057 0.1982924 -0.02820519 136 107 61
-0.2825347 0.1921454 -0.03742698 193 171 121
-0.2968797 0.1921454 -0.0148848 143 108 62
-0.3142986 0.2146874 -0.02308197 96 58 20
-0.2804854 0.1921454 -0.0353777 133 107 63
-0.3173725 0.2177604 -0.02615589 132 96 46
-0.3061015 0.2198104 -0.04562413 79 45 19
-0.3214711 0.2228839 -0.02308197 43 24 12
-0.313274 0.2208344 -0.02513126 72 43 15
-0.3030275 0.2187854 -0.04050091 36 17 7
-0.2897072 0.2116134 -0.06201843 63 33 15
-0.2835593 0.1839474 -0.02000803 157 124 71
-0.2948304 0.1972684 -0.02513126 130 101 56
-0.3102001 0.2126374 -0.0189834 109 74 29
-0.3030275 0.2126374 -0.02820519 74 41 13
-0.3091754 0.2064894 -0.01386017 113 81 36
-0.2856086 0.1829234 -0.0169341 160 133 77
-0.2979043 0.2095644 -0.0353777 105 66 24
-0.2979043 0.1993174 -0.02513126 137 110 63
-0.2938057 0.2116134 -0.03845163 74 39 10
-0.2825347 0.2003419 -0.04664877 50 22 18
-0.3009783 0.2085384 -0.03025447 176 140 65
-0.3050768 0.2187854 -0.0353777 69 42 17
-0.313274 0.2157114 -0.0169341 92 56 18
-0.2989289 0.2054654 -0.02718054 144 112 55
-0.3030275 0.1993174 -0.0169341 141 112 64
-0.3296683 0.2259574 -0.02205733 84 49 23
-0.2886825 0.2075144 -0.04869806 145 109 55
-0.28151 0.1747264 -0.01795874 85 54 21
-0.2804854 0.2095644 -0.05074735 94 59 23
-0.2989289 0.2013664 -0.02513126 149 122 72
-0.04994049 0.2116134 -0.2372325 119 77 34
-0.1903167 0.1234939 -0.06611701 126 103 68
-0.1103945 0.04664486 -0.02922982 95 78 50
-0.2374503 0.1460359 -0.01590947 110 77 46
-0.06633482 0.004634357 -0.04459949 16 11 8
-0.1431831 0.06816236 -0.02615589 67 50 35
-0.06428552 0.2249334 -0.1429653 76 58 38
-0.2261792 0.1491094 -0.02718054 120 98 79
-0.1442077 0.07328536 -0.02820519 52 36 24
-0.07350731 0.001560857 -0.0917331 24 14 12
-0.02842299 0.2372294 -0.1972714 68 48 22
-0.06735945 0.2095644 -0.07021559 85 68 48
-0.07248269 0.2126374 -0.09993026 101 85 59
-0.1933906 0.1409124 -0.04459949 200 184 141
-0.08170447 0.1706274 -0.06816631 101 84 57
-0.1237149 0.07226136 -0.05279664 127 110 80
-0.06018695 0.2146874 -0.1757539 45 32 17
-0.1483063 0.07123636 -0.02513126 91 73 47
-0.1298627 0.1737014 -0.2341586 122 84 42
-0.1155177 0.05996536 -0.1819018 70 55 35
-0.06940875 0.009757357 -0.02308197 32 26 20
-0.131912 0.1398874 -0.1614089 111 81 53
-0.03866942 0.2372294 -0.1614089 50 38 24
-0.05198979 0.2198104 -0.05074735 69 47 25
-0.07145801 0.1952184 -0.07021559 61 44 26
-0.2364257 0.1798494 -0.06714166 128 103 64
-0.2261792 0.1993174 -0.1142753 47 29 17
-0.02227512 0.2392784 -0.2075179 32 22 14
-0.1144931 0.02717636 -0.2505529 53 41 26
-0.2456475 0.1624304 -0.02103267 110 86 53
-0.1933906 0.1439864 -0.04972271 192 173 127
-0.06223622 0.2146874 -0.05791987 83 67 45
-0.2722882 0.1900954 -0.04869806 184 165 116
-0.2118342 0.1368134 -0.05382129 222 210 167
-0.09502483 0.1152964 -0.2556761 85 66 43
-0.1185916 0.07738436 -0.1798525 81 61 38
-0.1124438 0.1808734 -0.2351833 69 41 21
-0.1073205 0.04664486 -0.1562857 34 26 18
-0.05506373 0.2136619 -0.1839511 43 29 16
-0.03457084 0.2228839 -0.2126411 145 118 46
-0.06838409 0.2095644 -0.1614089 85 67 44
-0.2425736 0.1634544 -0.02410661 98 73 42
-0.1862181 0.1767744 -0.1050535 144 117 72
-0.07248269 0.2116134 -0.1040288 88 72 49
-0.09604949 0.03639836 -0.05074735 75 59 37
-0.2712636 0.2064894 -0.05689522 75 40 11
-0.1657253 0.1839474 -0.1900989 68 29 9
-0.2179821 0.1357894 -0.01590947 167 152 127
-0.1042466 0.1173454 -0.01795874 24 18 15
-0.2722882 0.1870224 -0.03947627 137 109 66
-0.08990163 0.1183704 -0.2700211 125 99 61
-0.1718731 0.09480336 -0.02513126 143 111 56
-0.2159328 0.1829234 -0.0917331 155 133 95
-0.1083452 0.04254736 -0.1819018 45 36 27
-0.1124438 0.1429624 -0.2464543 60 43 30
-0.100148 0.02922636 -0.1603843 24 20 16
-0.1144931 0.05791636 -0.1819018 66 50 33
-0.03149691 0.2382534 -0.05279664 155 126 58
-0.05403909 0.1982924 -0.03640233 68 56 39
-0.2558939 0.1716514 -0.03640233 174 153 108
-0.06531015 0.2239094 -0.1419407 97 75 49
-0.1472817 0.1849724 -0.1849757 126 92 42
-0.2138835 0.1337404 -0.01795874 189 170 134
-0.03662014 0.2177604 -0.2413311 154 126 54
-0.07145801 0.1921454 -0.06714166 77 53 28
-0.1083452 0.1624304 -0.1193985 110 89 57
-0.06633482 0.1921454 -0.04869806 164 151 124
-0.1298627 0.07431136 -0.05074735 134 114 87
-0.1974892 0.1859964 -0.1511625 91 50 28
-0.1185916 0.07328536 -0.1788278 85 67 43
-0.09297556 0.1450104 -0.2710458 24 16 9
-0.09707412 0.04767036 -0.08865917 51 42 31
-0.1144931 0.09480336 -0.2239122 72 56 37
-0.1093698 0.08250736 -0.1398914 101 83 56
-0.06940875 0.2095644 -0.1603843 54 41 26
-0.05096516 0.2157114 -0.04562413 61 47 32
-0.2558939 0.1706274 -0.03230376 168 146 102
-0.08067984 0.1880464 -0.1921482 63 43 22
-0.1093698 0.04357136 -0.1778032 45 35 26
-0.1657253 0.1777999 -0.1347682 130 98 53
-0.1216656 0.1726764 -0.244405 70 43 18
-0.07658124 0.2044404 -0.1470639 110 91 59
-0.1308874 0.1706274 -0.1501378 121 85 57
-0.05608836 0.1952184 -0.0353777 66 51 27
-0.1083452 0.07738436 -0.051772 145 104 71
-0.1165424 0.1562824 -0.2218629 37 1 0
-0.09707412 0.009757357 -0.1532117 26 21 18
-0.02329977 0.2228839 -0.2526022 156 127 54
-0.1216656 0.06201536 -0.04767342 155 135 101
-0.1083452 0.1429624 -0.2167397 32 15 7
-0.103222 0.08148336 -0.1112013 40 32 24
-0.192366 0.1767744 -0.1163246 190 167 120
-0.2548693 0.1788244 -0.0589445 160 134 84
-0.1165424 0.04869436 -0.02410661 36 27 21
-0.07658124 0.1900954 -0.1931729 91 70 41
-0.1380599 0.1737014 -0.1573103 80 39 12
-0.1052713 0.1081234 -0.2372325 49 35 21
-0.09809876 0.1542324 -0.0937824 94 67 41
-0.1739224 0.1798494 -0.1439899 123 90 49
-0.2261792 0.1993174 -0.112226 89 66 40
-0.06940875 0.1439864 -0.03845163 18 14 9
-0.1759717 0.1501344 -0.07021559 213 205 188
-0.06018695 0.2167364 -0.0589445 80 63 44
-0.1616267 0.1665284 -0.155261 94 47 16
-0.1626513 0.08455736 -0.0333284 124 102 67
-0.2046617 0.1726764 -0.09685633 79 46 18
-0.1196163 0.07533536 -0.1993207 84 67 44
-0.1093698 0.009757357 -0.2454297 44 34 24
-0.1062959 0.06508936 -0.07124024 59 48 35
-0.09707412 0.1316904 -0.2567008 42 23 13
-0.06940875 0.007709357 -0.01590947 48 35 21
-0.1021973 0.08455736 -0.08456061 95 80 55
-0.07350731 0.2126374 -0.1234971 99 78 46
-0.02125047 0.2433764 -0.06201843 138 110 46
-0.178021 0.1808734 -0.1378421 118 85 46
-0.04379264 0.2392784 -0.1163246 61 50 40
-0.2343764 0.1511594 -0.02205733 115 86 53
-0.100148 0.1173454 -0.0773881 16 11 5
-0.0243244 0.2269824 -0.02820519 66 44 18
-0.1267888 0.1296414 -0.01283554 81 51 27
-0.2251546 0.1357894 -0.03127912 138 117 77
-0.1144931 0.1152964 -0.02922982 31 26 18
-0.07350731 0.005659357 -0.1204231 26 20 18
-0.1165424 0.1286174 -0.1685814 141 118 85
-0.163676 0.1470604 -0.140916 82 47 18
-0.09809876 0.04562036 -0.07636345 51 39 28
-0.05711302 0.2310804 -0.09480703 72 55 39
-0.1718731 0.07840936 -0.01590947 117 84 36
-0.1144931 0.1245184 -0.2310847 101 75 62
-0.1042466 0.02512836 -0.2023947 27 24 20
-0.1124438 0.1060754 -0.1952221 50 35 20
-0.02227512 0.2259574 -0.02718054 68 45 20
-0.09400019 0.1829234 -0.1091521 145 128 97
-0.2343764 0.1767744 -0.06304308 151 131 95
-0.04379264 0.2362044 -0.1542364 69 55 44
-0.1728978 0.1798494 -0.1419407 117 83 41
-0.1913414 0.1900954 -0.1511625 59 36 20
-0.09502483 0.1173454 -0.07943738 15 11 9
-0.1790456 0.1747264 -0.1081274 61 35 17
-0.1329367 0.1060754 -0.02718054 153 137 108
-0.1524049 0.08250736 -0.04562413 136 119 92
-0.09809876 0.1163214 -0.1030042 83 70 54
-0.2702389 0.1859964 -0.04050091 162 138 93
-0.1196163 0.07431136 -0.05791987 133 112 84
-0.100148 0.02512836 -0.1747293 39 31 24
-0.1687992 0.1460359 -0.1388667 120 88 42
-0.09912342 0.06201536 -0.1071028 77 61 42
-0.1687992 0.09582736 -0.02922982 145 114 71
-0.1114191 0.1829234 -0.2044439 125 103 71
-0.02944763 0.2382534 -0.05074735 155 125 55
-0.09809876 0.02717636 -0.1532117 28 24 22
-0.04789123 0.2177604 -0.0425502 75 59 41
-0.2251546 0.1993174 -0.1101767 97 64 27
-0.09502483 0.01078336 -0.1521871 26 15 13
-0.100148 0.07840936 -0.08660989 92 75 55
-0.1103945 0.1101734 -0.2269861 27 15 5
-0.2446228 0.1737014 -0.04869806 168 148 106
-0.05096516 0.1972684 -0.03127912 65 50 28
-0.2190067 0.1316904 -0.0333284 208 196 158
-0.2251546 0.1306664 -0.02103267 220 207 168
-0.2579432 0.2075144 -0.07841273 67 42 20
-0.1226902 0.1521834 -0.1819018 75 42 18
-0.1134684 0.05381736 -0.1757539 46 36 22
-0.103222 0.1573064 -0.2669472 38 21 9
-0.06735945 -0.0004886432 -0.07328952 18 13 9
-0.08887696 0.01897936 -0.1388667 27 22 18
-0.2046617 0.1296414 -0.05996915 144 112 63
-0.06838409 0.2044404 -0.07636345 76 63 44
-0.100148 0.04357136 -0.04767342 44 36 23
-0.07350731 0.1870224 -0.05996915 73 55 32
-0.1862181 0.1532084 -0.06509236 164 144 98
-0.1513802 0.1644794 -0.1183739 122 94 62
-0.1595774 0.1614054 -0.1081274 115 90 59
-0.06326089 0.2228839 -0.09070847 93 72 49
-0.1165424 0.1706274 -0.2536268 95 62 32
-0.02842299 0.2331304 -0.2023947 112 82 31
-0.2476968 0.1696024 -0.04664877 201 183 135
-0.09502483 0.1398874 -0.2679719 39 21 11
-0.07760589 0.02205336 -0.07021559 19 15 12
-0.09707412 0.08763136 -0.2710458 116 84 35
-0.1134684 0.03537436 -0.2536268 63 50 36
-0.1226902 0.1511594 -0.1767786 78 46 23
-0.1103945 0.05484236 -0.04357484 49 36 19
-0.03969407 0.2044404 -0.02922982 69 54 31
-0.1021973 0.1839474 -0.1962468 100 76 52
-0.1278134 0.05074336 -0.0189834 23 16 11
-0.1083452 0.1757504 -0.1808771 49 22 8
-0.09604949 0.006684357 -0.1860003 36 29 25
-0.09604949 0.02615236 -0.1634582 31 27 23
-0.2435982 0.2034154 -0.0917331 64 40 19
-0.05403909 0.2290324 -0.0753388 139 111 47
-0.1380599 0.1829234 -0.2023947 77 41 20
-0.1964646 0.1696024 -0.08353596 50 23 9
-0.1944153 0.1859964 -0.1214478 74 42 13
-0.08990163 0.1316904 -0.0169341 21 13 7
-0.1103945 0.1388634 -0.1911236 71 35 9
-0.1810949 0.1040254 -0.02308197 158 135 95
-0.2220807 0.1737014 -0.08353596 118 86 49
-0.192366 0.1921454 -0.1562857 45 25 16
-0.08682769 0.02307836 -0.1183739 33 27 23
-0.1155177 0.1818974 -0.23006 76 39 15
-0.1011727 0.05586736 -0.08558524 72 60 44
-0.221056 0.1900954 -0.1214478 135 103 59
-0.04379264 0.1870224 -0.0169341 51 39 23
-0.1011727 0.1880464 -0.2218629 62 35 17
-0.08375377 0.1941934 -0.1101767 99 83 57
-0.05711302 0.2034154 -0.2075179 43 25 6
-0.1821196 0.1818974 -0.1378421 124 91 49
-0.1452324 0.1767744 -0.215715 92 57 36
-0.2333518 0.2013664 -0.1071028 44 28 17
-0.03047227 0.1952184 -0.01386017 60 49 33
-0.1073205 0.1532084 -0.1132506 181 158 127
-0.03969407 0.2116134 -0.0333284 77 62 44
-0.1575281 0.1070994 -0.03127912 114 88 59
-0.1339613 0.1296414 -0.155261 176 151 104
-0.1677746 0.1347644 -0.1388667 101 65 28
-0.09707412 0.1491094 -0.2679719 34 19 9
-0.1073205 0.1665284 -0.2669472 102 78 57
-0.09809876 0.05586736 -0.1163246 69 55 39
-0.1093698 0.01385636 -0.2536268 69 55 37
-0.09912342 0.1388634 -0.261824 25 14 8
-0.09809876 0.002585357 -0.1491132 23 18 13
-0.1841688 0.08353236 -0.01283554 136 98 35
-0.1185916 0.08250736 -0.1849757 113 90 59
-0.06838409 0.1972684 -0.2136657 47 34 23
-0.02125047 0.2464514 -0.1316942 34 29 21
-0.2733129 0.1777999 -0.0148848 155 126 75
-0.103222 0.1880464 -0.218789 56 31 18
-0.1862181 0.1491094 -0.06201843 221 204 147
-0.1144931 0.1316904 -0.2351833 44 27 13
-0.08272909 0.1306664 -0.051772 41 26 15
-0.1421584 0.1788244 -0.1644828 90 49 16
-0.1278134 0.07943436 -0.05382129 98 47 15
-0.09912342 -0.0004886432 -0.2064932 50 43 39
-0.1052713 0.03537436 -0.1839511 37 29 25
-0.09809876 0.1245184 -0.2515776 59 41 22
-0.103222 0.08968036 -0.2607993 76 58 40
-0.06838409 0.0005363568 -0.07124024 22 18 15
-0.1124438 0.1357894 -0.2362079 41 23 10
-0.2036371 0.1829234 -0.1306696 115 81 38
-0.06326089 0.2249334 -0.1101767 133 104 47
-0.06223622 0.2044404 -0.2505529 37 26 19
-0.07863054 0.1849724 -0.1849757 28 20 11
-0.2692143 0.1993174 -0.05382129 127 97 50
-0.04379264 0.2290324 -0.17268 99 83 58
-0.2159328 0.1962434 -0.1193985 112 84 50
-0.04789123 0.2126374 -0.04152556 86 71 49
-0.1062959 0.002585357 -0.218789 31 20 5
-0.1370352 0.1644794 -0.1275956 159 138 92
-0.2743375 0.2105884 -0.07431417 71 42 20
-0.09809876 0.1798494 -0.1009549 124 105 67
-0.08477839 0.1829234 -0.09275775 147 137 124
-0.1544542 0.1614054 -0.1603843 80 36 20
-0.2476968 0.1880464 -0.07328952 193 175 130
-0.1134684 0.08455736 -0.2423558 37 28 18
-0.2538446 0.2003419 -0.09890561 49 30 21
-0.1134684 0.03230036 -0.2515776 53 41 27
-0.1124438 0.1050494 -0.1368175 111 86 52
-0.1134684 0.02000536 -0.2413311 36 28 20
-0.06838409 0.2054654 -0.07124024 78 63 42
-0.1421584 0.1644794 -0.2105918 129 85 33
-0.09707412 0.1859964 -0.2003454 61 41 24
-0.09912342 0.1634544 -0.09788097 83 66 37
-0.1851935 0.1716514 -0.09788097 79 51 27
-0.1144931 0.1357894 -0.2362079 43 18 8
-0.09912342 0.05176836 -0.08558524 45 35 23
-0.1585528 0.1757504 -0.2167397 83 46 20
-0.04174335 0.2116134 -0.2526022 95 72 26
-0.2046617 0.1306664 -0.05484593 211 191 148
-0.1995385 0.1788244 -0.1112013 155 130 85
-0.1421584 0.1665284 -0.2146904 62 27 11
-0.1073205 0.06303936 -0.2710458 90 65 35
-0.08375377 0.02717636 -0.05996915 15 11 7
-0.1042466 0.06303936 -0.08353596 63 51 40
-0.1144931 0.1163214 -0.1655075 102 78 47
-0.07555661 0.02102936 -0.07431417 23 19 15
-0.03457084 0.2126374 -0.03025447 48 37 24
-0.0243244 0.2146874 -0.02205733 67 42 24
-0.2056864 0.1931694 -0.1327189 83 58 33
-0.01817654 0.2351794 -0.0333284 127 97 39
-0.2169574 0.1757504 -0.08148666 163 143 107
-0.02125047 0.2464514 -0.1542364 43 36 26
-0.09707412 0.1747264 -0.1019795 124 100 61
-0.02227512 0.2464514 -0.09480703 46 37 22
-0.05403909 0.1900954 -0.02820519 84 71 52
-0.1524049 0.1091484 -0.02820519 122 108 79
-0.117567 0.08045836 -0.1737046 144 121 88
-0.07555661 0.009757357 -0.1173492 32 25 21
-0.2087603 0.1767744 -0.0917331 128 104 69
-0.1278134 0.1634544 -0.1982961 66 37 15
-0.117567 0.06406336 -0.2269861 75 60 41
-0.1021973 0.1880464 -0.2146904 39 25 17
-0.1114191 0.09992636 -0.140916 98 76 45
-0.05916229 -0.002537643 -0.02308197 20 10 4
-0.2026124 0.1265674 -0.05587057 191 167 118
-0.1165424 0.07021236 -0.2351833 22 13 8
-0.08580303 0.1941934 -0.1255464 95 77 48
-0.02329977 0.2444014 -0.1737046 93 77 51
-0.2394996 0.2003419 -0.08865917 93 61 26
-0.2589678 0.1952184 -0.06201843 117 83 38
-0.06940875 0.2023914 -0.07021559 106 93 70
-0.07248269 0.2013664 -0.0937824 79 59 35
-0.07453194 0.1644794 -0.0425502 12 8 5
-0.2497461 0.2003419 -0.07431417 76 43 13
-0.1298627 0.1665284 -0.1378421 105 78 37
-0.1298627 0.1450104 -0.1614089 75 39 20
-0.08477839 0.02717636 -0.05587057 13 9 5
-0.03866942 0.2300564 -0.1819018 100 80 49
-0.09502483 0.1245184 -0.2607993 56 40 25
-0.1062959 0.07533536 -0.05484593 21 18 10
-0.09912342 0.004634357 -0.2054686 39 33 29
-0.1124438 0.01795536 -0.2495283 50 38 23
-0.206711 0.1296414 -0.05484593 161 126 58
-0.1073205 0.08660636 -0.2546515 62 49 33
-0.07760589 0.1982924 -0.2321093 40 26 19
-0.1185916 0.05279336 -0.02922982 84 72 53
-0.08785233 0.1275914 -0.2730951 57 39 22
-0.1062959 0.1747264 -0.1798525 54 25 10
-0.1995385 0.1685779 -0.08046203 84 57 16
-0.1821196 0.1880464 -0.1685814 48 22 10
-0.134986 0.1675534 -0.1388667 93 56 26
-0.1267888 0.1542324 -0.1152999 124 107 88
-0.09400019 0.1327154 -0.0148848 18 11 6
-0.146257 0.1275914 -0.1337435 174 148 95
-0.06223622 0.2280074 -0.1255464 148 121 61
-0.1821196 0.1368134 -0.0917331 133 108 72
-0.09400019 0.1296414 -0.2669472 74 53 33
-0.1134684 0.06816236 -0.1562857 63 48 29
-0.1185916 0.06918736 -0.1808771 103 84 57
-0.05096516 0.2331304 -0.08046203 146 118 55
-0.1267888 0.1204194 -0.1337435 87 70 46
-0.1114191 0.1562824 -0.2567008 50 37 24
-0.1667499 0.08148336 -0.02308197 112 86 56
-0.1442077 0.1777999 -0.215715 111 65 29
-0.1933906 0.1511594 -0.05689522 195 180 138
-0.2108096 0.1655044 -0.06509236 82 55 27
-0.2702389 0.1798494 -0.02103267 111 77 37
-0.02944763 0.1993174 -0.0148848 23 15 9
-0.1093698 0.1593554 -0.1183739 158 140 97
-0.04994049 0.2085384 -0.2485036 14 8 4
-0.235401 0.1911199 -0.09685633 132 95 41
-0.06121159 0.001560857 -0.03025447 18 15 11
-0.04174335 0.2362044 -0.07124024 146 117 50
-0.02125047 0.2444014 -0.187025 126 103 66
-0.1083452 0.1347644 -0.2485036 44 25 11
-0.1083452 0.05279336 -0.04050091 98 83 58
-0.1114191 0.1665284 -0.2607993 112 89 60
-0.2733129 0.1931694 -0.04972271 183 163 115
-0.1155177 0.07943436 -0.2413311 59 46 33
-0.1103945 0.01590636 -0.2269861 31 23 16
-0.2282285 0.1388634 -0.02820519 138 105 52
-0.0243244 0.2444014 -0.1511625 43 36 28
-0.06633482 -0.002537643 -0.07943738 23 16 13
-0.1892921 0.1480854 -0.05791987 214 197 143
-0.1718731 0.1859964 -0.1819018 69 34 16
-0.100148 0.1234939 -0.08251131 24 15 10
-0.07043339 0.1952184 -0.2105918 95 71 38
-0.1165424 0.1696024 -0.1655075 65 33 15
-0.1237149 0.1470604 -0.2321093 179 145 75
-0.2415489 0.1583314 -0.02205733 142 115 73
-0.09809876 0.03947236 -0.1347682 26 21 15
-0.235401 0.1706274 -0.05996915 182 158 110
-0.08272909 0.02820136 -0.06406773 25 21 15
-0.1134684 0.1009514 -0.1675568 47 33 21
-0.08990163 0.02512836 -0.02718054 81 65 44
-0.1073205 0.1204194 -0.1849757 70 42 24
-0.2138835 0.1665284 -0.06201843 58 32 15
-0.1124438 0.04562036 -0.2587501 39 28 15
-0.09604949 0.1193954 -0.2556761 84 69 48
-0.04379264 0.2392784 -0.1204231 69 57 44
-0.1134684 0.03742336 -0.218789 124 107 88
-0.09297556 0.1747264 -0.1439899 113 90 54
-0.1810949 0.1501344 -0.06919094 186 168 117
-0.2077357 0.1941934 -0.1368175 50 32 24
-0.1278134 0.1183704 -0.0189834 10 8 5
-0.1134684 0.1009514 -0.03025447 129 116 93
-0.05301443 0.2023914 -0.2689965 28 15 9
-0.1155177 0.1152964 -0.1491132 77 55 29
-0.1083452 0.1532084 -0.2577254 57 37 26
-0.1575281 0.1808734 -0.20137 74 31 9
-0.07248269 0.2003419 -0.2321093 36 23 17
-0.1083452 0.09070436 -0.1357928 87 69 44
-0.1144931 0.03537436 -0.247479 55 43 30
-0.06326089 0.002585357 -0.02000803 20 15 11
-0.06838409 0.1993174 -0.2679719 45 28 20
-0.1185916 0.06816236 -0.2023947 37 26 15
-0.05198979 0.2290324 -0.06919094 150 121 53
-0.08785233 0.1818974 -0.1439899 99 78 47
-0.2446228 0.2034154 -0.08763454 109 76 34
-0.07863054 0.2023914 -0.1132506 111 90 58
-0.1687992 0.1747264 -0.1183739 60 31 10
-0.1821196 0.1880464 -0.1644828 47 23 13
-0.1103945 0.1050494 -0.23006 46 34 20
-0.2108096 0.1316904 -0.0169341 185 161 120
-0.06633482 0.1808734 -0.03845163 49 40 28
-0.2015878 0.1306664 -0.03025447 115 85 47
-0.149331 0.1624304 -0.1675568 92 50 15
-0.2589678 0.1818974 -0.05587057 184 163 119
-0.1083452 0.1050494 -0.2280107 57 43 31
-0.1093698 0.02102936 -0.2198136 47 39 29
-0.1144931 0.08865536 -0.1542364 49 33 11
-0.2702389 0.1818974 -0.04357484 168 145 96
-0.1155177 0.03434936 -0.2423558 71 59 45
-0.09502483 0.006684357 -0.1767786 37 29 25
-0.09604949 0.1788244 -0.1050535 76 54 25
-0.07658124 0.1982924 -0.2290354 35 20 14
-0.08272909 0.1511594 -0.05791987 33 24 15
-0.1995385 0.1675534 -0.0773881 98 71 39
-0.09195089 0.1777999 -0.1398914 98 76 45
-0.09092626 0.1655044 -0.08148666 115 94 58
-0.08477839 0.1388634 -0.05791987 127 108 79
-0.1534295 0.1624304 -0.1081274 188 170 124
-0.1913414 0.1521834 -0.05382129 173 158 118
-0.1739224 0.1562824 -0.07943738 168 153 111
-0.1288381 0.06713836 -0.04459949 114 97 70
-0.09707412 0.04152136 -0.07226487 40 31 26
-0.2036371 0.1757504 -0.1030042 165 142 97
-0.100148 0.1173454 -0.244405 85 66 44
-0.09809876 0.02102936 -0.1798525 27 22 18
-0.1124438 0.1173454 -0.169606 78 56 33
-0.07863054 0.01078336 -0.08763454 20 15 11
-0.1411338 0.05996536 -0.02000803 26 18 13
-0.03969407 0.2413284 -0.1204231 48 40 32
-0.1042466 0.1870224 -0.215715 43 27 17
-0.1021973 0.07021236 -0.112226 67 55 45
-0.02227512 0.2464514 -0.1245217 81 70 53
-0.1144931 0.1573064 -0.1952221 52 20 0
-0.2036371 0.1614054 -0.06714166 154 129 84
-0.1698238 0.1859964 -0.1808771 61 31 15
-0.1308874 0.1777999 -0.17268 95 48 12
-0.06223622 0.1859964 -0.04357484 35 23 5
-0.1708485 0.1552579 -0.08353596 204 197 161
-0.01920119 0.2321064 -0.03025447 111 78 27
-0.1144931 0.1316904 -0.1716553 77 42 14
-0.09400019 0.1224684 -0.2577254 58 42 23
-0.2681896 0.1788244 -0.04050091 114 86 48
-0.2323271 0.1685779 -0.05996915 187 166 119
-0.1114191 0.04971936 -0.2597747 42 29 14
-0.08170447 0.02615236 -0.06406773 17 13 11
-0.1124438 0.02922636 -0.2228875 39 30 23
-0.1155177 0.08045836 -0.2341586 71 56 36
-0.1165424 0.09992636 -0.2136657 107 91 70
-0.09707412 0.1757504 -0.1040288 61 40 14
-0.2374503 0.2013664 -0.09480703 99 69 33
-0.07350731 0.2136619 -0.1245217 111 86 50
-0.1339613 0.1777999 -0.1706307 82 40 8
-0.07043339 0.1993174 -0.06509236 113 86 54
-0.2722882 0.2105884 -0.07636345 72 42 19
-0.1800703 0.1501344 -0.06816631 184 171 135
-0.08477839 0.1849724 -0.1491132 68 49 26
-0.146257 0.09172936 -0.0333284 124 108 78
-0.1585528 0.1737014 -0.1880496 107 46 0
-0.1503556 0.1726764 -0.2023947 98 50 16
-0.1431831 0.05689236 -0.0148848 64 39 18
-0.103222 0.1163214 -0.2362079 31 19 10
-0.1155177 0.04049736 -0.2403065 34 28 22
-0.09912342 0.03127536 -0.1480885 15 11 8
-0.08990163 0.03639836 -0.09993026 33 25 19
-0.103222 0.06508936 -0.1255464 107 89 62
-0.09604949 0.03434936 -0.1275956 42 33 27
-0.06940875 0.1941934 -0.1993207 61 43 21
-0.03969407 0.2403024 -0.0917331 79 60 41
-0.1052713 0.1255424 -0.215715 38 19 8
-0.1083452 0.04152136 -0.2689965 50 35 21
-0.1503556 0.1726764 -0.1388667 122 91 53
-0.1083452 0.09377936 -0.2423558 59 46 30
-0.09400019 0.1019764 -0.2720704 95 65 28
-0.1534295 0.1839474 -0.1962468 81 43 24
-0.1042466 0.1173454 -0.0333284 13 9 5
-0.1851935 0.1767744 -0.1183739 193 171 112
-0.2661404 0.1747264 -0.0353777 176 151 95
-0.2118342 0.1859964 -0.1183739 180 145 78
-0.1667499 0.1501344 -0.1316942 130 92 40
-0.221056 0.1521834 -0.06304308 191 168 110
-0.1155177 0.09480336 -0.1819018 55 38 21
-0.04071871 0.2157114 -0.23006 136 109 50
-0.2046617 0.1419374 -0.07636345 132 103 65
-0.09707412 0.03639836 -0.03947627 21 11 2
-0.160602 0.09992636 -0.0333284 153 124 82
-0.1288381 0.1255424 -0.1450146 102 79 49
-0.05301443 0.2341554 -0.09583168 55 43 34
-0.09502483 -0.0004886432 -0.1665321 46 38 33
-0.03559549 0.2392784 -0.06304308 148 118 49
-0.05096516 0.2321064 -0.1521871 39 34 27
-0.09502483 0.01488086 -0.1439899 49 23 11
-0.08375377 0.1767744 -0.08558524 109 86 52
-0.1442077 0.1706274 -0.2290354 110 71 34
-0.09604949 0.1706274 -0.1542364 128 105 67
-0.1626513 0.1532084 -0.08660989 202 194 186
-0.1237149 0.07840936 -0.04972271 119 85 59
-0.1524049 0.1552579 -0.155261 119 80 43
-0.08067984 0.02410286 -0.05279664 52 42 27
-0.1800703 0.1603814 -0.1193985 184 155 88
-0.03662014 0.2362044 -0.1716553 64 50 32
-0.1677746 0.1470604 -0.1347682 143 113 59
-0.1052713 0.04152136 -0.1685814 27 20 15
-0.1698238 0.1593554 -0.1337435 122 84 39
-0.2681896 0.2034154 -0.07226487 143 114 57
-0.1021973 0.02615236 -0.1931729 36 28 27
-0.08785233 0.03230036 -0.1019795 33 23 19
-0.07555661 0.2064894 -0.1388667 96 78 50
-0.1165424 0.08865536 -0.1716553 63 45 26
-0.06735945 0.2054654 -0.2341586 138 121 84
-0.2231053 0.1470604 -0.04459949 151 125 72
-0.2026124 0.1552579 -0.0589445 100 67 38
-0.149331 0.1839474 -0.1972714 80 40 17
-0.2343764 0.1962434 -0.08865917 78 44 13
-0.1185916 0.09070436 -0.1860003 98 80 55
-0.1206409 0.07738436 -0.05382129 90 44 17
-0.2599925 0.1562824 -0.01283554 208 187 127
-0.178021 0.1757504 -0.1286203 129 91 42
-0.2610171 0.2023914 -0.08456061 94 62 22
-0.1052713 0.1275914 -0.2075179 46 23 11
-0.100148 0.06099036 -0.09993026 67 54 38
-0.1103945 0.09070436 -0.2413311 55 43 28
-0.1616267 0.09582736 -0.0333284 108 85 53
-0.1062959 0.09480336 -0.07841273 65 52 37
-0.06531015 0.2126374 -0.06919094 84 65 43
-0.1114191 0.1286174 -0.1142753 40 26 15
-0.2272039 0.1962434 -0.09890561 100 67 29
-0.07350731 0.1921454 -0.07431417 80 65 41
-0.2046617 0.1521834 -0.051772 84 51 32
-0.09502483 0.08250736 -0.03025447 15 5 2
-0.1042466 0.1655044 -0.140916 88 63 31
-0.04174335 0.2116134 -0.2710458 75 57 47
-0.1759717 0.1122224 -0.0189834 160 132 72
-0.1913414 0.1573064 -0.1019795 202 179 114
-0.2190067 0.1849724 -0.09993026 185 162 115
-0.05506373 0.2331304 -0.140916 50 39 29
-0.209785 0.1214444 -0.02410661 167 143 89
-0.09400019 0.03742336 -0.06509236 17 11 7
-0.09809876 0.04869436 -0.1234971 67 54 38
-0.09809876 0.1839474 -0.2577254 79 55 32
-0.1442077 0.1542324 -0.1593596 85 40 16
-0.06121159 0.2177604 -0.06714166 60 41 21
-0.1083452 0.04152136 -0.2730951 50 33 17
-0.02842299 0.2403024 -0.1829264 94 76 46
-0.2446228 0.1644794 -0.02410661 106 80 39
-0.09400019 0.1193954 -0.07021559 21 16 13
-0.1831442 0.1798494 -0.1173492 141 115 71
-0.08477839 0.1737014 -0.07328952 13 10 5
-0.1062959 0.1665284 -0.1296449 136 117 81
-0.08785233 0.1859964 -0.1941975 95 78 55
-0.1380599 0.1573064 -0.1112013 148 124 95
-0.1247395 0.1573064 -0.2433804 61 22 8
-0.1083452 0.02922636 -0.2126411 37 29 25
-0.2149082 0.1870224 -0.1316942 80 49 36
-0.192366 0.09480336 -0.0148848 151 120 58
-0.1196163 0.07738436 -0.1880496 90 71 46
-0.04994049 0.2351794 -0.09275775 52 38 28
-0.1308874 0.09377936 -0.03435305 116 101 80
-0.1196163 0.1798494 -0.2310847 87 48 19
-0.05506373 0.2269824 -0.1562857 33 27 22
-0.09400019 0.01693036 -0.1419407 39 24 15
-0.06735945 0.2126374 -0.08660989 70 54 35
-0.1011727 0.09787736 -0.2526022 45 33 20
-0.042768 0.2392784 -0.1071028 37 31 27
-0.1831442 0.1798494 -0.1163246 141 116 75
-0.09400019 0.1716514 -0.09583168 95 74 40
-0.1769963 0.1798494 -0.1275956 144 117 72
-0.1728978 0.1798494 -0.187025 66 31 10
-0.1196163 0.1614054 -0.1347682 136 114 74
-0.131912 0.1624304 -0.1224724 147 130 101
-0.1401091 0.1573064 -0.1091521 131 115 83
-0.1749471 0.1491094 -0.1152999 124 89 47
-0.1503556 0.1552579 -0.1532117 78 36 13
-0.2261792 0.1644794 -0.05074735 155 126 76
-0.2364257 0.1767744 -0.07431417 183 162 112
-0.1144931 0.08865536 -0.23006 75 56 33
-0.1165424 0.05381736 -0.2372325 62 49 32
-0.09912342 0.02922636 -0.169606 26 21 16
-0.1810949 0.1091484 -0.03025447 138 118 88
-0.1298627 0.05484236 -0.02410661 41 33 24
-0.08170447 0.1398874 -0.03025447 5 4 2
-0.05506373 0.2075144 -0.244405 40 28 16
-0.07863054 0.02000536 -0.0773881 17 13 11
-0.2610171 0.1716514 -0.02615589 162 138 93
-0.1831442 0.1583314 -0.08046203 71 42 28
-0.103222 0.06099036 -0.08558524 88 72 47
-0.05403909 0.2300564 -0.08148666 139 108 53
-0.1021973 0.1306664 -0.0917331 23 16 11
-0.1124438 0.1603814 -0.1163246 138 116 77
-0.08682769 0.1378384 -0.05791987 129 111 84
-0.09604949 0.1829234 -0.1112013 140 118 76
-0.08067984 0.01693036 -0.0189834 37 26 13
-0.2190067 0.1829234 -0.09583168 192 174 130
-0.1892921 0.09070436 -0.0148848 163 135 86
-0.1165424 0.03844836 -0.2351833 66 54 40
-0.209785 0.1849724 -0.112226 142 116 78
-0.1585528 0.06611336 -0.0148848 108 78 30
-0.1790456 0.1737014 -0.1501378 139 94 38
-0.103222 0.02820136 -0.187025 26 21 16
-0.2108096 0.1347644 -0.0609938 171 142 69
-0.08682769 0.1880464 -0.1071028 96 76 48
-0.1226902 0.1552579 -0.2167397 102 85 64
-0.1421584 0.1839474 -0.1900989 117 79 33
-0.09707412 0.1501344 -0.08046203 63 49 33
-0.1657253 0.1614054 -0.1030042 86 55 37
-0.238475 0.1757504 -0.05587057 156 137 97
-0.131912 0.1716514 -0.2392818 96 65 32
-0.2015878 0.1726764 -0.08558524 160 139 98
-0.1575281 0.1655044 -0.1173492 70 39 21
-0.1052713 0.07943436 -0.03742698 108 92 67
-0.178021 0.1265674 -0.09890561 165 145 105
-0.2733129 0.2044404 -0.06714166 155 120 60
-0.2149082 0.1849724 -0.09480703 143 121 82
-0.06735945 0.2034154 -0.2505529 38 25 18
-0.09297556 0.1152964 -0.2638733 57 47 37
-0.2425736 0.1962434 -0.1060781 74 48 33
-0.05301443 0.2351794 -0.1388667 37 29 22
-0.1083452 0.09685336 -0.1327189 88 68 45
-0.08990163 0.1368134 -0.01590947 17 10 3
-0.04174335 0.2372294 -0.08046203 128 98 48
-0.1083452 0.1818974 -0.1972714 103 72 37
-0.0263737 0.2444014 -0.1101767 40 33 25
-0.2466721 0.1952184 -0.07124024 161 134 76
-0.09092626 0.1193954 -0.08660989 39 30 20
-0.1575281 0.1849724 -0.1921482 72 37 18
-0.2190067 0.1511594 -0.03742698 98 65 39
-0.07145801 0.1788244 -0.04972271 27 20 9
-0.2179821 0.1716514 -0.07124024 125 100 66
-0.1657253 0.1521834 -0.08046203 168 160 147
-0.2220807 0.1511594 -0.05791987 217 200 142
-0.1390845 0.05689236 -0.0169341 60 45 30
-0.2774114 0.2054654 -0.06304308 161 128 63
-0.1247395 0.1265674 -0.1511625 147 123 85
-0.1062959 0.07943436 -0.1286203 74 60 41
-0.08785233 0.01795536 -0.1255464 23 18 14
-0.1124438 0.07943436 -0.1511625 80 62 44
-0.1073205 0.08045836 -0.2700211 74 53 27
-0.209785 0.1388634 -0.06816631 118 84 42
-0.05096516 0.2362044 -0.1245217 93 67 38
-0.07350731 0.2126374 -0.1439899 77 60 34
-0.2774114 0.1859964 -0.02615589 132 99 60
-0.09809876 0.1685779 -0.1480885 125 103 66
-0.1062959 0.1624304 -0.112226 129 109 71
-0.1903167 0.1409124 -0.0937824 105 72 45
-0.1124438 0.1665284 -0.155261 114 83 37
-0.1206409 0.1767744 -0.1819018 84 42 6
-0.07863054 0.1255424 -0.04152556 120 102 80
-0.1257642 0.09377936 -0.08046203 101 57 15
-0.1821196 0.1470604 -0.1091521 120 85 49
-0.09604949 0.01180736 -0.1849757 33 24 20
-0.1821196 0.1757504 -0.1501378 123 79 43
-0.2640911 0.2023914 -0.07841273 105 73 33
-0.1185916 0.07226136 -0.2228875 61 48 31
-0.1093698 0.02102936 -0.2679719 126 93 45
-0.1134684 0.05894036 -0.1644828 101 85 63
-0.131912 0.09070436 -0.06919094 47 37 27
-0.03354619 0.2157114 -0.2587501 154 123 52
-0.04891586 0.2310804 -0.06919094 147 119 50
-0.2538446 0.2064894 -0.0937824 58 32 16
-0.1042466 0.1655044 -0.1398914 140 115 73
-0.2569186 0.1716514 -0.0189834 131 103 63
-0.1134684 0.1265674 -0.1685814 101 75 46
-0.134986 0.1696024 -0.2382572 109 79 45
-0.09707412 0.1327154 -0.07636345 41 35 22
-0.1554788 0.1152964 -0.02205733 131 112 88
-0.09809876 0.1163214 -0.04152556 60 49 31
-0.1595774 0.07943436 -0.02922982 160 140 100
-0.1103945 0.1101734 -0.1921482 54 27 6
-0.06223622 0.2280074 -0.1347682 124 95 42
-0.08375377 0.1921454 -0.1071028 95 76 50
-0.2149082 0.1870224 -0.1193985 129 93 46
-0.07453194 0.01795536 -0.0609938 28 22 16
-0.1134684 0.03844836 -0.218789 33 26 18
-0.209785 0.1665284 -0.08456061 104 72 32
-0.1677746 0.08558136 -0.02513126 115 85 51
-0.1155177 0.03844836 -0.2433804 41 31 22
-0.08170447 0.01488086 -0.1040288 26 18 15
-0.04071871 0.2167364 -0.2198136 156 127 56
-0.1185916 0.1757504 -0.2403065 70 41 21
-0.09604949 0.1829234 -0.1030042 143 121 78
-0.04584193 0.2351794 -0.07841273 134 105 44
-0.1698238 0.1777999 -0.1368175 130 101 58
-0.05198979 0.2157114 -0.1839511 44 30 16
-0.1185916 0.07738436 -0.05689522 82 55 30
-0.2251546 0.1327154 -0.02000803 193 176 144
-0.1206409 0.1245184 -0.1521871 117 88 46
-0.1083452 0.05996536 -0.2700211 101 76 41
-0.05711302 0.2310804 -0.1132506 111 82 39
-0.1872428 0.1419374 -0.09685633 113 79 50
-0.1073205 0.01078336 -0.2198136 27 21 16
-0.1647006 0.1675534 -0.1368175 104 69 36
-0.09707412 0.1142714 -0.2607993 55 35 18
-0.117567 0.09480336 -0.2003454 67 52 33
-0.117567 0.04254736 -0.2310847 99 85 65
-0.2302778 0.2003419 -0.1152999 54 32 18
-0.1524049 0.1552579 -0.09275775 83 60 30
-0.1851935 0.1788244 -0.1112013 153 128 86
-0.1124438 0.1142714 -0.2136657 41 26 14
-0.1749471 0.1818974 -0.1839511 97 54 30
-0.07965517 0.1593554 -0.02308197 1 1 1
-0.103222 0.09890236 -0.2495283 41 30 21
-0.06940875 0.2116134 -0.08763454 107 87 62
-0.1206409 0.1593554 -0.1900989 148 114 62
-0.1862181 0.1101734 -0.08251131 127 111 85
-0.2118342 0.1368134 -0.05791987 188 164 114
-0.03149691 0.2403024 -0.1634582 48 40 28
-0.01920119 0.2249334 -0.2567008 135 99 37
-0.1083452 0.1296414 -0.2218629 40 29 20
-0.1196163 0.07635936 -0.218789 69 55 36
-0.235401 0.1829234 -0.07943738 166 142 101
-0.1062959 0.1306664 -0.1993207 44 20 10
-0.1062959 0.09685336 -0.1183739 47 36 23
-0.08375377 0.1880464 -0.1941975 68 51 31
-0.07145801 0.1911199 -0.1849757 43 29 16
-0.01817654 0.2454259 -0.05689522 179 151 105
-0.09912342 0.1870224 -0.2054686 67 48 32
-0.02227512 0.2454259 -0.08046203 45 32 21
-0.163676 0.1665284 -0.112226 75 48 29
-0.1370352 0.1726764 -0.233134 117 77 36
-0.06428552 0.1798494 -0.02410661 41 33 21
-0.1226902 0.1460359 -0.2095672 161 122 39
-0.1903167 0.1439864 -0.09480703 82 49 18
-0.1216656 0.1275914 -0.1501378 78 47 23
-0.2190067 0.1808734 -0.0937824 183 163 126
-0.1196163 0.07328536 -0.1839511 89 71 44
-0.05916229 0.2095644 -0.1808771 19 12 6
-0.1124438 0.1091484 -0.1521871 60 39 15
-0.09400019 0.03332536 -0.0333284 34 24 14
-0.07658124 0.1921454 -0.2044439 94 69 35
-0.1103945 0.04869436 -0.03127912 90 77 59
-0.04789123 0.2331304 -0.06816631 148 119 55
-0.07863054 0.0005363568 -0.1286203 39 34 32
-0.07248269 0.1921454 -0.07021559 74 56 32
-0.235401 0.1941934 -0.08251131 131 100 49
-0.1954399 0.1880464 -0.1337435 133 102 63
-0.05711302 0.2310804 -0.1112013 149 117 62
-0.09092626 0.1818974 -0.187025 55 38 23
-0.1042466 0.1419374 -0.2607993 22 15 3
-0.06121159 0.2269824 -0.09890561 40 27 18
-0.09809876 0.08148336 -0.04972271 101 88 72
-0.149331 0.1491094 -0.1501378 118 85 50
-0.1134684 0.1583314 -0.2034193 31 11 3
-0.2640911 0.2013664 -0.07431417 155 122 67
-0.1144931 0.09275436 -0.1716553 74 55 32
-0.05403909 0.2126374 -0.1880496 76 55 30
-0.1196163 0.08763136 -0.1952221 90 70 46
-0.2579432 0.1737014 -0.03742698 182 159 109
-0.103222 0.06303936 -0.08968382 84 70 54
-0.09297556 0.1849724 -0.1941975 89 67 50
-0.08785233 0.1859964 -0.1357928 81 62 33
-0.1933906 0.1573064 -0.09685633 126 101 62
-0.07145801 0.1911199 -0.1860003 31 21 9
-0.1616267 0.1655044 -0.1101767 92 60 36
-0.1452324 0.1839474 -0.1972714 83 45 21
-0.05096516 0.2085384 -0.2505529 107 87 72
-0.1185916 0.08865536 -0.218789 97 79 52
-0.06428552 0.1798494 -0.02103267 105 92 72
-0.1442077 0.1050494 -0.02820519 142 124 89
-0.1370352 0.05381736 -0.01590947 35 23 21
-0.117567 0.05894036 -0.04152556 109 95 68
-0.1062959 0.08045836 -0.06714166 24 16 6
-0.2620418 0.1675534 -0.01590947 81 55 33
-0.1185916 0.06816236 -0.1941975 76 61 40
-0.1708485 0.1501344 -0.1357928 94 65 33
-0.2231053 0.1255424 -0.0169341 143 114 69
-0.103222 0.002585357 -0.2146904 37 28 18
-0.103222 0.04254736 -0.03025447 63 50 37
-0.08682769 0.1941934 -0.2310847 68 52 40
-0.02842299 0.2351794 -0.04152556 148 118 51
-0.1524049 0.1614054 -0.1603843 71 42 21
-0.06838409 0.2023914 -0.1747293 28 20 11
-0.2149082 0.1941934 -0.1152999 102 71 34
-0.09809876 0.1470604 -0.08456061 46 31 14
-0.1360106 0.1839474 -0.187025 130 96 49
-0.1626513 0.1747264 -0.2054686 93 50 25
-0.06735945 0.1726764 -0.02103267 18 11 7
-0.04789123 0.2157114 -0.04152556 99 79 52
-0.2569186 0.1511594 -0.01386017 144 118 67
-0.1093698 0.07328536 -0.06611701 67 55 41
-0.1144931 0.03947236 -0.01386017 15 9 6
-0.09604949 0.03537436 -0.04664877 82 67 46
-0.1114191 0.08763136 -0.2403065 55 42 29
-0.06121159 0.2044404 -0.1849757 17 11 5
-0.1073205 0.05689236 -0.1450146 63 50 32
-0.1790456 0.1808734 -0.1337435 107 74 37
-0.1062959 0.05894036 -0.06406773 42 32 21
-0.02739833 0.2444014 -0.08148666 81 62 44
-0.1042466 0.1757504 -0.2597747 62 33 20
-0.07863054 0.1839474 -0.1808771 37 21 9
-0.2138835 0.1470604 -0.03742698 145 120 89
-0.2179821 0.1962434 -0.1132506 107 74 35
-0.06940875 0.2044404 -0.1706307 41 27 14
-0.1544542 0.1603814 -0.09788097 49 28 5
-0.1062959 0.02717636 -0.1962468 52 40 28
-0.08887696 0.1296414 -0.05689522 105 89 63
-0.05403909 0.2249334 -0.0589445 88 62 33
-0.1380599 0.08148336 -0.05791987 144 130 95
-0.1011727 0.001560857 -0.2700211 71 49 18
-0.2026124 0.1429624 -0.08046203 104 73 41
-0.1206409 0.07840936 -0.1931729 91 73 46
-0.1155177 0.03025136 -0.2382572 81 68 53
-0.1155177 0.1491094 -0.2003454 31 13 5
-0.1083452 0.03434936 -0.1952221 38 32 23
-0.1021973 0.07226136 -0.1040288 65 53 37
-0.1657253 0.1368134 -0.1573103 88 66 42
-0.07965517 0.1972684 -0.1019795 85 68 43
-0.06735945 0.1696024 -0.0189834 33 27 22
-0.2466721 0.2013664 -0.07841273 103 70 29
-0.1021973 0.03537436 -0.1706307 29 22 17
-0.05506373 0.2228839 -0.06201843 124 90 39
-0.08170447 0.1952184 -0.2689965 91 71 41
-0.05096516 0.1859964 -0.02513126 47 36 23
-0.160602 0.1737014 -0.126571 108 76 37
-0.06018695 0.2034154 -0.1890743 30 16 6
-0.02534905 0.2300564 -0.2198136 158 131 47
-0.06223622 0.2157114 -0.1675568 86 69 41
-0.06735945 -0.002537643 -0.0917331 44 33 28
-0.1155177 0.1644794 -0.1337435 143 123 85
-0.1503556 0.1583314 -0.1562857 92 52 21
-0.1616267 0.1173454 -0.0169341 131 102 61
-0.1134684 0.04767036 -0.2505529 65 52 36
-0.05301443 0.2208344 -0.1767786 53 39 23
-0.1011727 0.0005363568 -0.2700211 71 49 25
-0.2425736 0.2003419 -0.1081274 85 56 31
-0.06223622 0.1993174 -0.2095672 25 16 8
-0.04686657 0.2382534 -0.1327189 65 55 45
-0.2476968 0.1993174 -0.07328952 102 67 27
-0.01817654 0.2331304 -0.03025447 126 93 39
-0.2405243 0.2003419 -0.08660989 135 100 47
-0.06223622 0.2023914 -0.1849757 10 6 4
-0.117567 0.09685336 -0.2054686 40 32 17
-0.07555661 0.1952184 -0.218789 43 32 24
-0.1544542 0.1573064 -0.09788097 194 184 158
-0.06940875 0.2157114 -0.0917331 111 93 61
-0.2128589 0.1583314 -0.0753388 145 118 74
-0.1790456 0.1491094 -0.1142753 141 114 71
-0.2251546 0.1777999 -0.08660989 199 182 135
-0.1196163 0.08558136 -0.1921482 59 43 24
-0.1062959 0.03742336 -0.1900989 64 53 41
-0.08272909 0.1962434 -0.23006 54 39 28
-0.07760589 0.01488086 -0.01795874 28 18 10
-0.1913414 0.1286174 -0.07226487 161 135 85
-0.117567 0.07533536 -0.1737046 118 98 67
-0.03764478 0.2331304 -0.05074735 157 125 57
-0.1021973 0.07533536 -0.1009549 39 30 22
-0.2313025 0.1921454 -0.08660989 126 97 53
-0.07555661 0.1849724 -0.06509236 80 65 42
-0.1718731 0.1890704 -0.1665321 72 47 31
-0.08887696 0.1491094 -0.0609938 50 43 31
-0.06633482 0.2044404 -0.1737046 21 14 6
-0.03354619 0.2116134 -0.2741197 134 107 61
-0.05506373 0.2085384 -0.04767342 71 60 41
-0.2200314 0.1450104 -0.05074735 181 159 118
-0.1196163 0.1214444 -0.1470639 138 111 65
-0.1042466 0.03947236 -0.1675568 25 20 16
-0.02329977 0.2331304 -0.2167397 130 102 57
-0.1196163 0.08455736 -0.1890743 75 59 38
-0.09912342 0.04254736 -0.05791987 62 49 34
-0.1831442 0.1378384 -0.09993026 123 99 57
-0.07965517 0.01488086 -0.01386017 32 21 14
-0.1062959 0.02102936 -0.2116164 26 22 18
-0.1042466 0.04767036 -0.1511625 26 20 13
-0.06428552 0.2034154 -0.2280107 32 21 17
-0.1114191 0.01590636 -0.2567008 33 24 16
-0.08272909 0.1818974 -0.1665321 93 70 40
-0.1124438 0.05176836 -0.2105918 33 25 16
-0.1196163 0.1726764 -0.1716553 66 34 12
-0.06633482 0.1890704 -0.05074735 66 51 34
-0.1288381 0.1706274 -0.1573103 68 32 13
-0.149331 0.1152964 -0.0189834 55 38 24
-0.2487214 0.2054654 -0.0937824 27 18 15
-0.1329367 0.1665284 -0.1819018 123 89 22
-0.1995385 0.1808734 -0.1224724 88 53 19
-0.103222 0.09275436 -0.07636345 30 24 18
-0.1892921 0.1655044 -0.1050535 129 93 42
-0.1267888 0.1562824 -0.2269861 66 20 7
-0.100148 0.03742336 -0.02615589 52 39 26
-0.178021 0.1685779 -0.1183739 90 55 22
-0.1155177 0.09992636 -0.2054686 44 30 16
-0.103222 0.1296414 -0.2485036 40 21 10
-0.1134684 0.1839474 -0.2126411 91 56 29
-0.02022584 0.2464514 -0.1368175 27 23 18
-0.09707412 0.02000536 -0.1655075 32 27 23
-0.08272909 0.1952184 -0.2280107 48 34 22
-0.1196163 0.08250736 -0.1911236 71 55 31
-0.22413 0.1378384 -0.01283554 145 118 78
-0.03252156 0.2423524 -0.1439899 43 34 31
-0.06428552 0.2013664 -0.05587057 83 67 44
-0.2774114 0.2105884 -0.05587057 71 39 8
-0.09297556 0.03742336 -0.0773881 31 23 17
-0.2179821 0.1409124 -0.05074735 115 75 44
-0.1831442 0.1173454 -0.09070847 133 114 85
-0.1903167 0.1634544 -0.1030042 127 94 48
-0.103222 0.03742336 -0.1624335 21 16 12
-0.01920119 0.2249334 -0.2567008 136 103 38
-0.1165424 0.04562036 -0.2321093 35 28 20
-0.1083452 0.08045836 -0.2587501 56 44 31
-0.1124438 0.1470604 -0.2126411 18 7 4
-0.03354619 0.2280074 -0.2003454 174 146 73
-0.1134684 0.1491094 -0.2505529 60 42 25
-0.103222 0.01590636 -0.2105918 38 31 28
-0.1114191 0.1152964 -0.1737046 54 30 10
-0.07760589 0.1808734 -0.0609938 48 36 24
-0.08785233 0.1265674 -0.05689522 45 31 19
-0.1421584 0.1757504 -0.2259615 120 79 35
-0.221056 0.1900954 -0.09480703 99 70 33
-0.1257642 0.1655044 -0.1347682 162 144 102
-0.09195089 0.1880464 -0.2689965 57 39 18
-0.08887696 0.02307836 -0.01795874 29 21 12
-0.09502483 0.002585357 -0.1634582 61 53 48
-0.08170447 0.02820136 -0.07226487 23 18 13
-0.1554788 0.1624304 -0.155261 111 68 32
-0.1278134 0.1675534 -0.1941975 98 72 45
-0.06735945 0.001560857 -0.06304308 33 28 26
-0.09809876 0.01590636 -0.1880496 30 24 21
-0.2179821 0.1685779 -0.07943738 107 74 34
-0.1165424 0.09480336 -0.1849757 100 80 54
-0.2272039 0.1737014 -0.06201843 153 129 87
-0.267165 0.1839474 -0.04357484 111 82 42
-0.04891586 0.1972684 -0.03230376 87 75 54
-0.2108096 0.1941934 -0.1234971 99 68 35
-0.09707412 0.1296414 -0.0773881 31 26 15
-0.1657253 0.1757504 -0.1993207 88 47 23
-0.07555661 0.1870224 -0.07431417 103 85 53
-0.103222 0.07738436 -0.04972271 127 111 89
-0.117567 0.1521834 -0.2280107 59 26 5
-0.1667499 0.1419374 -0.126571 148 120 57
-0.2231053 0.1275914 -0.01795874 172 149 107
-0.117567 0.08660636 -0.1767786 107 85 56
-0.08580303 0.1952184 -0.2351833 60 44 31
-0.1011727 0.04152136 -0.03230376 61 50 34
-0.06428552 0.1972684 -0.1931729 33 22 8
-0.1882674 0.1357894 -0.09583168 95 67 42
-0.1011727 0.02205336 -0.1962468 36 29 26
-0.03559549 0.2423524 -0.1030042 52 44 36
-0.2118342 0.1941934 -0.1204231 98 66 30
-0.05198979 0.2290324 -0.06509236 140 107 43
-0.08170447 0.01078336 -0.1040288 35 24 23
-0.22413 0.1941934 -0.1286203 69 38 21
-0.1882674 0.1870224 -0.1460392 144 115 71
-0.134986 0.1183704 -0.0189834 20 15 13
-0.08785233 0.1665284 -0.07943738 141 125 95
-0.1483063 0.1603814 -0.1644828 83 37 18
-0.1155177 0.1552579 -0.2023947 69 33 11
-0.08477839 0.009757357 -0.1286203 21 16 13
-0.07350731 0.1921454 -0.1972714 104 81 45
-0.1185916 0.08045836 -0.2239122 106 88 61
-0.06223622 -0.001512643 -0.03845163 18 14 9
-0.1626513 0.1542324 -0.1378421 130 92 48
-0.08375377 0.02410286 -0.1101767 24 19 16
-0.09809876 0.1019764 -0.2648979 46 30 19
-0.100148 0.1880464 -0.2126411 55 39 27
-0.06326089 0.2177604 -0.0773881 102 75 38
-0.03969407 0.2413284 -0.1173492 47 40 33
-0.09502483 0.1573064 -0.09070847 101 78 41
-0.1831442 0.1818974 -0.126571 142 116 72
-0.1144931 0.1327154 -0.1706307 89 60 31
-0.1124438 0.1327154 -0.2269861 31 18 10
-0.2108096 0.1747264 -0.08660989 151 129 89
-0.07863054 0.1316904 -0.04459949 59 46 38
-0.2026124 0.1101734 -0.0148848 165 139 91
-0.2128589 0.1275914 -0.0353777 205 191 148
-0.117567 0.1193954 -0.1337435 82 55 33
-0.07760589 0.01078336 -0.1091521 26 15 13
-0.04379264 0.2382534 -0.1460392 43 36 29
-0.1206409 0.08250736 -0.1962468 80 62 39
-0.103222 0.03434936 -0.1737046 33 26 22
-0.238475 0.1829234 -0.07943738 191 172 129
-0.209785 0.1409124 -0.07021559 102 72 39
-0.08887696 0.02205336 -0.126571 27 22 18
-0.163676 0.08968036 -0.02615589 112 80 46
-0.03969407 0.2413284 -0.1163246 50 43 36
-0.1073205 0.1173454 -0.2249368 78 62 45
-0.1134684 0.1173454 -0.1655075 94 74 46
-0.09912342 0.03537436 -0.1501378 31 26 22
-0.2200314 0.1737014 -0.07124024 158 137 97
-0.1913414 0.1470604 -0.09685633 137 108 67
-0.1114191 0.1306664 -0.2341586 54 37 21
-0.08477839 0.1788244 -0.1747293 59 35 12
-0.1021973 0.1716514 -0.112226 139 118 81
-0.08682769 0.1265674 -0.02922982 91 75 55
-0.1083452 0.1183704 -0.2023947 62 36 19
-0.1749471 0.1511594 -0.1204231 131 100 55
-0.2589678 0.2003419 -0.0773881 138 104 51
-0.06121159 0.2208344 -0.1573103 42 33 24
-0.2302778 0.1573064 -0.0425502 181 157 98
-0.117567 0.06713836 -0.2423558 39 29 20
-0.09502483 0.04254736 -0.0917331 36 28 22
-0.2087603 0.1470604 -0.06919094 151 129 91
-0.03866942 0.2382534 -0.06611701 160 131 59
-0.1114191 0.04562036 -0.1706307 52 40 27
-0.1165424 0.1542324 -0.2505529 39 21 10
-0.2651157 0.2085384 -0.08660989 82 48 23
-0.06121159 0.2023914 -0.2628486 37 24 19
-0.07453194 0.1880464 -0.07124024 103 79 45
-0.06940875 0.2034154 -0.2485036 31 18 13
-0.2169574 0.1962434 -0.1306696 67 36 13
-0.09707412 0.1460359 -0.07431417 18 11 6
-0.08170447 0.1982924 -0.1173492 128 111 82
-0.1052713 0.1614054 -0.09685633 151 137 105
-0.1257642 0.1696024 -0.1911236 101 52 9
-0.1944153 0.1665284 -0.09890561 131 101 71
-0.1739224 0.1737014 -0.1562857 169 143 97
-0.1360106 0.1655044 -0.2341586 110 74 42
-0.2302778 0.1921454 -0.1132506 107 74 32
-0.1073205 0.1655044 -0.1429653 156 138 102
-0.09809876 0.1696024 -0.1573103 122 103 68
-0.05403909 0.2239094 -0.1665321 92 72 46
-0.02944763 0.2187854 -0.03025447 39 30 21
-0.1421584 0.1818974 -0.1737046 132 99 51
-0.08887696 0.02922636 -0.1255464 28 23 20
-0.238475 0.1993174 -0.08968382 84 49 22
-0.1062959 0.1224684 -0.2228875 31 18 5
-0.1165424 0.1737014 -0.1767786 63 32 13
-0.1052713 0.08660636 -0.2659226 67 50 32
-0.05813766 0.1911199 -0.03845163 110 92 67
-0.1155177 0.05279336 -0.1819018 133 118 87
-0.09604949 0.1808734 -0.1234971 130 106 60
-0.2487214 0.1696024 -0.04972271 208 190 142
-0.103222 0.09070436 -0.1040288 41 30 18
-0.1718731 0.1818974 -0.1532117 144 114 70
-0.1831442 0.1665284 -0.112226 115 76 29
-0.1165424 0.08045836 -0.06611701 117 82 55
-0.1954399 0.09890236 -0.01283554 161 128 66
-0.1144931 0.03025136 -0.23006 71 60 46
-0.0263737 0.2249334 -0.2341586 164 137 59
-0.1206409 0.1798494 -0.2269861 95 53 23
-0.1093698 0.1859964 -0.2177643 71 40 17
-0.0263737 0.2444014 -0.1316942 46 39 30
-0.06223622 0.2198104 -0.158335 67 55 38
-0.1329367 0.1808734 -0.2146904 97 56 30
-0.09400019 0.1870224 -0.2659226 66 48 29
-0.2200314 0.1398874 -0.0189834 177 160 132
-0.1062959 0.1337404 -0.2034193 60 31 11
-0.1278134 0.1829234 -0.1911236 113 72 27
-0.1554788 0.1849724 -0.1788278 130 95 46
-0.07658124 0.1931694 -0.2126411 37 26 16
-0.05198979 0.2218594 -0.05382129 121 85 33
-0.1431831 0.07738436 -0.03947627 155 132 80
-0.2190067 0.1890704 -0.1275956 121 91 59
-0.02125047 0.2464514 -0.1388667 28 23 18
-0.117567 0.1173454 -0.1501378 98 74 40
-0.1052713 0.05484236 -0.05279664 32 20 9
-0.1759717 0.1675534 -0.1204231 75 47 18
-0.131912 0.1450104 -0.126571 179 157 101
-0.09297556 0.1921454 -0.2413311 75 56 39
-0.04379264 0.1931694 -0.02615589 67 57 40
-0.2077357 0.1921454 -0.1204231 101 68 29
-0.02227512 0.2464514 -0.1040288 51 46 39
-0.2159328 0.1921454 -0.1050535 79 47 16
-0.2231053 0.1398874 -0.0169341 153 133 99
-0.2558939 0.2085384 -0.08251131 89 66 43
-0.1298627 0.1163214 -0.0189834 16 10 9
-0.06531015 0.2208344 -0.09583168 56 42 27
-0.1616267 0.1716514 -0.1716553 203 187 134
-0.1616267 0.1214444 -0.1204231 161 138 95
-0.08375377 0.02717636 -0.1030042 23 19 17
-0.1134684 -0.04762164 -0.2946126 140 110 60
-0.134986 -0.09065664 -0.3335491 85 36 5
-0.08990163 -0.2300086 -0.3294505 137 79 29
-0.1513802 -0.1982446 -0.3243273 154 105 30
-0.1452324 -0.2146386 -0.3038344 135 88 41
-0.04071871 -0.1162736 -0.4175699 101 67 37
-0.1851935 -0.1172976 -0.293588 98 67 37
-0.1237149 -0.1562336 -0.3745348 163 124 46
-0.03764478 -0.1377906 -0.4790485 157 119 56
-0.05711302 -0.05274514 -0.4524078 140 96 49
-0.1647006 -0.1316426 -0.3560912 175 136 56
-0.1513802 -0.1982446 -0.322278 139 91 26
-0.03764478 -0.03122764 -0.4688021 189 161 87
-0.1554788 -0.1634066 -0.3560912 158 114 41
-0.1595774 -0.1798016 -0.3448202 157 118 55
-0.1411338 -0.1941466 -0.3478941 152 108 38
-0.1073205 -0.2146386 -0.3581405 166 123 46
-0.1616267 -0.06299164 -0.3417462 112 73 33
-0.03662014 -0.04352314 -0.3950277 81 36 6
-0.02534905 -0.09168164 -0.3355984 0 0 0
-0.08785233 -0.02405464 -0.2864154 119 87 34
-0.04994049 -0.1152476 -0.3591652 115 91 62
-0.03866942 -0.1511106 -0.3581405 99 55 13
-0.09912342 -0.1152476 -0.3694116 142 99 50
-0.07658124 -0.2279586 -0.3530173 141 90 32
-0.1810949 -0.1234456 -0.290514 107 71 36
-0.08272909 -0.2166886 -0.3591652 138 91 27
-0.03866942 -0.1265196 -0.4821224 174 143 94
-0.1144931 -0.1654556 -0.3755595 160 120 42
-0.04994049 -0.1050016 -0.4185945 143 104 37
-0.163676 -0.1531606 -0.3028097 35 3 0
-0.1892921 -0.06504064 -0.2884647 150 115 50
-0.1913414 -0.08450964 -0.3099823 123 81 34
-0.03764478 -0.1777516 -0.3058837 107 61 26
-0.103222 -0.2228356 -0.3519927 148 104 37
-0.04584193 -0.1429136 -0.3612145 113 71 23
-0.1483063 -0.1562336 -0.276169 94 55 15
-0.1728978 -0.1480376 -0.3294505 133 88 27
-0.1585528 -0.1838996 -0.3233026 137 88 28
-0.08477839 -0.1562336 -0.3181794 127 80 37
-0.1944153 -0.06811464 -0.3110069 104 52 18
-0.02739833 -0.1142236 -0.4985167 184 146 51
-0.02022584 -0.09782914 -0.4933935 174 135 44
-0.1155177 -0.2412796 -0.3253519 107 56 24
-0.07863054 -0.1541846 -0.3325244 114 66 30
-0.05711302 -0.08245964 -0.4011756 80 47 18
-0.05813766 -0.03532664 -0.4421613 161 121 54
-0.08990163 -0.2607486 -0.3120315 127 78 29
-0.07658124 -0.2371806 -0.3417462 145 97 39
-0.1903167 -0.05172064 -0.3161301 151 110 55
-0.03149691 -0.04249864 -0.4780239 200 168 83
-0.1308874 -0.2207866 -0.3274012 145 104 37
-0.1831442 -0.1131996 -0.304859 81 49 25
-0.02329977 -0.03737564 -0.4554817 160 101 31
-0.1431831 -0.1572596 -0.3673623 172 129 50
-0.1851935 -0.09987864 -0.3058837 109 70 28
-0.03047227 -0.1265196 -0.4349888 57 39 15
-0.04994049 -0.03532664 -0.4226931 127 84 23
-0.1257642 -0.2156636 -0.2833415 134 87 41
-0.0243244 -0.1295936 -0.4964675 183 144 54
-0.1390845 -0.07733664 -0.307933 120 90 53
-0.08170447 -0.03635064 -0.304859 87 66 46
-0.09912342 -0.1808256 -0.3755595 154 115 43
-0.02329977 -0.1634066 -0.3468694 95 52 10
-0.1267888 -0.1931216 -0.3601898 176 135 46
-0.05403909 -0.09782914 -0.4237177 137 101 44
-0.1308874 -0.09885464 -0.3274012 108 62 26
-0.131912 -0.1029526 -0.3499434 95 42 5
-0.06633482 -0.09168164 -0.4011756 72 42 5
-0.1267888 -0.2218116 -0.3304751 143 100 37
-0.03866942 -0.1767276 -0.3017851 110 60 24
-0.1524049 -0.1910716 -0.3181794 135 94 31
-0.03252156 -0.04454864 -0.4790485 190 160 83
-0.1134684 -0.2033676 -0.3601898 154 108 33
-0.1206409 -0.1941466 -0.2833415 96 61 37
-0.1718731 -0.1511106 -0.3202287 89 54 25
-0.1882674 -0.05274514 -0.3233026 146 100 49
-0.05301443 -0.09373164 -0.4206438 144 108 47
-0.1411338 -0.1326676 -0.368387 176 137 58
-0.1062959 -0.2535756 -0.3233026 129 87 40
-0.05813766 -0.06709064 -0.440112 160 127 65
-0.03662014 -0.1131996 -0.4729006 133 88 55
-0.02022584 -0.1050016 -0.4974921 159 118 28
-0.08272909 -0.2064426 -0.3386723 109 51 8
-0.042768 -0.07528714 -0.4677774 176 140 55
-0.149331 -0.1644316 -0.3601898 149 107 34
-0.1093698 -0.2269346 -0.3417462 138 91 36
-0.1677746 -0.04864664 -0.3274012 103 56 17
-0.1411338 -0.05684364 -0.2751444 38 17 4
-0.1411338 -0.07426264 -0.3089576 144 114 67
-0.1196163 -0.1162736 -0.3274012 99 54 20
-0.1769963 -0.1029526 -0.3437955 181 144 66
-0.1411338 -0.2248856 -0.2843662 67 37 6
-0.1401091 -0.08348464 -0.3355984 79 32 7
-0.117567 -0.2023436 -0.3581405 155 112 37
-0.1800703 -0.1039776 -0.3407216 157 123 54
-0.02022584 -0.02200664 -0.4616295 185 145 80
-0.03662014 -0.04557264 -0.4739253 195 167 86
-0.06326089 -0.1029526 -0.3847813 81 50 30
-0.1308874 -0.1213966 -0.3714609 194 156 69
-0.1657253 -0.04762164 -0.322278 110 62 17
-0.03457084 -0.1244696 -0.3212533 26 7 5
-0.04379264 -0.03020314 -0.4175699 124 83 30
-0.03047227 -0.02712964 -0.4667528 163 127 60
-0.08067984 -0.03839964 -0.3017851 89 69 49
-0.02329977 -0.1787756 -0.4626542 113 66 19
-0.03457084 -0.1213966 -0.4339642 72 55 37
-0.1585528 -0.1541846 -0.2823169 70 17 0
-0.03457084 -0.1408646 -0.4780239 155 114 39
-0.09809876 -0.1131996 -0.3673623 151 98 23
-0.117567 -0.2525506 -0.3058837 132 86 24
-0.08477839 -0.2351316 -0.3437955 151 97 31
-0.05506373 -0.03327664 -0.4267917 176 143 65
-0.06121159 -0.04967164 -0.4472845 129 84 36
-0.1421584 -0.2084906 -0.3304751 148 102 36
-0.042768 -0.1490616 -0.3560912 104 62 20
-0.03969407 -0.1142236 -0.4657281 131 91 31
-0.1769963 -0.1336916 -0.3396969 165 122 49
-0.1790456 -0.1131996 -0.3181794 61 32 15
-0.0243244 -0.007661143 -0.4196192 121 66 9
-0.1882674 -0.08245964 -0.3202287 130 89 43
-0.08580303 -0.2402546 -0.3376476 135 85 26
-0.1073205 -0.2136146 -0.2884647 84 16 0
-0.05506373 -0.02712964 -0.4462599 164 129 64
-0.1185916 -0.2177126 -0.3437955 152 110 41
-0.1421584 -0.08655864 -0.3499434 111 63 14
-0.1452324 -0.07528714 -0.336623 88 38 10
-0.02329977 -0.1552096 -0.486221 156 106 29
-0.1452324 -0.1265196 -0.3673623 180 141 59
-0.1708485 -0.04557264 -0.3017851 114 69 13
-0.100148 -0.1480376 -0.3335491 104 50 16
-0.1401091 -0.08553364 -0.3284258 85 42 15
-0.1062959 -0.1275446 -0.3519927 111 49 10
-0.08272909 -0.1224206 -0.3755595 155 114 55
-0.02227512 -0.03737564 -0.4800731 148 114 60
-0.1667499 -0.1613576 -0.3407216 160 117 37
-0.02534905 -0.1244696 -0.4954428 184 145 51
-0.1800703 -0.1275446 -0.2864154 127 90 49
-0.02944763 -0.1757026 -0.4636788 140 96 39
-0.04071871 -0.08860764 -0.322278 0 0 0
-0.04481729 -0.02712964 -0.425767 138 96 30
-0.1882674 -0.08143564 -0.3171548 111 66 27
-0.03764478 -0.08245964 -0.4790485 156 121 47
-0.05711302 -0.1480376 -0.3550666 103 75 43
-0.03559549 -0.02507964 -0.4626542 169 135 62
-0.02227512 -0.1418886 -0.4923689 175 131 42
-0.1185916 -0.1162736 -0.3571159 111 59 24
-0.07760589 -0.03122764 -0.290514 68 47 26
-0.02022584 -0.01380864 -0.440112 123 73 14
-0.08887696 -0.1705796 -0.3345737 145 99 66
-0.1206409 -0.1193466 -0.3755595 135 94 34
-0.03457084 -0.04454864 -0.3868305 54 18 3
-0.1677746 -0.1613576 -0.3151055 81 44 22
-0.103222 -0.1951706 -0.3694116 152 109 33
-0.06223622 -0.04864664 -0.4442106 148 105 60
-0.09195089 -0.01893164 -0.2792429 108 80 37
-0.09195089 -0.2064426 -0.3233026 85 23 0
-0.1329367 -0.1019276 -0.3601898 111 62 10
-0.08785233 -0.2238606 -0.3130562 92 33 7
-0.1411338 -0.2382066 -0.290514 127 89 41
-0.0243244 -0.04864664 -0.4831471 197 164 80
-0.1052713 -0.2064426 -0.365313 150 108 33
-0.1165424 -0.1838996 -0.2751444 37 16 10
-0.1800703 -0.1193466 -0.3427709 164 127 54
-0.1339613 -0.1234456 -0.2884647 122 92 60
-0.02739833 -0.1439386 -0.4677774 132 84 59
-0.1667499 -0.08143564 -0.3468694 189 156 68
-0.1657253 -0.1500866 -0.2966619 60 26 11
-0.1882674 -0.07221364 -0.2792429 114 80 51
-0.03252156 -0.1295936 -0.4841717 171 129 41
-0.07760589 -0.02098114 -0.2925633 110 76 27
-0.05711302 -0.1009036 -0.4073234 159 124 47
-0.03252156 -0.02712964 -0.4657281 167 134 64
-0.03457084 -0.1121746 -0.4421613 83 60 33
-0.06121159 -0.08450964 -0.350968 2 0 1
-0.03969407 -0.1285686 -0.3981016 132 97 51
-0.04481729 -0.1316426 -0.3868305 154 121 51
-0.04379264 -0.04864664 -0.3981016 81 34 11
-0.08580303 -0.1285686 -0.3776088 156 115 57
-0.1626513 -0.04762164 -0.3151055 110 60 10
-0.09707412 -0.2638216 -0.307933 138 95 32
-0.134986 -0.1254956 -0.3714609 193 153 71
-0.06531015 -0.2043926 -0.3376476 170 134 83
-0.1134684 -0.2351316 -0.3314998 131 86 44
-0.1708485 -0.1336916 -0.350968 158 118 42
-0.09092626 -0.2259106 -0.3171548 111 47 10
-0.1483063 -0.1992696 -0.3355984 145 102 42
-0.1267888 -0.2064426 -0.2956372 108 65 33
-0.1718731 -0.1500866 -0.3161301 56 22 10
-0.03866942 -0.1162736 -0.4810978 173 131 40
-0.05608836 -0.04864664 -0.4155206 127 91 28
-0.08170447 -0.01995664 -0.290514 113 81 27
-0.1042466 -0.2648461 -0.2812922 131 92 55
-0.04174335 -0.03020314 -0.4657281 188 156 77
-0.1442077 -0.07733664 -0.3417462 161 124 54
-0.1677746 -0.1480376 -0.2946126 52 22 6
-0.1021973 -0.1695546 -0.2966619 138 108 65
-0.05506373 -0.06913964 -0.4001509 60 18 5
-0.02022584 -0.08860764 -0.3417462 0 0 0
-0.1308874 -0.1726286 -0.3704362 168 127 42
-0.1144931 -0.1347166 -0.3130562 121 79 37
-0.02022584 -0.006635643 -0.4062988 110 55 3
-0.07248269 -0.1757026 -0.3499434 37 21 11
-0.1226902 -0.2228356 -0.3335491 143 99 35
-0.02739833 -0.1613576 -0.4780239 153 104 29
-0.1739224 -0.1193466 -0.3489187 169 128 45
-0.1360106 -0.2064426 -0.2966619 96 43 11
-0.02534905 -0.1746781 -0.4636788 114 66 14
-0.07863054 -0.2259106 -0.3550666 142 92 28
-0.1083452 -0.2074666 -0.3632637 148 105 31
-0.1360106 -0.2371806 -0.2915387 120 69 26
-0.03866942 -0.09270564 -0.4790485 185 155 84
-0.04379264 -0.09578064 -0.4442106 113 81 42
-0.1831442 -0.09987864 -0.3376476 170 133 62
-0.1872428 -0.1029526 -0.2946126 143 109 46
-0.04686657 -0.1111496 -0.3478941 51 29 16
-0.06633482 -0.1009036 -0.3591652 35 10 5
-0.1073205 -0.1172976 -0.365313 120 66 19
-0.1308874 -0.2269346 -0.3202287 141 99 40
-0.1903167 -0.09270564 -0.2976865 155 126 60
-0.07043339 -0.09987864 -0.3468694 23 6 6
-0.08990163 -0.01073464 -0.2946126 145 111 52
-0.1401091 -0.2238606 -0.3017851 131 82 28
-0.07965517 -0.01483364 -0.2925633 127 92 30
-0.04071871 -0.1439386 -0.3724855 133 88 23
-0.163676 -0.04864664 -0.293588 108 61 6
-0.03354619 -0.1572596 -0.3458448 101 54 15
-0.131912 -0.2392306 -0.2771937 110 51 13
-0.1062959 -0.2453776 -0.3274012 135 85 36
-0.07965517 -0.1254956 -0.2894894 243 243 242
-0.1585528 -0.1265196 -0.3612145 178 141 57
-0.08272909 -0.2279586 -0.350968 140 88 21
-0.1165424 -0.1480376 -0.3776088 183 145 59
-0.03047227 -0.1306186 -0.4349888 72 55 31
-0.02944763 -0.1623826 -0.3396969 114 72 27
-0.1155177 -0.08860764 -0.2853908 144 115 69
-0.03457084 -0.02200664 -0.4585556 163 125 57
-0.149331 -0.06196764 -0.3069083 55 23 2
-0.05916229 -0.1552096 -0.3386723 27 15 5
-0.1390845 -0.2556246 -0.2751444 151 108 45
-0.1247395 -0.1265196 -0.3735102 170 131 54
-0.1554788 -0.05479464 -0.3099823 89 43 2
-0.1442077 -0.1972201 -0.3417462 148 105 35
-0.1144931 -0.2494766 -0.3151055 129 81 36
-0.05403909 -0.1480376 -0.3550666 52 26 7
-0.1185916 -0.1644316 -0.2833415 47 24 10
-0.04481729 -0.1787756 -0.2946126 98 50 15
-0.05301443 -0.09885464 -0.4278163 54 33 5
-0.1687992 -0.06606514 -0.3448202 188 156 79
-0.1585528 -0.1838996 -0.3355984 156 113 43
-0.0243244 -0.05274514 -0.4841717 191 157 71
-0.1083452 -0.2013186 -0.3673623 181 145 82
-0.05403909 -0.06811464 -0.4452352 36 21 6
-0.100148 -0.1685296 -0.3038344 105 75 47
-0.1206409 -0.2535756 -0.3017851 141 96 36
-0.03559549 -0.1449636 -0.4780239 148 106 32
-0.1421584 -0.1367656 -0.3694116 171 130 49
-0.04686657 -0.1152476 -0.3468694 28 7 5
-0.05506373 -0.1664806 -0.425767 74 47 20
-0.1749471 -0.1449636 -0.3233026 97 62 23
-0.1073205 -0.2474276 -0.2843662 127 72 26
-0.1708485 -0.1654556 -0.322278 141 95 31
-0.04174335 -0.09885464 -0.3612145 85 62 37
-0.09297556 -0.2289846 -0.322278 122 67 13
-0.02534905 -0.1726286 -0.3765841 81 27 10
-0.04584193 -0.1070516 -0.3478941 21 5 5
-0.042768 -0.1798016 -0.2987112 94 48 12
-0.1821196 -0.1193466 -0.3038344 55 9 5
-0.1851935 -0.05376964 -0.3274012 147 104 49
-0.1534295 -0.1818506 -0.3468694 151 107 36
-0.1769963 -0.1295936 -0.290514 85 54 30
-0.1821196 -0.1193466 -0.3345737 155 118 51
-0.1206409 -0.1808256 -0.293588 68 19 4
-0.1226902 -0.2054166 -0.290514 98 57 26
-0.02739833 -0.06299164 -0.4831471 202 168 75
-0.04891586 -0.08143564 -0.3817073 39 14 5
-0.1739224 -0.04967164 -0.2802676 130 94 40
-0.02022584 -0.05991764 -0.4534324 121 82 57
-0.08272909 -0.07323764 -0.3192041 20 1 2
-0.1431831 -0.2115656 -0.3089576 136 91 34
-0.08887696 -0.2187376 -0.2956372 92 36 13
-0.1021973 -0.2423041 -0.3294505 143 89 28
-0.1144931 -0.2136146 -0.3530173 169 124 40
-0.1718731 -0.1398406 -0.2782183 76 45 17
-0.1093698 -0.1582836 -0.3776088 174 134 48
-0.1472817 -0.07631264 -0.3437955 95 49 9
-0.09195089 -0.2023436 -0.2966619 95 47 20
-0.1647006 -0.09885464 -0.2812922 57 26 6
-0.1185916 -0.1265196 -0.3786334 148 118 60
-0.1052713 -0.2136146 -0.3591652 152 110 38
-0.1339613 -0.2269346 -0.3130562 131 82 23
-0.146257 -0.1623826 -0.2925633 45 4 0
-0.1329367 -0.2125896 -0.3355984 156 113 44
-0.03764478 -0.01790764 -0.4380627 156 108 31
-0.1554788 -0.1879976 -0.3325244 146 101 34
-0.03149691 -0.06606514 -0.4810978 194 159 70
-0.06735945 -0.1193466 -0.3396969 37 18 9
-0.042768 -0.1377906 -0.382732 140 103 39
-0.1810949 -0.1244696 -0.2946126 141 111 70
-0.1851935 -0.04557264 -0.3243273 171 125 60
-0.1831442 -0.1162736 -0.2956372 112 80 44
-0.08170447 -0.1961946 -0.3171548 125 88 46
-0.04174335 -0.06913964 -0.4667528 171 135 58
-0.1472817 -0.06094164 -0.2976865 50 20 5
-0.05198979 -0.04454864 -0.411422 142 108 43
-0.1565035 -0.1736526 -0.3099823 71 44 26
-0.06018695 -0.1726286 -0.3407216 6 0 0
-0.042768 -0.1879976 -0.3284258 98 63 27
-0.1062959 -0.2474276 -0.2884647 131 79 24
-0.0243244 -0.1480376 -0.3704362 116 82 43
-0.07965517 -0.009710643 -0.2976865 137 99 34
-0.1247395 -0.1593076 -0.3745348 168 128 48
-0.04789123 -0.09168164 -0.379658 44 15 9
-0.03047227 -0.1172976 -0.4626542 62 15 10
-0.01920119 -0.1285686 -0.4011756 70 52 31
-0.1903167 -0.09373164 -0.2864154 149 120 53
-0.06223622 -0.09168164 -0.4022002 138 101 45
-0.1247395 -0.2443536 -0.307933 119 62 21
-0.1524049 -0.1695546 -0.3571159 168 126 47
-0.04071871 -0.1388156 -0.4780239 168 124 47
-0.08682769 -0.1193466 -0.3724855 148 104 45
-0.04584193 -0.05376964 -0.3950277 87 48 22
-0.03354619 -0.02917764 -0.4103974 127 73 9
-0.1442077 -0.1900476 -0.3489187 150 107 37
-0.1626513 -0.05069564 -0.2802676 99 55 6
-0.02842299 -0.1644316 -0.3171548 105 60 33
-0.02534905 -0.1418886 -0.4913442 160 114 32
-0.02842299 -0.02917764 -0.4688021 174 136 50
-0.02125047 -0.1623826 -0.2853908 111 87 47
-0.1810949 -0.1101246 -0.3335491 174 137 57
-0.1718731 -0.1050016 -0.2782183 62 27 5
-0.03866942 -0.1521361 -0.3540419 112 70 27
-0.1677746 -0.04659764 -0.2884647 111 67 15
-0.1851935 -0.07836064 -0.3263766 118 77 33
-0.05711302 -0.1531606 -0.3396969 79 62 33
-0.04584193 -0.1275446 -0.3386723 179 161 112
-0.134986 -0.08963264 -0.3202287 110 67 21
-0.05608836 -0.1091006 -0.4032249 157 123 48
-0.1759717 -0.1336916 -0.2925633 86 57 35
-0.04071871 -0.1408646 -0.379658 140 103 38
-0.1083452 -0.2279586 -0.3417462 120 75 24
-0.08477839 -0.04659764 -0.2751444 26 18 15
-0.1903167 -0.05172064 -0.3120315 161 126 66
-0.1216656 -0.1193466 -0.3704362 170 133 47
-0.1728978 -0.1418886 -0.2884647 86 53 31
-0.03866942 -0.1490616 -0.3673623 111 69 18
-0.1247395 -0.1757026 -0.3724855 168 126 40
-0.02329977 -0.1347166 -0.4954428 166 125 55
-0.08375377 -0.06401664 -0.2966619 22 3 1
-0.1534295 -0.05684364 -0.3017851 82 40 4
-0.08477839 -0.1664806 -0.3355984 148 105 62
-0.08887696 -0.2228356 -0.3089576 85 30 9
-0.03764478 -0.07221364 -0.4667528 194 158 65
-0.1575281 -0.1541846 -0.2997358 37 1 0
-0.1616267 -0.04864664 -0.3161301 105 55 7
-0.02944763 -0.05069564 -0.3745348 69 49 26
-0.08477839 -0.04557264 -0.2843662 76 54 36
-0.02329977 -0.1183226 -0.4985167 174 135 44
-0.09912342 -0.2259106 -0.3489187 141 95 29
-0.1739224 -0.1377906 -0.3038344 47 14 5
-0.1831442 -0.05991764 -0.2792429 161 129 62
-0.1800703 -0.04762164 -0.2966619 135 98 39
-0.06223622 -0.05991764 -0.4124466 112 65 23
-0.03662014 -0.1080766 -0.486221 183 146 74
-0.07863054 -0.01073464 -0.2966619 125 88 29
-0.02125047 -0.1111496 -0.3120315 20 5 1
-0.1687992 -0.04967164 -0.2802676 111 58 13
-0.0243244 -0.06196764 -0.382732 66 18 0
-0.04379264 -0.02405464 -0.4565063 151 114 57
-0.08887696 -0.2320576 -0.3407216 145 93 25
-0.07043339 -0.1142236 -0.3489187 73 55 41
-0.07350731 -0.04659764 -0.3192041 23 3 0
-0.1011727 -0.2300086 -0.2976865 110 49 5
-0.08887696 -0.1500866 -0.3110069 120 75 33
-0.04584193 -0.09168164 -0.3694116 49 22 0
-0.02534905 -0.1470116 -0.3776088 102 72 44
-0.1144931 -0.2638216 -0.2864154 155 112 41
-0.149331 -0.1019276 -0.3601898 194 157 69
-0.06326089 -0.1675056 -0.3171548 33 21 14
-0.02739833 -0.1336916 -0.4923689 172 130 45
-0.117567 -0.1562336 -0.3755595 166 127 47
-0.03354619 -0.1265196 -0.4329395 80 60 38
-0.1380599 -0.1900476 -0.2987112 70 24 10
-0.1769963 -0.1418886 -0.3325244 151 110 42
-0.03354619 -0.1009036 -0.4708513 127 81 28
-0.1749471 -0.1039776 -0.3448202 176 141 66
-0.06326089 -0.05069564 -0.4329395 149 104 41
-0.1237149 -0.2074666 -0.290514 102 42 11
-0.1278134 -0.2443536 -0.2997358 139 92 37
-0.02227512 -0.1418886 -0.4657281 62 13 0
-0.03866942 -0.1357416 -0.4821224 156 114 40
-0.08272909 -0.06196764 -0.293588 27 9 6
-0.1790456 -0.1254956 -0.3171548 72 27 11
-0.05711302 -0.04762164 -0.4103974 153 115 39
-0.03559549 -0.1142236 -0.4308902 52 30 18
-0.09195089 -0.2228356 -0.2915387 102 44 6
-0.1452324 -0.07836064 -0.3417462 109 52 6
-0.04379264 -0.1029526 -0.3530173 82 57 33
-0.02329977 -0.04454864 -0.4841717 173 139 72
-0.05813766 -0.03737564 -0.4360135 145 101 33
-0.1185916 -0.1203716 -0.322278 98 55 21
-0.05506373 -0.1244696 -0.3878552 153 117 41
-0.08477839 -0.2505016 -0.3253519 135 88 34
-0.04994049 -0.07118964 -0.4483092 154 108 49
-0.02227512 -0.1623826 -0.3069083 71 40 19
-0.1728978 -0.1480376 -0.3202287 99 65 33
-0.178021 -0.1080766 -0.3417462 174 136 57
-0.1062959 -0.1562336 -0.3806827 176 135 54
-0.1790456 -0.05376964 -0.3335491 173 140 64
-0.1360106 -0.2115656 -0.293588 97 44 7
-0.1103945 -0.1879976 -0.3704362 145 105 37
-0.02022584 -0.1582836 -0.350968 127 90 36
-0.08272909 -0.2505016 -0.322278 140 98 47
-0.1718731 -0.05069564 -0.276169 114 71 27
-0.04379264 -0.1357416 -0.3274012 173 150 101
-0.1298627 -0.2300086 -0.3181794 148 108 49
-0.1769963 -0.1039776 -0.3427709 166 127 44
-0.04071871 -0.03122764 -0.4155206 111 62 1
-0.1247395 -0.1080766 -0.3284258 100 56 22
-0.1790456 -0.1244696 -0.293588 67 27 7
-0.03457084 -0.1511106 -0.3519927 118 72 37
-0.06428552 -0.1695546 -0.322278 118 77 52
-0.1831442 -0.1224206 -0.3304751 156 118 46
-0.02739833 -0.1470116 -0.3878552 89 62 32
-0.1370352 -0.2013186 -0.3448202 152 107 33
-0.1759717 -0.05991764 -0.3376476 186 154 79
-0.1216656 -0.2136146 -0.3458448 150 108 41
-0.08170447 -0.2207866 -0.3622391 135 84 20
-0.02842299 -0.1429136 -0.4872456 164 118 38
-0.1329367 -0.2033676 -0.3468694 152 107 32
-0.1882674 -0.04864664 -0.3130562 142 101 44
-0.1626513 -0.07118964 -0.3499434 184 152 73
-0.1667499 -0.09578064 -0.3468694 186 148 58
-0.1913414 -0.08143564 -0.3120315 118 76 36
-0.04789123 -0.04044964 -0.4073234 131 88 37
-0.03457084 -0.01995664 -0.4349888 126 70 9
-0.1431831 -0.2013186 -0.307933 98 51 20
-0.1247395 -0.1316426 -0.3745348 154 111 41
-0.04686657 -0.02303064 -0.443186 129 80 29
-0.08682769 -0.1859486 -0.3202287 113 69 39
-0.1247395 -0.1131996 -0.3540419 111 47 5
-0.1657253 -0.1746781 -0.3304751 144 102 37
-0.06223622 -0.04557264 -0.4349888 145 96 35
-0.1103945 -0.1920966 -0.3171548 83 30 5
-0.06121159 -0.06299164 -0.4360135 177 142 65
-0.1308874 -0.2177126 -0.3314998 146 103 38
-0.04481729 -0.1039776 -0.3437955 35 11 5
-0.1534295 -0.1951706 -0.3233026 152 104 33
-0.02842299 -0.1111496 -0.4452352 107 52 21
-0.1452324 -0.2074666 -0.3140808 134 87 33
-0.01817654 -0.08348464 -0.486221 196 160 69
-0.05916229 -0.07938564 -0.4216684 160 127 50
-0.04174335 -0.1060266 -0.4329395 78 52 27
-0.1872428 -0.04557264 -0.3130562 168 135 88
-0.09195089 -0.01995664 -0.2833415 112 85 35
-0.09707412 -0.2054166 -0.2915387 84 33 5
-0.08272909 -0.06504064 -0.2894894 38 17 15
-0.1073205 -0.1080766 -0.2966619 202 199 188
-0.1103945 -0.2597226 -0.3007605 144 102 34
-0.02125047 -0.1162736 -0.2987112 37 20 11
-0.1483063 -0.06606514 -0.3161301 87 47 21
-0.07453194 -0.1654556 -0.3427709 145 101 55
-0.09297556 -0.2545996 -0.3233026 129 91 39
-0.1503556 -0.05479464 -0.2843662 81 43 8
-0.1575281 -0.1705796 -0.3181794 131 82 23
-0.0243244 -0.1716036 -0.4677774 124 85 26
-0.04071871 -0.05274514 -0.471876 190 151 72
-0.09297556 -0.2197621 -0.3591652 160 116 43
-0.1185916 -0.1941466 -0.2864154 86 43 19
-0.06633482 -0.1111496 -0.3704362 42 18 11
-0.03662014 -0.03020314 -0.4062988 108 59 14
-0.1708485 -0.1541846 -0.3386723 154 111 39
-0.06018695 -0.07323764 -0.411422 125 86 31
-0.1267888 -0.2423041 -0.304859 129 78 29
-0.05301443 -0.03942564 -0.4144959 140 103 34
-0.1800703 -0.1060266 -0.3181794 75 47 27
-0.1339613 -0.2146386 -0.2976865 103 54 18
-0.03047227 -0.06299164 -0.3704362 21 0 0
-0.09400019 -0.1951706 -0.3253519 104 49 13
-0.08580303 -0.04557264 -0.3017851 33 15 5
-0.03354619 -0.1244696 -0.4073234 85 56 27
-0.08375377 -0.1306186 -0.3560912 125 75 37
-0.09400019 -0.2054166 -0.290514 94 40 11
-0.134986 -0.1295936 -0.3694116 199 163 79
-0.03252156 -0.1336916 -0.4226931 57 37 23
-0.1790456 -0.1265196 -0.293588 54 21 7
-0.100148 -0.1685296 -0.3161301 98 49 15
-0.07248269 -0.1152476 -0.336623 67 49 33
-0.08477839 -0.008685643 -0.2915387 135 104 40
-0.1206409 -0.2443536 -0.3171548 124 67 32
-0.04174335 -0.05172064 -0.4708513 182 145 60
-0.07658124 -0.06504064 -0.3130562 24 8 8
-0.1851935 -0.07426264 -0.3294505 145 103 46
-0.1544542 -0.1511106 -0.3622391 174 133 56
-0.03866942 -0.06811464 -0.4708513 187 152 74
-0.1247395 -0.1890236 -0.365313 165 123 39
-0.07453194 -0.08553364 -0.3069083 75 66 57
-0.1134684 -0.02303064 -0.290514 141 114 69
-0.06633482 -0.1162736 -0.2802676 217 211 200
-0.02944763 -0.04557264 -0.2976865 13 9 5
-0.06633482 -0.1449636 -0.3581405 6 2 3
-0.1226902 -0.1101246 -0.3151055 131 94 49
-0.149331 -0.06606514 -0.3274012 108 67 29
-0.02534905 -0.03122764 -0.3960523 87 33 1
-0.1595774 -0.05069564 -0.2884647 92 46 2
-0.0263737 -0.01175864 -0.4298656 129 85 30
-0.08170447 -0.2320576 -0.3458448 149 95 30
-0.1401091 -0.1613576 -0.2956372 67 28 11
-0.1452324 -0.2033676 -0.307933 125 76 31
-0.05506373 -0.08655864 -0.3868305 47 21 9
-0.04891586 -0.05786864 -0.4616295 172 135 60
-0.1595774 -0.1562336 -0.3550666 162 119 44
-0.04174335 -0.08143564 -0.471876 185 150 54
-0.02842299 -0.1213966 -0.4585556 57 9 3
-0.1585528 -0.1418886 -0.3601898 166 128 51
-0.09400019 -0.1777516 -0.3817073 151 113 53
-0.03764478 -0.07323764 -0.4739253 182 148 46
-0.1185916 -0.2453776 -0.3192041 125 71 35
-0.1739224 -0.04557264 -0.3017851 123 80 22
-0.1831442 -0.1183226 -0.2946126 70 30 4
-0.1114191 -0.09373164 -0.2925633 141 105 60
-0.04686657 -0.02815364 -0.4226931 152 112 42
-0.02534905 -0.1009036 -0.3294505 0 0 0
-0.1534295 -0.1582836 -0.3601898 160 116 40
-0.1073205 -0.1941466 -0.368387 156 115 37
-0.02125047 -0.08245964 -0.3468694 10 0 0
-0.1565035 -0.05274514 -0.290514 94 56 11
-0.03354619 -0.08655864 -0.3530173 72 53 38
-0.09707412 -0.005611643 -0.2751444 107 78 36
-0.03149691 -0.1244696 -0.4882703 168 127 41
-0.1687992 -0.1470116 -0.2884647 51 23 9
-0.05813766 -0.1131996 -0.3950277 164 127 42
-0.117567 -0.2494766 -0.3120315 128 78 36
-0.06326089 -0.06709064 -0.4226931 155 119 56
-0.1554788 -0.05479464 -0.2997358 89 47 6
-0.1667499 -0.1736526 -0.3386723 156 116 52
-0.04071871 -0.05479464 -0.471876 189 155 68
-0.1226902 -0.2125896 -0.2956372 89 39 11
-0.03866942 -0.08963264 -0.3632637 63 42 24
-0.1216656 -0.1142236 -0.3243273 100 58 21
-0.1565035 -0.1060266 -0.3550666 178 141 62
-0.08477839 -0.01278464 -0.2925633 134 101 39
-0.1380599 -0.1162736 -0.368387 188 149 64
-0.03047227 -0.1285686 -0.4083481 72 47 24
-0.02329977 -0.08758264 -0.3396969 1 0 0
-0.03457084 -0.03430164 -0.4022002 115 67 18
-0.1565035 -0.05274514 -0.2874401 86 46 5
-0.03969407 -0.1070516 -0.4800731 166 130 60
-0.05813766 -0.02610464 -0.4452352 199 156 66
-0.05506373 -0.1265196 -0.3806827 148 114 50
-0.03252156 -0.07221364 -0.3622391 29 8 2
-0.07145801 -0.1511106 -0.3704362 49 30 9
-0.01920119 -0.1562336 -0.3560912 110 72 26
-0.03457084 -0.07631264 -0.365313 11 0 0
-0.1288381 -0.1224206 -0.3714609 162 124 49
-0.1144931 -0.1234456 -0.3130562 117 74 31
-0.131912 -0.2351316 -0.3058837 139 89 31
-0.03969407 -0.1388156 -0.3847813 140 101 39
-0.1544542 -0.1541846 -0.2812922 75 26 1
-0.07453194 -0.1859486 -0.3724855 13 3 3
-0.1759717 -0.05991764 -0.3417462 217 188 110
-0.1339613 -0.1295936 -0.3694116 170 132 53
-0.1216656 -0.2095156 -0.2946126 83 33 11
-0.09912342 -0.1910716 -0.3069083 141 98 52
-0.03866942 -0.04967164 -0.4739253 192 159 76
-0.08682769 -0.2412796 -0.336623 137 92 35
-0.1134684 -0.1285686 -0.3294505 106 62 28
-0.1687992 -0.1213966 -0.3540419 178 140 53
-0.1739224 -0.1367656 -0.2782183 117 85 48
-0.1267888 -0.2228356 -0.3294505 147 106 41
-0.0263737 -0.1091006 -0.4995414 179 141 51
-0.1595774 -0.1798016 -0.3437955 150 106 37
-0.04584193 -0.1275446 -0.3888798 145 102 31
-0.03354619 -0.08655864 -0.4831471 162 128 67
-0.1616267 -0.04762164 -0.2751444 110 67 16
-0.02125047 -0.1131996 -0.4933935 158 118 49
-0.03559549 -0.01893164 -0.4513831 138 91 34
-0.02534905 -0.01175864 -0.4175699 90 50 13
-0.1544542 -0.08041064 -0.3550666 171 142 85
-0.05711302 -0.09782914 -0.379658 43 17 8
-0.1903167 -0.08963264 -0.3028097 174 146 69
-0.07965517 -0.2464026 -0.3325244 127 81 29
-0.02739833 -0.1582836 -0.4800731 156 106 30
-0.04379264 -0.06299164 -0.4647035 177 140 53
-0.02227512 -0.1244696 -0.4985167 178 139 46
-0.04789123 -0.08758264 -0.440112 151 114 57
-0.08990163 -0.1920966 -0.3776088 141 98 47
-0.07658124 -0.2023436 -0.3192041 138 105 65
-0.0243244 -0.1039776 -0.336623 5 0 0
-0.02944763 -0.04967164 -0.4810978 191 158 84
-0.0263737 -0.08553364 -0.3355984 5 0 0
-0.1677746 -0.1531606 -0.3110069 33 13 7
-0.04686657 -0.1459876 -0.3581405 124 85 40
-0.1380599 -0.2269346 -0.2802676 98 59 24
-0.03764478 -0.1029526 -0.4759746 144 108 55
-0.1401091 -0.08041064 -0.3130562 140 113 71
-0.1206409 -0.08963264 -0.3120315 199 185 168
-0.08477839 -0.2218116 -0.3591652 161 118 48
-0.01920119 -0.1091006 -0.3058837 70 55 42
-0.01920119 -0.04352314 -0.3550666 21 0 0
-0.163676 -0.05274514 -0.3304751 127 79 30
-0.01817654 -0.1593076 -0.3120315 87 55 27
-0.1739224 -0.1449636 -0.3253519 110 67 25
-0.07248269 -0.1961946 -0.3355984 120 62 22
-0.09195089 -0.1511106 -0.3837566 95 75 57
-0.1206409 -0.09680464 -0.2987112 124 89 44
-0.1421584 -0.1705796 -0.3642884 160 119 43
-0.02534905 -0.1664806 -0.3253519 101 55 20
-0.09195089 -0.2259106 -0.304859 95 46 16
-0.09502483 -0.2617726 -0.3110069 128 81 24
-0.06121159 -0.05991764 -0.4103974 111 62 21
-0.05506373 -0.07938564 -0.3919538 73 40 11
-0.1103945 -0.1623826 -0.2864154 138 107 57
-0.1554788 -0.1234456 -0.3632637 172 132 49
-0.07350731 -0.1541846 -0.3376476 150 111 60
-0.07863054 -0.1910716 -0.3786334 35 18 7
-0.192366 -0.08143564 -0.3038344 143 112 51
-0.03662014 -0.1101246 -0.4390874 92 70 37
-0.03662014 -0.1193466 -0.304859 20 5 0
-0.1452324 -0.2095156 -0.3212533 145 98 39
-0.1851935 -0.1091006 -0.290514 145 111 49
-0.1882674 -0.04967164 -0.3089576 156 120 56
-0.1575281 -0.05274514 -0.3120315 102 53 6
-0.05608836 -0.03532664 -0.4329395 154 119 46
-0.07863054 -0.1685296 -0.3417462 173 138 88
-0.03969407 -0.1101246 -0.4298656 60 24 11
-0.1247395 -0.2464026 -0.3038344 136 92 42
-0.1575281 -0.1470116 -0.3601898 164 123 45
-0.1390845 -0.1869736 -0.2915387 111 62 10
-0.1882674 -0.06913964 -0.3263766 148 107 57
-0.1913414 -0.07221364 -0.290514 125 83 32
-0.1185916 -0.1982446 -0.2864154 80 37 13
-0.03866942 -0.05274514 -0.3878552 54 17 4
-0.134986 -0.2505016 -0.2864154 155 110 44
-0.1687992 -0.1603326 -0.3335491 155 112 37
-0.1739224 -0.1470116 -0.3284258 120 79 32
-0.1165424 -0.1961946 -0.3642884 158 116 36
-0.03252156 -0.03430164 -0.3981016 107 55 15
-0.1554788 -0.05274514 -0.2874401 100 64 19
-0.04686657 -0.02200664 -0.4462599 138 88 33
-0.03457084 -0.1091006 -0.4442106 94 42 5
-0.03457084 -0.1347166 -0.3007605 41 25 12
-0.06531015 -0.1039776 -0.3888798 90 62 35
-0.01817654 -0.01175864 -0.4278163 105 60 11
-0.1185916 -0.1091006 -0.3130562 135 91 41
-0.08887696 -0.2207866 -0.3304751 121 66 10
-0.1021973 -0.1808256 -0.3755595 151 114 47
-0.09604949 -0.1961946 -0.3724855 153 109 32
-0.1288381 -0.1890236 -0.3632637 162 120 40
-0.1021973 -0.1603326 -0.3806827 160 121 43
-0.1851935 -0.05991764 -0.3284258 194 157 85
-0.08375377 -0.02303064 -0.1788278 37 30 25
-0.08477839 -0.1726286 -0.1296449 72 44 18
-0.06531015 -0.03737564 -0.1101767 20 12 9
-0.1769963 -0.08348464 -0.247479 124 108 87
-0.04789123 -0.1439386 -0.02000803 95 62 24
-0.1657253 -0.1582836 -0.1931729 64 47 30
-0.1278134 -0.1879976 -0.261824 26 7 5
-0.08170447 -0.1705796 -0.1378421 59 33 18
-0.178021 -0.07221364 -0.2567008 99 76 57
-0.1226902 -0.1685296 -0.1429653 80 63 48
-0.09707412 -0.03532664 -0.2556761 10 5 2
-0.1810949 -0.09578064 -0.2485036 75 59 49
-0.1759717 -0.1213966 -0.2228875 54 41 34
-0.1790456 -0.06401664 -0.2607993 154 129 88
-0.1769963 -0.1459876 -0.2146904 72 56 40
-0.06940875 -0.005611643 -0.1112013 40 35 31
-0.09297556 -0.02610464 -0.2700211 69 55 42
-0.08682769 -0.05581864 -0.1829264 21 15 13
-0.08887696 -0.1582836 -0.126571 52 35 27
-0.05608836 -0.1675056 -0.1275956 33 18 7
-0.09400019 -0.1808256 -0.1532117 94 59 30
-0.03559549 -0.1418886 -0.02513126 33 20 12
-0.01920119 -0.1408646 -0.158335 10 2 0
-0.05608836 -0.1121746 -0.04050091 42 29 19
-0.1442077 -0.1213966 -0.2218629 30 15 7
-0.117567 -0.1316426 -0.1655075 26 13 5
-0.02944763 -0.1408646 -0.09788097 49 28 22
-0.06018695 -0.04557264 -0.09788097 27 18 16
-0.09400019 -0.009710643 -0.1480885 28 23 20
-0.08887696 -0.01483364 -0.1614089 35 26 22
-0.05506373 -0.05684364 -0.1030042 17 10 8
-0.02842299 -0.1634066 -0.1286203 15 10 7
-0.08067984 -0.005611643 -0.1368175 15 13 10
-0.1687992 -0.06299164 -0.2505529 55 33 20
-0.07248269 -0.02712964 -0.1286203 18 13 10
-0.09195089 -0.09782914 -0.1624335 18 13 10
-0.1042466 -0.01688264 -0.2351833 62 49 41
-0.05711302 -0.1091006 -0.1368175 15 5 3
-0.07248269 -0.1634066 -0.1142753 113 98 81
-0.1677746 -0.1480376 -0.2515776 59 31 13
-0.1800703 -0.1306186 -0.2433804 47 27 16
-0.1298627 -0.1675056 -0.1511625 37 23 20
-0.08682769 -0.04044964 -0.1521871 28 21 17
-0.1401091 -0.09065664 -0.1767786 25 15 8
-0.05813766 -0.01278464 -0.03127912 12 6 2
-0.1370352 -0.1777516 -0.1849757 110 80 44
-0.08170447 -0.1418886 -0.1337435 33 18 11
-0.06121159 -0.02405464 -0.0589445 17 13 12
-0.042768 -0.07631264 -0.08763454 26 14 7
-0.08375377 -0.01175864 -0.1378421 19 16 14
-0.07658124 -0.08143564 -0.1603843 62 47 35
-0.06735945 -0.009710643 -0.1050535 46 39 37
-0.07453194 -0.06401664 -0.1491132 30 21 17
-0.1534295 -0.1562336 -0.2567008 112 84 47
-0.06940875 -0.1183226 -0.01795874 103 84 46
-0.1298627 -0.2279586 -0.2689965 111 60 18
-0.1667499 -0.1500866 -0.1911236 74 55 44
-0.09912342 -0.03942564 -0.2505529 9 5 1
-0.100148 -0.06401664 -0.2433804 92 66 40
-0.09604949 -0.04147364 -0.2105918 55 44 37
-0.05813766 -0.05684364 -0.0753388 59 41 20
-0.1647006 -0.1531606 -0.2515776 49 23 10
-0.1821196 -0.1234456 -0.2567008 84 51 20
-0.05813766 -0.04147364 -0.1245217 21 16 12
-0.06633482 -0.06709064 -0.04562413 18 9 6
-0.1114191 -0.1183226 -0.1593596 57 40 18
-0.03866942 -0.1377906 -0.1511625 88 57 28
-0.1882674 -0.09987864 -0.2710458 125 95 52
-0.1390845 -0.1521361 -0.1767786 72 57 47
-0.04481729 -0.08860764 -0.1234971 60 51 46
-0.1380599 -0.06709064 -0.2003454 67 49 33
-0.146257 -0.05479464 -0.2679719 42 17 2
-0.1155177 -0.1777516 -0.155261 93 70 52
-0.03149691 -0.1603326 -0.09480703 25 11 4
-0.042768 -0.1306186 -0.03640233 26 14 5
-0.1083452 -0.08143564 -0.1778032 213 202 185
-0.1431831 -0.1634066 -0.2526022 67 37 13
-0.05096516 -0.06504064 -0.1327189 24 16 11
-0.08272909 -0.1838996 -0.1829264 72 42 17
-0.05916229 -0.1613576 -0.155261 27 11 3
-0.1380599 -0.2023436 -0.2464543 92 62 36
-0.08375377 -0.1787756 -0.1511625 65 40 22
-0.03662014 -0.1613576 -0.1337435 11 5 2
-0.1472817 -0.1613576 -0.1778032 77 63 47
-0.05096516 -0.06299164 -0.1060781 24 16 11
-0.1052713 -0.1142236 -0.1532117 40 20 5
-0.1278134 -0.2617726 -0.2351833 128 76 27
-0.05711302 -0.1623826 -0.09993026 22 9 4
-0.1370352 -0.1480376 -0.1767786 62 47 37
-0.03662014 -0.1091006 -0.06304308 7 3 0
-0.05403909 -0.1295936 -0.02000803 69 50 31
-0.1790456 -0.1142236 -0.244405 67 51 38
-0.03149691 -0.1603326 -0.1357928 21 11 10
-0.05506373 -0.04557264 -0.1255464 18 13 10
-0.1257642 -0.1818506 -0.2269861 79 42 11
-0.04789123 -0.1480376 -0.1183739 13 2 0
-0.163676 -0.08348464 -0.2290354 59 43 33
-0.146257 -0.1767276 -0.20137 99 52 11
-0.08477839 -0.1746781 -0.1357928 60 35 15
-0.1749471 -0.1408646 -0.2064932 61 45 30
-0.1021973 -0.1818506 -0.17268 48 26 11
-0.08580303 -0.1767276 -0.1398914 63 41 18
-0.1759717 -0.1377906 -0.244405 55 37 27
-0.1513802 -0.1716036 -0.1849757 65 44 22
-0.06121159 -0.02303064 -0.05484593 18 13 10
-0.04174335 -0.1101246 -0.0589445 10 5 1
-0.042768 -0.1480376 -0.1009549 42 20 3
-0.08990163 -0.009710643 -0.1747293 28 18 16
-0.06121159 -0.1449636 -0.1193985 22 11 8
-0.05198979 -0.05786864 -0.1112013 30 23 19
-0.1093698 -0.2556246 -0.261824 133 74 27
-0.160602 -0.09578064 -0.2167397 72 57 50
-0.1800703 -0.1254956 -0.2659226 133 98 41
-0.1380599 -0.1757026 -0.1655075 85 59 30
-0.1011727 -0.1808256 -0.1593596 106 66 23
-0.06633482 -0.06401664 -0.04869806 18 9 6
-0.1370352 -0.1767276 -0.1675568 111 78 41
-0.08682769 -0.03635064 -0.2720704 23 15 9
-0.09604949 -0.08655864 -0.1757539 18 13 10
-0.06223622 -0.05889364 -0.06509236 55 40 23
-0.04994049 -0.04147364 -0.0189834 15 11 9
-0.04891586 -0.09373164 -0.06201843 24 18 15
-0.05608836 -0.03430164 -0.03025447 25 18 13
-0.04686657 -0.1060266 -0.1224724 20 9 7
-0.08272909 -0.06094164 -0.1634582 26 21 14
-0.1718731 -0.1511106 -0.2372325 39 26 13
-0.05506373 -0.1367656 -0.1173492 65 42 13
-0.05403909 -0.06709064 -0.0753388 60 44 25
-0.08170447 -0.1644316 -0.1214478 53 38 28
-0.09092626 -0.08041064 -0.1767786 101 92 78
-0.06326089 -0.1705796 -0.1255464 56 36 20
-0.04789123 -0.06913964 -0.09890561 13 5 3
-0.1011727 -0.1941466 -0.2003454 41 23 13
-0.08887696 -0.05581864 -0.2515776 49 44 35
-0.01920119 -0.1572596 -0.1337435 44 23 13
-0.06633482 -0.08758264 -0.03742698 17 9 5
-0.1339613 -0.1746781 -0.247479 62 31 11
-0.05608836 -0.1070516 -0.04357484 22 15 11
-0.1790456 -0.1439386 -0.2259615 68 51 38
-0.03354619 -0.09475564 -0.08763454 24 11 7
-0.05198979 -0.1582836 -0.09788097 21 7 0
-0.08785233 -0.07323764 -0.1767786 11 6 2
-0.1626513 -0.09065664 -0.2198136 63 47 41
-0.1278134 -0.1429136 -0.1972714 11 0 0
-0.1616267 -0.08655864 -0.2208382 36 18 15
-0.1267888 -0.1418886 -0.187025 33 20 11
-0.1657253 -0.1593076 -0.2362079 39 18 9
-0.06121159 -0.03635064 -0.09070847 40 30 28
-0.1370352 -0.06094164 -0.247479 24 7 2
-0.1472817 -0.1757026 -0.1952221 93 50 23
-0.06223622 -0.005611643 -0.0425502 20 16 13
-0.1800703 -0.1357416 -0.2310847 41 23 12
-0.1339613 -0.1992696 -0.2505529 31 15 11
-0.06223622 -0.03532664 -0.0937824 36 24 21
-0.06326089 -0.1736526 -0.1603843 75 49 22
-0.05506373 -0.01995664 -0.07943738 30 24 21
-0.02842299 -0.1490616 -0.02205733 53 33 19
-0.05301443 -0.1275446 -0.1224724 57 42 23
-0.05198979 -0.05172064 -0.1286203 15 5 3
-0.1093698 -0.2586986 -0.261824 122 60 10
-0.1759717 -0.1418886 -0.2126411 36 20 9
-0.08580303 -0.009710643 -0.1388667 12 11 9
-0.163676 -0.1654556 -0.2382572 117 82 41
-0.042768 -0.06811464 -0.1286203 38 27 21
-0.08887696 -0.01688264 -0.1921482 24 15 11
-0.1216656 -0.1808256 -0.247479 77 31 5
-0.08887696 -0.01380864 -0.1644828 46 37 31
-0.1595774 -0.1685296 -0.2003454 61 41 19
-0.08272909 -0.04352314 -0.1450146 35 27 21
-0.042768 -0.09065664 -0.1101767 49 40 37
-0.09809876 -0.04864664 -0.2341586 80 63 42
-0.09912342 -0.03225264 -0.2105918 62 50 40
-0.1657253 -0.1562336 -0.2464543 65 32 15
-0.1769963 -0.1254956 -0.2218629 52 38 31
-0.04584193 -0.03839964 -0.0148848 23 14 10
-0.05403909 -0.08245964 -0.1388667 34 25 20
-0.05813766 -0.04454864 -0.08660989 27 18 13
-0.08477839 -0.03942564 -0.1491132 27 19 14
-0.08375377 -0.05684364 -0.17268 26 22 18
-0.05506373 -0.09475564 -0.04869806 36 28 24
-0.1124438 -0.2607486 -0.2403065 150 114 69
-0.09092626 -0.01893164 -0.1614089 30 22 18
-0.1308874 -0.1798016 -0.1952221 82 47 17
-0.05608836 -0.07528714 -0.06304308 9 6 7
-0.1370352 -0.1541846 -0.2208382 33 18 10
-0.1185916 -0.1531606 -0.1921482 18 5 0
-0.1759717 -0.1500866 -0.2126411 40 24 12
-0.1401091 -0.1552096 -0.1511625 39 18 5
-0.1216656 -0.2515266 -0.2413311 142 94 49
-0.06838409 -0.005611643 -0.1019795 39 31 29
-0.1851935 -0.08450964 -0.261824 63 44 33
-0.1062959 -0.07323764 -0.1839511 121 103 82
-0.06428552 -0.1111496 -0.1398914 20 10 8
-0.160602 -0.1705796 -0.2177643 69 40 16
-0.103222 -0.005611643 -0.2136657 17 12 8
-0.1657253 -0.1562336 -0.20137 46 31 21
-0.06838409 -0.1623826 -0.1132506 44 35 30
-0.09707412 -0.02405464 -0.2044439 40 34 29
-0.1401091 -0.06299164 -0.2044439 41 27 16
-0.1718731 -0.09475564 -0.233134 90 74 60
-0.06940875 -0.02507964 -0.1193985 25 21 19
-0.05916229 -0.04967164 -0.1071028 18 12 8
-0.1073205 -0.1347166 -0.1511625 55 33 15
-0.04071871 -0.1019276 -0.06509236 17 11 8
-0.03457084 -0.1162736 -0.09275775 24 11 7
-0.1196163 -0.07836064 -0.1849757 97 79 55
-0.149331 -0.05889364 -0.2095672 74 62 49
-0.1800703 -0.07323764 -0.2628486 68 42 26
-0.09604949 -0.02610464 -0.2648979 28 21 11
-0.1329367 -0.06709064 -0.2495283 65 49 33
-0.1585528 -0.06094164 -0.244405 35 13 5
-0.1872428 -0.08963264 -0.2597747 53 36 25
-0.08682769 -0.05991764 -0.2669472 28 22 15
-0.1073205 -0.01585764 -0.2310847 41 31 20
-0.103222 -0.1459876 -0.1511625 31 13 1
-0.1790456 -0.1408646 -0.2351833 47 29 14
-0.04379264 -0.07221364 -0.08968382 50 37 25
-0.08580303 -0.09373164 -0.2526022 33 13 6
-0.1718731 -0.1183226 -0.215715 52 39 31
-0.1011727 -0.06606514 -0.1921482 21 7 0
-0.1103945 -0.1019276 -0.1655075 15 11 6
-0.06735945 -0.07118964 -0.04459949 34 27 24
-0.163676 -0.05684364 -0.2659226 65 25 6
-0.042768 -0.08245964 -0.07841273 16 7 2
-0.06531015 -0.09065664 -0.1450146 30 21 13
-0.1421584 -0.05684364 -0.2413311 55 31 18
-0.06735945 -0.1685296 -0.1296449 47 27 13
-0.07043339 -0.08143564 -0.02410661 52 31 16
-0.02329977 -0.1552096 -0.1378421 40 23 11
-0.09707412 -0.04454864 -0.2372325 17 13 8
-0.06223622 -0.06811464 -0.05791987 33 27 23
-0.05301443 -0.1664806 -0.09993026 62 41 24
-0.1616267 -0.05684364 -0.2536268 66 37 18
-0.1062959 -0.1838996 -0.158335 62 30 4
-0.03764478 -0.1388156 -0.1030042 47 28 15
-0.149331 -0.1777516 -0.2095672 97 57 23
-0.1749471 -0.1449636 -0.2054686 59 43 31
-0.1206409 -0.1859486 -0.1931729 138 99 70
-0.1677746 -0.1521361 -0.2495283 51 27 13
-0.1554788 -0.1726286 -0.1982961 55 34 18
-0.09707412 -0.003562643 -0.2034193 21 16 12
-0.1749471 -0.1367656 -0.2659226 93 62 32
-0.1370352 -0.1080766 -0.2034193 60 47 37
-0.06838409 -0.1091006 -0.140916 35 27 20
-0.07760589 -0.01585764 -0.1316942 18 15 13
-0.02227512 -0.1470116 -0.08456061 33 20 15
-0.05608836 -0.05069564 -0.1009549 31 21 11
-0.1749471 -0.1552096 -0.2177643 56 37 19
-0.1103945 -0.05376964 -0.2177643 15 2 0
-0.1073205 -0.1306186 -0.1470639 72 47 24
-0.02944763 -0.1398406 -0.03127912 71 54 35
-0.1370352 -0.1039776 -0.1900989 44 26 19
-0.07555661 -0.08348464 -0.02615589 63 50 39
-0.08785233 -0.04352314 -0.1573103 32 23 16
-0.05916229 -0.04249864 -0.07943738 22 11 6
-0.04891586 -0.07426264 -0.0773881 50 35 21
-0.02842299 -0.1080766 -0.07021559 21 15 11
-0.1093698 -0.1941466 -0.2126411 114 72 42
-0.09092626 -0.007661143 -0.1716553 37 28 24
-0.09912342 -0.03327664 -0.2413311 55 46 37
-0.1759717 -0.1398406 -0.2085425 55 39 20
-0.08375377 -0.05172064 -0.1788278 42 37 33
-0.1810949 -0.09065664 -0.2485036 79 62 51
-0.09604949 -0.02610464 -0.2638733 32 24 15
-0.1718731 -0.1050016 -0.2259615 127 111 89
-0.07863054 -0.1777516 -0.1532117 60 35 14
-0.1380599 -0.05274514 -0.2403065 29 12 1
-0.1237149 -0.05581864 -0.244405 97 79 50
-0.1554788 -0.1593076 -0.1839511 67 50 35
-0.07760589 -0.1060266 -0.0189834 70 57 47
-0.1370352 -0.2002936 -0.2597747 55 31 15
-0.05506373 -0.05991764 -0.07841273 63 48 24
-0.03457084 -0.1244696 -0.05587057 22 13 7
-0.06018695 -0.1009036 -0.03947627 44 31 23
-0.04891586 -0.1039776 -0.05689522 27 18 13
-0.07965517 -0.1336916 -0.1378421 26 16 11
-0.1237149 -0.2556246 -0.2413311 127 78 35
-0.1062959 -0.1050016 -0.2310847 52 33 20
-0.08477839 -0.04659764 -0.1716553 16 13 7
-0.1431831 -0.1664806 -0.2382572 97 52 18
-0.05813766 -0.02507964 -0.06406773 24 20 17
-0.1872428 -0.09373164 -0.2597747 60 43 32
-0.1062959 -0.1716036 -0.1368175 137 105 72
-0.1708485 -0.1470116 -0.1900989 62 47 33
-0.09912342 -0.02712964 -0.2423558 17 11 7
-0.1483063 -0.06299164 -0.2085425 40 24 16
-0.04174335 -0.1521361 -0.09788097 40 21 3
-0.1339613 -0.1777516 -0.1982961 46 15 0
-0.1718731 -0.1418886 -0.2587501 98 69 39
-0.1585528 -0.1582836 -0.247479 46 23 13
-0.1185916 -0.06299164 -0.1941975 18 13 7
-0.160602 -0.08963264 -0.2167397 85 69 60
-0.1380599 -0.2556246 -0.2720704 130 80 27
-0.131912 -0.1777516 -0.1634582 87 57 21
-0.1083452 -0.07836064 -0.1798525 50 37 23
-0.08580303 -0.04659764 -0.1634582 31 22 20
-0.02534905 -0.1541846 -0.07431417 16 2 0
-0.08785233 -0.03020314 -0.1624335 12 7 4
-0.03559549 -0.1654556 -0.1091521 91 77 67
-0.1790456 -0.1347166 -0.2167397 49 36 27
-0.1103945 -0.2627976 -0.2659226 127 65 11
-0.05096516 -0.1275446 -0.02615589 24 15 5
-0.1380599 -0.04762164 -0.2280107 51 34 21
-0.04994049 -0.1244696 -0.1193985 45 27 11
-0.07453194 -0.1203716 -0.140916 26 13 7
-0.146257 -0.1716036 -0.17268 47 31 11
-0.1472817 -0.1582836 -0.2526022 37 15 5
-0.1554788 -0.05376964 -0.2700211 52 20 0
-0.1544542 -0.1613576 -0.1798525 45 27 15
-0.06121159 -0.02917764 -0.06509236 33 23 18
-0.1503556 -0.08963264 -0.2034193 46 28 21
-0.06326089 -0.01893164 -0.0937824 29 24 21
-0.03559549 -0.1121746 -0.06201843 15 10 6
-0.04481729 -0.1429136 -0.02308197 89 65 35
-0.06121159 -0.03122764 -0.05484593 31 23 17
-0.03047227 -0.1265196 -0.08660989 27 13 10
-0.03866942 -0.1541846 -0.1347682 15 3 1
-0.06018695 -0.03737564 -0.09890561 27 19 16
-0.1278134 -0.1716036 -0.2464543 57 31 10
-0.1011727 -0.1019276 -0.1593596 15 8 5
-0.04686657 -0.09987864 -0.1224724 11 6 4
-0.08682769 -0.06094164 -0.1798525 15 10 5
-0.03252156 -0.1142236 -0.0917331 15 7 5
-0.06838409 -0.02507964 -0.1183739 17 15 12
-0.1667499 -0.08245964 -0.2321093 43 26 18
-0.163676 -0.1490616 -0.2628486 75 50 33
-0.1831442 -0.08553364 -0.2546515 93 75 56
-0.08682769 -0.04352314 -0.1573103 36 26 19
-0.06428552 -0.1224206 -0.01795874 88 65 29
-0.0263737 -0.1531606 -0.07226487 26 9 2
-0.1728978 -0.1480376 -0.2034193 71 55 36
-0.05813766 -0.03122764 -0.03127912 74 60 47
-0.03969407 -0.1582836 -0.1306696 9 1 2
-0.06223622 -0.03430164 -0.05791987 35 26 23
-0.05301443 -0.08553364 -0.05996915 9 5 4
-0.04994049 -0.08450964 -0.06816631 21 17 14
-0.1308874 -0.2505016 -0.2659226 119 63 13
-0.1093698 -0.1162736 -0.1593596 101 83 57
-0.05506373 -0.05581864 -0.09583168 23 15 11
-0.08682769 -0.1879976 -0.1911236 37 11 3
-0.09297556 -0.1480376 -0.1388667 24 5 0
-0.06121159 -0.1131996 -0.1378421 17 6 5
-0.1616267 -0.1480376 -0.2720704 126 99 59
-0.05916229 -0.05889364 -0.07226487 40 23 8
-0.08682769 -0.06913964 -0.1737046 32 25 19
-0.07043339 -0.1449636 -0.1245217 21 11 5
-0.146257 -0.08348464 -0.1972714 37 18 9
-0.05198979 -0.04352314 -0.02000803 13 9 6
-0.1565035 -0.1726286 -0.215715 72 35 9
-0.178021 -0.1511106 -0.2218629 39 22 7
-0.04994049 -0.1244696 -0.1152999 78 59 36
-0.04379264 -0.1685296 -0.1101767 47 35 26
-0.1677746 -0.05172064 -0.2720704 95 54 17
-0.06018695 -0.07016364 -0.1439899 35 27 24
-0.07350731 -0.07221364 -0.02820519 19 9 7
-0.1790456 -0.08963264 -0.2454297 145 127 95
-0.1021973 -0.1828746 -0.1685814 75 55 41
-0.02125047 -0.1429136 -0.09275775 37 22 15
-0.09195089 -0.06709064 -0.1798525 43 34 27
-0.06838409 -0.02712964 -0.1101767 21 11 10
-0.1790456 -0.1019276 -0.2362079 48 34 27
-0.03559549 -0.1449636 -0.1255464 31 17 10
-0.05813766 -0.09475564 -0.04459949 17 9 6
-0.1790456 -0.05786864 -0.2720704 140 105 47
-0.1790456 -0.1234456 -0.2433804 42 26 16
-0.06121159 -0.04249864 -0.1347682 26 22 21
-0.04481729 -0.07733664 -0.08046203 23 11 5
-0.08477839 -0.1418886 -0.1378421 41 26 18
-0.03866942 -0.1470116 -0.09890561 42 24 15
-0.05096516 -0.1152476 -0.1112013 87 70 54
-0.1790456 -0.06811464 -0.2628486 94 63 40
-0.06326089 -0.06504064 -0.0189834 24 13 10
-0.09400019 -0.05274514 -0.2177643 36 27 16
-0.1544542 -0.05684364 -0.2433804 45 24 15
-0.09297556 -0.03942564 -0.2648979 22 13 5
-0.09912342 -0.01073464 -0.2064932 38 27 20
-0.1647006 -0.09885464 -0.2239122 27 15 13
-0.07248269 -0.007661143 -0.1204231 31 23 19
-0.100148 -0.03020314 -0.233134 42 32 22
-0.07863054 -0.01278464 -0.1337435 8 8 8
-0.05916229 -0.01073464 -0.06611701 31 22 20
-0.05711302 -0.03225264 -0.08148666 18 13 10
-0.1083452 -0.1746781 -0.1398914 105 71 39
-0.09912342 -0.006635643 -0.2700211 96 72 37
-0.06223622 -0.02405464 -0.08968382 34 28 24
-0.1308874 -0.04659764 -0.2249368 15 7 0
-0.05813766 -0.1029526 -0.1357928 27 13 5
-0.1073205 -0.05479464 -0.2239122 66 52 42
-0.09912342 -0.02303064 -0.2515776 62 48 35
-0.09092626 -0.02917764 -0.1501378 58 46 37
-0.04481729 -0.06196764 -0.1224724 18 13 11
-0.1103945 -0.2566496 -0.2628486 118 62 26
-0.178021 -0.1377906 -0.2413311 48 30 17
-0.09809876 -0.1224206 -0.1470639 11 0 0
-0.04686657 -0.07118964 -0.08558524 35 21 8
-0.01817654 -0.1377906 -0.09070847 20 9 5
-0.09604949 -0.009710643 -0.2044439 44 36 30
-0.09707412 -0.08041064 -0.1788278 15 7 3
-0.1267888 -0.1726286 -0.215715 94 57 21
-0.03047227 -0.1234456 -0.05587057 57 44 35
-0.04174335 -0.1439386 -0.1081274 66 33 7
-0.1800703 -0.1213966 -0.2259615 52 39 29
-0.100148 -0.01483364 -0.2607993 62 42 18
-0.1073205 -0.05581864 -0.2485036 57 44 31
-0.1308874 -0.2597226 -0.2505529 130 83 28
-0.1626513 -0.1603326 -0.187025 35 21 6
-0.1626513 -0.05581864 -0.2607993 65 29 7
-0.1360106 -0.06094164 -0.2730951 52 35 20
-0.1739224 -0.1541846 -0.2146904 45 29 16
-0.03149691 -0.1398406 -0.04152556 41 27 16
-0.06121159 -0.08041064 -0.04972271 23 15 13
-0.1278134 -0.1726286 -0.2034193 31 13 0
-0.08580303 -0.03327664 -0.1644828 42 37 34
-0.06326089 -0.09475564 -0.0425502 55 47 41
-0.09604949 -0.04659764 -0.2239122 44 37 29
-0.1042466 -0.1326676 -0.1470639 54 33 13
-0.1390845 -0.1244696 -0.1982961 27 15 7
-0.1185916 -0.2382066 -0.2710458 111 57 21
-0.178021 -0.1388156 -0.218789 69 52 37
-0.1411338 -0.05172064 -0.2259615 127 111 85
-0.1411338 -0.1377906 -0.2208382 20 7 0
-0.09502483 -0.06299164 -0.1880496 75 60 44
-0.1370352 -0.06094164 -0.2669472 21 6 0
-0.1011727 -0.02098114 -0.2464543 36 26 18
-0.0263737 -0.1050016 -0.08046203 64 48 35
-0.1124438 -0.1060266 -0.2290354 44 31 23
-0.1216656 -0.1511106 -0.1880496 39 24 13
-0.1134684 -0.05274514 -0.2567008 27 15 3
-0.1062959 -0.06299164 -0.2023947 22 15 11
-0.05813766 -0.09578064 -0.1388667 15 10 6
-0.05813766 -0.1316426 -0.1234971 28 14 9
-0.1575281 -0.06196764 -0.247479 23 2 0
-0.1278134 -0.09475564 -0.17268 33 23 15
-0.03149691 -0.1623826 -0.1306696 16 7 5
-0.08785233 -0.01380864 -0.1829264 67 55 52
-0.1585528 -0.1675056 -0.2372325 129 87 40
-0.1810949 -0.05991764 -0.2659226 156 118 44
-0.1267888 -0.1644316 -0.1470639 37 23 15
-0.01920119 -0.1234456 -0.07431417 33 20 13
-0.1534295 -0.1664806 -0.1839511 37 21 3
-0.1442077 -0.1459876 -0.2228875 44 30 16
-0.042768 -0.04044964 -0.2597747 13 9 7
-0.1442077 -0.1050016 -0.2136657 67 52 44
-0.1687992 -0.06196764 -0.2567008 49 23 10
-0.1575281 -0.05376964 -0.2638733 59 27 7
-0.1278134 -0.1398406 -0.2679719 137 108 77
-0.08170447 -0.02815364 -0.1357928 36 30 18
-0.05608836 -0.04967164 -0.02205733 15 8 6
-0.1339613 -0.2648461 -0.2546515 121 66 10
-0.05916229 -0.04249864 -0.1337435 20 15 11
-0.04379264 -0.09885464 -0.1050535 21 13 11
-0.0243244 -0.1347166 -0.1214478 20 12 7
-0.1554788 -0.1029526 -0.2269861 62 49 42
-0.1759717 -0.1429136 -0.2433804 71 50 33
-0.1401091 -0.1019276 -0.1757539 55 37 27
-0.05506373 -0.05376964 -0.1112013 20 12 9
-0.1380599 -0.1808256 -0.1880496 92 62 33
-0.1513802 -0.1757026 -0.1839511 102 72 41
-0.1821196 -0.1224206 -0.2648979 133 99 44
-0.03764478 -0.1429136 -0.1030042 52 35 23
-0.06633482 -0.05889364 -0.04972271 31 24 18
-0.03149691 -0.1552096 -0.1439899 26 11 3
-0.1062959 -0.02610464 -0.2269861 31 21 13
-0.07555661 -0.08553364 -0.158335 88 75 58
-0.04891586 -0.1121746 -0.1245217 24 10 2
-0.1247395 -0.04967164 -0.2146904 24 11 2
-0.1308874 -0.1644316 -0.1470639 37 22 15
-0.03149691 -0.1377906 -0.1224724 29 16 8
-0.06940875 -0.07836064 -0.03127912 32 21 19
-0.1513802 -0.06709064 -0.2290354 36 18 11
-0.06223622 -0.03327664 -0.0917331 41 30 28
-0.1647006 -0.05991764 -0.2485036 49 27 17
-0.02125047 -0.1101246 -0.07841273 85 70 55
-0.100148 -0.02098114 -0.2556761 27 18 11
-0.1257642 -0.2505016 -0.2567008 116 58 8
-0.04891586 -0.1705796 -0.1081274 74 55 33
-0.05301443 -0.1275446 -0.02513126 45 30 17
-0.01920119 -0.1408646 -0.03127912 70 52 37
-0.08682769 -0.05786864 -0.1931729 11 7 4
-0.1267888 -0.07118964 -0.187025 87 60 31
-0.08990163 -0.1736526 -0.1439899 55 27 5
-0.1103945 -0.2412796 -0.2679719 148 105 49
-0.08170447 -0.1838996 -0.1685814 69 46 28
-0.1267888 -0.1500866 -0.2659226 91 60 49
-0.06018695 -0.03020314 -0.04664877 21 14 10
-0.134986 -0.2648461 -0.2648979 153 101 21
-0.03866942 -0.08041064 -0.09070847 22 13 8
-0.1114191 -0.2494766 -0.2669472 116 62 20
-0.05916229 -0.03635064 -0.0773881 47 33 23
-0.1052713 -0.1347166 -0.1480885 96 73 49
-0.09092626 -0.1675056 -0.1234971 50 33 21
-0.09502483 -0.003562643 -0.1655075 27 20 14
-0.042768 -0.09578064 -0.06919094 11 6 5
-0.1062959 -0.1593076 -0.2710458 27 9 5
-0.1134684 -0.1326676 -0.1634582 31 18 11
-0.1698238 -0.05479464 -0.2700211 95 52 14
-0.131912 -0.2586986 -0.261824 132 76 21
-0.1062959 -0.009710643 -0.2167397 38 31 28
-0.04481729 -0.06401664 -0.1286203 19 11 7
-0.05198979 -0.1121746 -0.04357484 31 21 11
-0.1749471 -0.1009036 -0.2321093 131 115 87
-0.1052713 -0.1070516 -0.2044439 42 31 21
-0.1677746 -0.04864664 -0.2730951 129 89 24
-0.1431831 -0.1572596 -0.2095672 47 33 23
-0.06121159 -0.1634066 -0.1040288 18 5 0
-0.03866942 -0.1490616 -0.09685633 55 37 26
-0.04994049 -0.04249864 -0.0169341 16 10 6
-0.178021 -0.1347166 -0.2515776 124 98 55
-0.1718731 -0.1531606 -0.2023947 63 47 31
-0.1185916 -0.1213966 -0.169606 27 13 5
-0.09092626 -0.1808256 -0.1470639 98 65 33
-0.07145801 -0.009710643 -0.1255464 40 35 31
-0.103222 -0.08758264 -0.2136657 55 39 22
-0.1042466 -0.1244696 -0.1470639 62 44 23
-0.05711302 -0.04967164 -0.01795874 26 15 11
-0.1708485 -0.07836064 -0.2392818 101 84 69
-0.1155177 -0.1818506 -0.1716553 79 51 25
-0.08067984 -0.07221364 -0.1665321 11 6 3
0.1221997 0.2648944 -0.247479 50 42 31
0.09146035 0.2607964 -0.08558524 30 26 20
0.09350964 0.2782154 -0.1819018 10 6 0
0.1652347 0.2638704 -0.1327189 52 47 39
0.08531248 0.2730924 -0.1450146 28 25 21
0.1314215 0.2720664 -0.1737046 14 11 7
0.1775304 0.2618204 -0.1460392 39 34 27
0.1806044 0.2618204 -0.2085425 52 44 34
0.08223855 0.2720664 -0.1368175 44 39 32
0.0996575 0.2720664 -0.2167397 10 7 5
0.1181011 0.2618204 -0.2648979 57 48 36
0.167284 0.2638704 -0.2218629 31 25 17
0.167284 0.2597714 -0.1081274 67 57 42
0.02895707 0.2597714 -0.1101767 47 39 27
0.1519143 0.2628444 -0.1071028 29 24 19
0.1631854 0.2628444 -0.1204231 30 27 22
0.1437172 0.2720664 -0.1880496 49 41 33
0.1221997 0.2689934 -0.1829264 11 10 7
0.1396186 0.2597714 -0.08763454 68 63 55
0.07609069 0.2700174 -0.2321093 35 31 26
0.1191257 0.2700174 -0.1204231 52 47 40
0.1426925 0.2710424 -0.1931729 28 24 17
0.13552 0.2689934 -0.1173492 55 49 40
0.07609069 0.2689934 -0.1183739 27 24 18
0.1488404 0.2710424 -0.1603843 41 36 30
0.1365447 0.2679679 -0.2310847 41 33 23
0.1488404 0.2689934 -0.2208382 32 26 18
0.01461206 0.2628444 -0.1880496 65 54 39
0.04227744 0.2689934 -0.1675568 41 35 26
0.1867522 0.2607964 -0.1911236 56 49 40
0.152939 0.2700174 -0.1757539 30 25 18
0.1601115 0.2689934 -0.1849757 48 43 37
0.04740067 0.2710424 -0.1778032 38 29 18
0.1396186 0.2648944 -0.2392818 36 30 22
0.1191257 0.2741164 -0.1900989 9 7 5
0.01768599 0.2597714 -0.1286203 43 36 25
0.1898262 0.2597714 -0.1911236 79 68 55
0.05559781 0.2720664 -0.1573103 33 30 24
0.02485851 0.2638704 -0.1398914 65 54 37
0.1099039 0.2689934 -0.2034193 0 0 0
0.05457318 0.2720664 -0.1573103 38 34 27
0.07404141 0.2751404 -0.1839511 88 80 67
0.09146035 0.2648944 -0.09275775 39 34 27
0.1119532 0.2679679 -0.2372325 23 17 11
0.1303968 0.2730924 -0.2044439 25 24 18
0.1857276 0.2597714 -0.1511625 80 73 64
0.05764711 0.2730924 -0.1798525 46 40 32
0.03817887 0.2679679 -0.1532117 42 36 27
0.09248499 0.2669434 -0.2536268 80 67 46
0.05969639 0.2730924 -0.158335 14 13 8
0.05867174 0.2597714 -0.09685633 35 32 27
0.03920351 0.2689934 -0.1860003 41 35 26
0.1898262 0.2597714 -0.1839511 71 65 55
0.1058054 0.2710424 -0.1593596 1 1 0
0.04022816 0.2669434 -0.1306696 51 41 29
0.1601115 0.2669434 -0.2064932 46 42 34
0.0648196 0.2730924 -0.1911236 30 24 16
0.04022816 0.2659194 -0.2116164 38 32 26
0.05149925 0.2679679 -0.1183739 61 55 42
0.1447418 0.2618204 -0.09685633 37 34 28
0.02588314 0.2607964 -0.218789 45 37 29
0.07609069 0.2751404 -0.1798525 39 30 20
0.07813997 0.2751404 -0.1573103 16 15 11
0.07404141 0.2700174 -0.1245217 37 32 25
0.1324461 0.2607964 -0.2587501 67 58 41
0.08531248 0.2689934 -0.1101767 39 35 30
0.1088793 0.2700174 -0.2321093 5 2 0
0.08941106 0.2648944 -0.2607993 78 67 52
0.1314215 0.2607964 -0.2567008 97 86 63
0.04330209 0.2689934 -0.1952221 44 37 28
0.0504746 0.2710424 -0.155261 41 36 29
0.0648196 0.2710424 -0.1419407 51 44 36
0.1119532 0.2689934 -0.2310847 9 6 2
0.1283475 0.2741164 -0.140916 34 30 24
0.1221997 0.2710424 -0.1665321 11 6 0
0.1806044 0.2618204 -0.2085425 68 60 49
0.06994283 0.2741164 -0.1532117 52 44 34
0.1467911 0.2638704 -0.1060781 47 39 31
0.0484253 0.2689934 -0.1501378 37 32 25
0.1303968 0.2741164 -0.17268 21 15 9
0.0648196 0.2689934 -0.1163246 43 38 31
0.1467911 0.2689934 -0.126571 58 53 45
0.06584425 0.2751404 -0.1624335 57 39 24
0.09350964 0.2720664 -0.2105918 18 16 12
0.1416679 0.2741164 -0.1624335 40 35 28
0.01153813 0.2618204 -0.1757539 29 23 15
0.05867174 0.2730924 -0.1819018 41 36 28
0.1037561 0.2700174 -0.2146904 5 3 1
0.1099039 0.2700174 -0.2269861 1 0 0
0.1088793 0.2689934 -0.1112013 33 29 23
0.07609069 0.2741164 -0.155261 26 22 16
0.03305565 0.2659194 -0.1450146 28 22 14
0.06584425 0.2751404 -0.1644828 19 14 7
0.1283475 0.2730924 -0.1337435 45 38 27
0.1170765 0.2700174 -0.1204231 35 31 25
0.06174567 0.2730924 -0.158335 45 38 30
0.07506604 0.2618204 -0.09070847 37 28 18
0.06584425 0.2710424 -0.1327189 32 28 21
0.1058054 0.2618204 -0.2648979 47 40 30
0.0504746 0.2607964 -0.2454297 35 30 24
0.1314215 0.2720664 -0.1900989 19 15 9
0.06072104 0.2669434 -0.2341586 73 64 54
0.04944995 0.2618204 -0.2423558 37 32 27
0.1467911 0.2720664 -0.2095672 70 39 20
0.04637602 0.2597714 -0.2464543 45 40 33
0.1795797 0.2607964 -0.218789 43 36 27
0.138594 0.2689934 -0.2249368 50 44 33
0.1314215 0.2689934 -0.2269861 44 36 27
0.167284 0.2618204 -0.1183739 42 37 31
0.1406433 0.2679679 -0.1193985 54 47 37
0.1570376 0.2628444 -0.112226 33 31 26
0.121175 0.2638704 -0.09070847 33 24 21
0.07404141 0.2730924 -0.1460392 42 36 28
0.1652347 0.2638704 -0.2290354 49 43 34
0.08428784 0.2607964 -0.08353596 33 27 19
0.1539636 0.2597714 -0.09583168 50 41 36
0.07813997 0.2730924 -0.1368175 58 52 42
0.1232243 0.2689934 -0.2290354 82 72 56
0.1365447 0.2700174 -0.2208382 55 45 33
0.1406433 0.2720664 -0.1398914 36 30 23
0.06379497 0.2607964 -0.2556761 111 98 72
0.05457318 0.2638704 -0.2403065 42 37 31
0.1806044 0.2607964 -0.2126411 38 31 22
0.1519143 0.2700174 -0.2095672 31 25 18
0.1232243 0.2710424 -0.1224724 24 20 14
0.167284 0.2607964 -0.2362079 53 47 38
0.1406433 0.2741164 -0.17268 51 46 39
0.05149925 0.2638704 -0.1071028 35 31 25
0.1611361 0.2618204 -0.1132506 27 24 19
0.1088793 0.2618204 -0.2689965 48 37 24
0.138594 0.2741164 -0.1685814 40 38 31
0.07199211 0.2700174 -0.2269861 29 24 18
0.02793243 0.2679679 -0.1890743 108 73 37
0.1426925 0.2669434 -0.2310847 50 43 30
0.1457665 0.2710424 -0.1480885 38 33 27
0.05252388 0.2669434 -0.1163246 50 44 34
0.1539636 0.2628444 -0.1091521 33 29 24
0.02383385 0.2669434 -0.1860003 65 49 31
0.0832632 0.2710424 -0.1245217 31 24 19
0.1426925 0.2720664 -0.1450146 21 18 12
0.04740067 0.2628444 -0.2341586 43 39 33
0.1334708 0.2700174 -0.2167397 62 47 33
0.05764711 0.2618204 -0.247479 89 74 51
0.04432674 0.2618204 -0.2341586 45 40 33
0.1150272 0.2618204 -0.2679719 44 34 22
0.0832632 0.2741164 -0.2034193 34 28 21
0.08018927 0.2689934 -0.1132506 24 21 16
0.1601115 0.2607964 -0.1019795 28 24 18
0.1006821 0.2720664 -0.2003454 3 2 1
0.152939 0.2700174 -0.1798525 37 32 25
0.09248499 0.2689934 -0.2392818 46 39 30
0.1160518 0.2618204 -0.2679719 42 28 16
0.1037561 0.2700174 -0.1255464 11 7 4
0.1467911 0.2638704 -0.2372325 50 45 35
0.1006821 0.2700174 -0.23006 57 51 41
0.13552 0.2659194 -0.1050535 15 13 10
0.01256276 0.2618204 -0.1665321 33 25 14
0.1119532 0.2741164 -0.1368175 34 29 23
0.04330209 0.2700174 -0.1839511 51 45 36
0.1447418 0.2659194 -0.2341586 37 30 20
0.09350964 0.2689934 -0.1675568 7 6 4
0.1324461 0.2628444 -0.2495283 55 47 35
0.03920351 0.2618204 -0.2310847 49 44 38
0.06994283 0.2751404 -0.1675568 63 52 40
0.1283475 0.2730924 -0.1316942 60 51 36
0.09453428 0.2700174 -0.2321093 94 85 70
0.1621608 0.2669434 -0.1419407 43 37 28
0.06072104 0.2710424 -0.1480885 34 30 24
0.09248499 0.2720664 -0.17268 0 0 0
0.1150272 0.2689934 -0.1132506 29 24 20
0.0668689 0.2607964 -0.09480703 43 39 34
0.1273229 0.2761654 -0.1491132 21 18 13
0.08531248 0.2648944 -0.2607993 60 52 39
0.09863286 0.2689934 -0.1091521 50 45 40
0.01871064 0.2618204 -0.1398914 66 56 40
0.1570376 0.2689934 -0.1880496 43 38 30
0.04330209 0.2669434 -0.2044439 33 27 21
0.032031 0.2689934 -0.1900989 55 44 31
0.0484253 0.2679679 -0.1255464 46 39 30
0.152939 0.2638704 -0.2351833 56 48 37
0.05662246 0.2700174 -0.140916 42 37 30
0.06891818 0.2607964 -0.0917331 28 26 22
0.0648196 0.2720664 -0.1470639 33 29 23
0.1262982 0.2720664 -0.2054686 27 23 19
0.05662246 0.2700174 -0.1368175 42 37 28
0.1467911 0.2659194 -0.1132506 42 36 29
0.1273229 0.2607964 -0.08456061 14 10 7
0.03510494 0.2669434 -0.1460392 141 131 112
0.1283475 0.2648944 -0.09890561 31 27 23
0.1058054 0.2679679 -0.2382572 46 41 33
0.1191257 0.2761654 -0.1460392 6 5 2
0.1232243 0.2607964 -0.2689965 89 63 33
0.00539027 0.2597714 -0.1593596 55 46 34
0.06072104 0.2730924 -0.1819018 33 27 18
0.05252388 0.2720664 -0.1655075 37 32 24
0.1201504 0.2607964 -0.08251131 26 23 18
0.1549883 0.2679679 -0.1378421 55 50 41
0.02588314 0.2669434 -0.1941975 103 68 34
0.1099039 0.2689934 -0.2146904 10 9 6
0.03510494 0.2607964 -0.2269861 48 42 36
0.1099039 0.2710424 -0.1296449 90 76 66
0.08736177 0.2761654 -0.1890743 5 5 2
0.02485851 0.2618204 -0.2095672 52 47 39
0.07404141 0.2761654 -0.1737046 38 31 23
0.08018927 0.2741164 -0.2054686 43 36 27
0.1006821 0.2659194 -0.1757539 18 13 11
0.02280921 0.2648944 -0.1747293 49 40 27
0.1252736 0.2618204 -0.08558524 30 26 21
0.1088793 0.2689934 -0.2341586 29 25 20
0.02895707 0.2628444 -0.2075179 33 29 23
0.1006821 0.2689934 -0.1142753 29 25 20
0.09863286 0.2700174 -0.1347682 12 9 6
0.04535137 0.2689934 -0.1532117 52 44 36
0.1293722 0.2618204 -0.2587501 57 47 33
0.06174567 0.2710424 -0.1450146 38 32 25
0.0504746 0.2679679 -0.215715 46 36 27
0.1303968 0.2771904 -0.1562857 16 13 8
0.1631854 0.2659194 -0.1398914 37 32 24
0.08941106 0.2782154 -0.187025 4 4 2
0.03612958 0.2628444 -0.218789 53 46 37
0.04944995 0.2679679 -0.1296449 26 20 13
0.07404141 0.2741164 -0.1931729 59 52 40
0.124249 0.2720664 -0.2003454 0 0 0
0.2308119 0.03025136 -0.5487243 159 125 50
0.1099039 0.06303936 -0.5446257 94 79 58
0.1170765 0.05074336 -0.5456503 126 111 84
0.1785551 0.01795536 -0.5528229 175 143 60
0.0832632 0.01078336 -0.5374532 88 73 54
0.0996575 0.1183704 -0.546675 44 26 15
0.1396186 0.1111984 -0.5395025 58 44 32
0.1652347 0.05074336 -0.5497489 169 141 61
0.1416679 0.05894036 -0.5456503 121 104 74
0.2174915 0.06303936 -0.5384778 159 130 59
0.152939 0.07635936 -0.5415518 158 133 66
0.1181011 0.06406336 -0.5436011 125 108 80
0.1129779 0.02922636 -0.5497489 66 50 36
0.09760821 0.1111984 -0.5436011 44 25 13
0.1109286 0.07943436 -0.5405271 44 33 18
0.2226148 0.006684357 -0.5538475 163 131 50
0.1058054 0.07635936 -0.5405271 64 50 35
0.1191257 0.1111984 -0.5456503 28 18 13
0.1293722 0.01488086 -0.5507736 105 89 68
0.1037561 0.02307836 -0.5476996 79 63 46
0.1560129 0.05791636 -0.546675 157 132 72
0.1129779 0.006684357 -0.5487243 100 84 63
0.138594 0.03947236 -0.546675 124 99 72
0.1980233 0.008733357 -0.5538475 166 129 37
0.1109286 0.002585357 -0.5456503 86 70 52
0.09146035 0.1163214 -0.5415518 54 37 22
0.227738 0.04152136 -0.5446257 157 120 48
0.10683 0.04254736 -0.5476996 89 74 57
0.2359351 0.06406336 -0.5374532 173 145 66
0.1949494 0.06508936 -0.5374532 157 124 51
0.1017068 0.08968036 -0.5374532 97 80 57
0.07916462 0.03332536 -0.5405271 85 69 46
0.2246641 0.003610357 -0.5528229 167 136 55
0.1109286 0.02102936 -0.5497489 82 66 47
0.1344954 0.02717636 -0.5507736 157 141 114
0.1969987 0.06201536 -0.5395025 155 122 51
0.1857276 0.008733357 -0.5538475 161 129 56
0.1857276 0.03537436 -0.5476996 158 130 60
0.07609069 0.02410286 -0.5374532 87 70 49
0.1498651 0.02102936 -0.5507736 145 114 46
0.0904357 0.05484236 -0.5436011 88 69 48
0.1888015 0.06713836 -0.5384778 129 97 31
0.1447418 0.03742336 -0.5487243 101 78 44
0.2400337 0.04767036 -0.5425764 144 104 36
0.1170765 0.1152964 -0.5425764 59 46 35
0.1785551 0.005659357 -0.5548721 155 124 55
0.1744565 0.07226136 -0.5446257 137 104 36
0.1693333 0.03947236 -0.5538475 174 147 80
0.1426925 0.08250736 -0.5384778 92 66 28
0.1109286 0.02102936 -0.5507736 117 99 75
0.2410584 0.01180736 -0.5497489 166 132 47
0.1806044 0.01385636 -0.5538475 141 107 47
0.08121391 0.1030004 -0.5415518 78 62 46
0.09146035 0.07021236 -0.5395025 76 59 41
0.2308119 0.04459636 -0.5456503 174 141 60
0.1365447 0.1183704 -0.5374532 25 16 9
0.0904357 -0.0004886432 -0.5384778 81 64 43
0.08018927 0.02820136 -0.5405271 97 75 44
0.1037561 0.04869436 -0.5476996 97 83 62
0.2092944 0.03332536 -0.5446257 166 134 62
0.2041712 0.04869436 -0.5425764 140 109 49
0.09863286 0.1214444 -0.5425764 50 34 24
0.1109286 0.08558136 -0.5374532 62 49 34
0.1703579 -0.0004886432 -0.5538475 138 108 50
0.08838642 0.1132464 -0.5476996 77 58 39
0.1867522 0.05689236 -0.5446257 159 131 59
0.09863286 0.06406336 -0.5425764 56 43 30
0.08633713 0.1132464 -0.5425764 83 65 44
0.1908508 0.002585357 -0.5558968 165 136 55
0.1652347 0.06201536 -0.546675 179 147 60
0.08736177 0.1101734 -0.5456503 80 62 37
0.07813997 0.05279336 -0.5384778 90 74 50
0.13552 0.07328536 -0.5384778 75 59 42
0.1375693 0.07533536 -0.5384778 80 57 29
0.1099039 0.06816236 -0.5415518 74 57 42
0.2185162 -0.002537643 -0.5558968 177 146 60
0.1365447 0.07635936 -0.5374532 47 33 23
0.1273229 0.1193954 -0.5405271 46 35 24
0.1375693 0.03639836 -0.5476996 95 77 57
0.1365447 0.08763136 -0.5384778 68 54 38
0.1140025 0.1163214 -0.5446257 68 54 40
0.1058054 0.01078336 -0.546675 49 37 27
0.2154423 0.03332536 -0.5456503 156 122 44
0.1498651 0.09685336 -0.5374532 114 85 37
0.1365447 0.007709357 -0.5497489 73 57 41
0.1262982 0.05381736 -0.5446257 127 109 78
0.210319 0.04767036 -0.5415518 120 89 37
0.167284 0.01488086 -0.5538475 162 133 62
0.1181011 0.07021236 -0.5405271 76 63 45
0.07813997 0.04049736 -0.5415518 96 78 52
0.1498651 0.09275436 -0.5374532 122 94 41
0.2410584 0.03230036 -0.546675 147 109 34
0.2267133 0.01283236 -0.5538475 176 143 60
0.1693333 0.01078336 -0.5538475 168 139 58
0.08633713 0.09275436 -0.5395025 52 35 20
0.210319 0.01180736 -0.5517982 164 132 55
0.1847029 0.05484236 -0.5456503 183 157 81
0.124249 0.07123636 -0.5405271 98 84 60
0.2031465 0.02717636 -0.5476996 160 125 54
0.1457665 0.01180736 -0.5507736 132 103 52
0.181629 0.03230036 -0.5497489 179 151 71
0.13552 0.02102936 -0.5507736 104 84 62
0.124249 0.01590636 -0.5497489 95 79 59
0.1683086 0.07943436 -0.546675 153 125 63
0.2328612 0.01385636 -0.5517982 171 139 57
0.1181011 0.03332536 -0.5476996 62 50 37
0.1406433 0.01693036 -0.5497489 95 75 52
0.1375693 0.06918736 -0.5405271 81 61 41
0.13552 0.03127536 -0.5487243 116 100 78
0.1765058 0.01385636 -0.5538475 168 136 52
0.08838642 0.1040254 -0.5446257 95 78 57
0.09350964 0.05894036 -0.5436011 77 60 42
0.2226148 0.02102936 -0.5517982 172 138 61
0.09555893 -0.001512643 -0.5405271 86 70 49
0.2000726 0.06611336 -0.5374532 145 113 50
0.1908508 0.02512836 -0.5497489 175 138 50
0.1867522 0.05996536 -0.5415518 145 118 55
0.1078547 0.05996536 -0.5446257 112 90 62
0.1570376 0.05484236 -0.5517982 167 146 106
0.1560129 0.02512836 -0.5517982 164 135 58
0.1017068 0.04357136 -0.5476996 80 66 50
0.09555893 0.09070436 -0.5384778 77 54 31
0.1918755 0.01078336 -0.5538475 167 132 51
0.08223855 0.06201536 -0.5384778 73 58 40
0.1888015 0.06099036 -0.5405271 164 132 56
0.1539636 0.1009514 -0.5374532 83 64 38
0.08838642 0.1163214 -0.5415518 60 41 25
0.2144176 0.03947236 -0.5436011 143 111 44
0.08736177 0.1030004 -0.5415518 52 39 27
0.1150272 0.07840936 -0.5384778 101 86 62
0.1109286 0.04254736 -0.546675 91 76 61
0.213393 0.06099036 -0.5384778 161 135 71
0.2205655 0.06099036 -0.5395025 150 119 51
0.1232243 0.05791636 -0.5446257 152 136 100
0.1344954 0.005659357 -0.5497489 66 54 41
0.1703579 0.05381736 -0.5517982 187 162 90
0.09453428 0.01693036 -0.5436011 72 57 39
0.1478158 -0.002537643 -0.5507736 138 109 66
0.1662594 0.02205336 -0.5548721 137 111 52
0.1744565 0.009757357 -0.5538475 167 139 73
0.1109286 0.0005363568 -0.5456503 75 60 44
0.1765058 0.01795536 -0.5528229 161 127 46
0.1088793 -0.001512643 -0.5456503 40 27 20
0.2287626 0.02717636 -0.5497489 150 116 40
0.1150272 0.04152136 -0.5476996 80 67 49
0.2174915 0.03639836 -0.5446257 181 147 71
0.1775304 0.04152136 -0.5487243 158 129 52
0.1836783 0.03639836 -0.5476996 194 171 97
0.1119532 0.1193954 -0.5415518 56 43 33
0.2113437 0.05074336 -0.5415518 181 154 73
0.1724072 0.05791636 -0.546675 174 145 71
0.1467911 0.06713836 -0.5425764 146 118 50
0.2482309 0.04049736 -0.5415518 164 127 44
0.2492555 0.03844836 -0.5436011 168 135 57
0.256428 0.001560857 -0.5446257 177 143 54
0.2666745 0.002585357 -0.5405271 163 127 46
0.2636005 0.006684357 -0.5405271 167 131 48
0.2492555 0.02820136 -0.5436011 172 136 54
0.2605266 0.03127536 -0.5374532 179 144 62
0.2717977 0.01180736 -0.5374532 160 125 40
0.2451569 0.05894036 -0.5384778 188 160 98
0.2523294 0.04254736 -0.5405271 162 126 48
0.2554034 0.007709357 -0.5446257 172 139 57
0.2523294 0.03025136 -0.5415518 157 120 39
0.1703579 -0.04864664 -0.5446257 88 51 27
0.1929001 -0.01483364 -0.5569214 165 137 59
0.1570376 -0.008685643 -0.5517982 101 68 42
0.199048 -0.04044964 -0.5558968 153 126 63
0.2164669 -0.05684364 -0.5507736 89 62 34
0.1713826 -0.05069564 -0.5436011 96 56 26
0.2400337 -0.01688264 -0.5517982 169 138 54
0.2123683 -0.01585764 -0.5589707 151 124 49
0.1662594 -0.02098114 -0.5507736 45 28 18
0.1191257 -0.02098114 -0.5425764 62 46 31
0.121175 -0.005611643 -0.546675 97 82 59
0.1160518 -0.01175864 -0.5436011 98 83 62
0.1252736 -0.01893164 -0.5425764 82 65 47
0.2082698 -0.05581864 -0.5507736 67 45 29
0.1508897 -0.04352314 -0.5425764 90 56 29
0.2174915 -0.009710643 -0.5579461 183 152 66
0.2236394 -0.06299164 -0.5476996 67 41 24
0.1857276 -0.01893164 -0.5558968 185 157 71
0.1785551 -0.06913964 -0.5374532 124 86 39
0.2390091 -0.07118964 -0.5395025 38 24 19
0.2441323 -0.04249864 -0.5487243 154 122 44
0.1519143 -0.01790764 -0.5476996 72 42 26
0.1765058 -0.06196764 -0.5395025 111 68 31
0.227738 -0.04762164 -0.5589707 161 129 49
0.2021219 -0.07323764 -0.5374532 103 67 30
0.1888015 -0.06913964 -0.5384778 120 83 31
0.1560129 -0.04044964 -0.5436011 103 70 34
0.2267133 -0.02405464 -0.5569214 172 141 58
0.2246641 -0.04044964 -0.5558968 154 122 49
0.1457665 -0.04762164 -0.5405271 85 51 29
0.2308119 -0.07221364 -0.5384778 33 19 11
0.1396186 -0.05172064 -0.5374532 98 60 30
0.1140025 -0.03327664 -0.5384778 57 43 29
0.1324461 -0.02610464 -0.5425764 78 57 40
0.2308119 -0.06709064 -0.5436011 44 28 18
0.1836783 -0.06299164 -0.5405271 106 68 29
0.1109286 -0.02917764 -0.5384778 81 60 41
0.1601115 -0.03327664 -0.546675 101 67 35
0.2246641 -0.008685643 -0.5548721 171 140 54
0.2400337 -0.04557264 -0.5497489 144 109 33
0.227738 -0.03635064 -0.5558968 153 121 48
0.1344954 -0.04249864 -0.5405271 49 27 15
0.1806044 -0.05786864 -0.5425764 103 63 32
0.1560129 -0.02405464 -0.5476996 62 36 23
0.1088793 -0.02303064 -0.5395025 65 50 34
0.199048 -0.01790764 -0.5589707 176 148 67
0.2256887 -0.05889364 -0.5507736 85 56 32
0.2246641 -0.05274514 -0.5558968 137 102 39
0.1867522 -0.03122764 -0.5558968 154 124 63
0.1611361 -0.005611643 -0.5528229 102 69 39
0.2328612 -0.05274514 -0.5528229 140 107 44
0.227738 -0.03839964 -0.5558968 166 134 49
0.1662594 -0.01175864 -0.5528229 68 37 13
0.1969987 -0.04249864 -0.5548721 141 116 75
0.2267133 -0.06401664 -0.5476996 63 44 33
0.1099039 -0.01175864 -0.5415518 52 41 30
0.1775304 -0.04967164 -0.5446257 95 60 30
0.2062205 -0.05786864 -0.5487243 60 34 22
0.1549883 -0.05479464 -0.5395025 122 89 42
0.1631854 -0.06196764 -0.5384778 121 85 47
0.1293722 -0.003562643 -0.5476996 90 75 55
0.1539636 -0.006635643 -0.5507736 102 72 34
0.2164669 -0.03737564 -0.5569214 157 126 50
0.2400337 -0.04864664 -0.5497489 145 109 32
0.2369598 -0.006635643 -0.5517982 157 127 53
0.2410584 -0.02098114 -0.5517982 150 120 43
0.2113437 -0.04864664 -0.5548721 144 112 49
0.1754811 -0.05684364 -0.5415518 78 35 10
0.1929001 -0.05684364 -0.5456503 86 52 29
0.1795797 -0.03020314 -0.5538475 82 58 31
0.1283475 -0.01278464 -0.5456503 69 50 35
0.2349105 -0.06709064 -0.5425764 43 31 24
0.2174915 -0.03635064 -0.5569214 168 138 53
0.1519143 -0.04147364 -0.5436011 89 55 27
0.1467911 -0.02712964 -0.5446257 66 41 29
0.1969987 -0.04557264 -0.5528229 91 63 25
0.2144176 -0.04967164 -0.5548721 141 111 46
0.2523294 -0.05274514 -0.5425764 106 74 36
0.2697484 -0.03122764 -0.5374532 166 134 50
0.2666745 -0.03532664 -0.5384778 151 118 43
0.2666745 -0.03327664 -0.5395025 134 98 33
0.2676991 -0.01995664 -0.5405271 157 125 51
0.2625759 -0.009710643 -0.5436011 140 95 26
0.2687237 -0.03430164 -0.5395025 144 113 48
0.2717977 -0.009710643 -0.5395025 154 115 40
0.2769209 -0.004586643 -0.5374532 184 155 60
0.2605266 -0.04864664 -0.5384778 133 94 34
0.2636005 -0.03635064 -0.5405271 157 122 44
0.2461816 -0.06913964 -0.5395025 34 22 18
0.2513048 -0.04659764 -0.5446257 133 101 41
0.2543787 -0.03839964 -0.5446257 149 119 44
0.2451569 -0.05684364 -0.5436011 82 52 29
0.00539027 0.05791636 -0.4206438 97 71 38
0.1437172 0.09377936 -0.5364286 116 90 42
0.1662594 0.1214444 -0.5190096 110 80 36
0.01256276 0.1275914 -0.4022002 126 97 47
0.00743955 0.1982924 -0.3130562 169 136 57
0.02178457 0.09685336 -0.4595803 150 120 56
0.1570376 0.2239094 -0.3233026 6 5 4
0.01461206 0.1286174 -0.4103974 167 138 72
0.1119532 0.2269824 -0.3530173 27 18 9
0.1611361 0.2228839 -0.368387 27 23 19
0.1078547 0.1911199 -0.4452352 34 26 18
0.1549883 0.1870224 -0.457531 52 44 36
0.09863286 0.1839474 -0.4524078 53 42 31
0.05354853 0.1542324 -0.4667528 110 94 73
0.00948883 0.05791636 -0.397077 33 23 22
0.04125281 0.1286174 -0.4688021 76 66 58
0.04637602 0.1480854 -0.4595803 54 48 42
0.01153813 0.02102936 -0.4442106 112 82 42
0.2092944 0.1788244 -0.4626542 52 45 36
-0.01202868 0.1890704 -0.3110069 152 118 53
-0.00280689 0.2259574 -0.2771937 116 89 43
0.06584425 0.1900954 -0.3560912 49 37 23
0.1744565 0.2249334 -0.3181794 20 18 13
0.1703579 0.1849724 -0.4677774 43 35 28
0.01051348 0.002585357 -0.4308902 108 85 60
0.2021219 0.2321064 -0.2771937 46 39 30
0.1652347 0.2228839 -0.3642884 33 29 23
0.09350964 0.1286174 -0.5118371 72 57 32
0.1006821 0.2023914 -0.4134713 18 15 9
0.1806044 0.1214444 -0.5138864 43 30 21
0.08838642 0.1818974 -0.4472845 77 65 50
-0.00690547 0.1357894 -0.3530173 60 47 34
0.05969639 0.06713836 -0.5220835 83 65 44
0.07609069 0.1941934 -0.4042495 144 109 46
0.06174567 0.2085384 -0.3294505 111 82 30
0.1662594 0.1859964 -0.4626542 47 40 33
-0.00485617 0.08660636 -0.3622391 52 34 25
0.09863286 0.1480854 -0.4974921 102 84 54
0.01461206 0.03742336 -0.3929784 27 18 13
0.2092944 0.2187854 -0.3724855 50 42 30
0.2431076 0.2136619 -0.3325244 30 26 22
0.1191257 0.09992636 -0.5354039 31 22 13
0.01666134 0.05586736 -0.4657281 154 121 47
0.2349105 0.2054654 -0.3929784 35 30 25
0.2185162 0.2208344 -0.3253519 25 21 16
0.00948883 0.1265674 -0.3745348 51 42 34
0.2246641 0.2044404 -0.4042495 33 28 21
0.07916462 0.1214444 -0.514911 151 135 101
0.07199211 0.02410286 -0.5343793 88 73 51
0.2041712 0.1378384 -0.5015907 66 49 26
0.04227744 0.05791636 -0.5056892 88 69 48
0.0084642 0.04869436 -0.4524078 154 121 49
0.05559781 0.04459636 -0.5200342 106 88 61
0.1703579 0.1111984 -0.5292561 53 42 30
0.1785551 0.1501344 -0.500566 87 67 36
0.181629 0.1152964 -0.5220835 29 17 12
0.1037561 0.1265674 -0.5343793 97 79 60
0.02588314 0.1573064 -0.382732 99 65 18
0.1344954 0.2259574 -0.3560912 18 15 10
0.2195408 0.2167364 -0.3007605 34 27 19
0.1498651 0.1562824 -0.4964675 156 127 51
0.05252388 0.01180736 -0.3294505 101 88 67
0.02485851 0.1378384 -0.4278163 160 128 53
0.1017068 0.1798494 -0.4677774 90 75 52
0.0832632 0.1183704 -0.5272068 127 110 87
0.01051348 0.04869436 -0.4319149 159 129 54
0.03817887 0.1419374 -0.4513831 57 48 42
0.01563671 0.05074336 -0.4647035 154 121 44
0.00948883 0.08353236 -0.4421613 162 131 52
0.06379497 0.2228839 -0.3181794 85 61 32
0.04227744 0.05791636 -0.5036399 91 72 53
0.032031 0.1255424 -0.4595803 81 66 53
0.02588314 0.1798494 -0.3355984 48 36 22
0.1109286 0.2556724 -0.2823169 59 50 35
0.2010972 0.1409124 -0.5015907 95 75 39
0.09658357 0.2126374 -0.3591652 27 19 12
0.01051348 0.03844836 -0.3151055 5 6 11
0.2123683 0.1306664 -0.5077385 91 69 44
0.1826537 0.2239094 -0.3396969 28 25 20
0.1795797 0.2218594 -0.3622391 29 25 18
0.1601115 0.1972684 -0.4390874 34 29 24
0.02588314 0.1593554 -0.3571159 34 27 17
0.2205655 0.1655044 -0.4759746 30 25 18
0.1478158 0.1757504 -0.4729006 152 124 49
0.1017068 0.1234939 -0.5302807 124 109 86
-0.01100403 0.01078336 -0.3868305 99 55 21
0.05662246 0.2064894 -0.3284258 120 91 32
0.04022816 0.04254736 -0.3253519 13 11 13
0.05764711 0.03947236 -0.5220835 78 60 40
0.03100636 0.1378384 -0.4390874 152 122 65
0.05764711 0.1634544 -0.457531 83 71 57
0.07711534 0.01180736 -0.5343793 77 59 37
0.01256276 0.03127536 -0.3110069 11 10 13
0.210319 0.1900954 -0.4472845 42 37 30
0.1396186 0.1829234 -0.4606049 138 108 48
0.00743955 0.04664486 -0.3940031 60 42 22
0.01768599 0.04254736 -0.3253519 21 16 15
0.1478158 0.2249334 -0.3478941 25 17 10
0.2287626 0.2146874 -0.3704362 46 41 34
0.1324461 0.1316904 -0.5159357 104 81 43
0.199048 0.2023914 -0.4370381 48 42 34
0.2174915 0.08763136 -0.5261821 143 115 60
0.2236394 0.1737014 -0.4616295 45 35 27
0.02383385 0.06713836 -0.4810978 154 130 84
0.1129779 0.2515744 -0.2874401 62 54 44
0.2287626 0.1716514 -0.4606049 61 53 44
0.02280921 0.1347644 -0.4226931 161 131 54
0.07301676 0.1388634 -0.4985167 118 98 67
0.0084642 0.08045836 -0.4411367 163 133 62
0.1232243 0.2444014 -0.2976865 44 36 27
0.05662246 0.02615236 -0.3386723 33 24 21
0.07813997 0.1829234 -0.4380627 41 35 30
0.1918755 0.2126374 -0.4001509 42 36 31
0.124249 0.1798494 -0.4657281 125 94 40
0.121175 0.1952184 -0.4442106 41 32 23
0.01358741 0.03742336 -0.4565063 147 114 43
0.04125281 0.005659357 -0.3140808 55 44 33
0.2113437 0.1737014 -0.4688021 40 34 26
0.2349105 0.1777999 -0.4483092 57 50 41
0.05764711 0.1450104 -0.4769992 70 57 42
0.2010972 0.2218594 -0.304859 7 6 4
0.13552 0.2495244 -0.2874401 44 34 22
0.1693333 0.2218594 -0.3735102 23 19 14
0.1344954 0.2362044 -0.3058837 31 25 14
0.1252736 0.1952184 -0.4462599 91 81 66
0.05969639 0.1245184 -0.4985167 155 139 110
0.05559781 0.04152136 -0.5190096 88 71 47
0.04330209 0.1255424 -0.4739253 102 87 71
0.03305565 0.1624304 -0.3981016 160 128 50
0.01768599 0.01693036 -0.3929784 31 27 23
0.00743955 0.08250736 -0.4062988 119 83 41
0.1314215 0.2259574 -0.3581405 22 19 13
0.03305565 0.1439864 -0.440112 149 118 64
0.05354853 0.2280074 -0.3099823 59 48 35
0.181629 0.1511594 -0.4985167 47 34 25
0.03408029 0.1255424 -0.4606049 39 30 24
0.2154423 0.2218594 -0.322278 31 27 21
0.1221997 0.2228839 -0.3642884 36 28 19
0.1877769 0.1696024 -0.4882703 66 55 39
0.08941106 0.2095644 -0.3694116 52 33 18
0.0084642 0.06303936 -0.4524078 145 113 54
0.2041712 0.2085384 -0.4093727 34 29 22
0.1877769 0.2300564 -0.2894894 34 29 22
0.167284 0.1470604 -0.5046646 160 134 77
0.01768599 0.2321064 -0.2915387 83 64 41
0.01358741 0.1921454 -0.3212533 132 96 25
0.032031 0.1245184 -0.4565063 57 45 35
0.02690778 0.1583314 -0.3765841 78 51 22
0.00641491 0.1726764 -0.3304751 157 131 71
0.03305565 0.1583314 -0.4124466 166 136 55
-0.00178224 0.01488086 -0.4267917 127 107 67
-0.00895475 0.06406336 -0.3181794 13 11 13
-0.01612726 0.02615236 -0.3499434 23 20 18
0.167284 0.1132464 -0.5302807 28 18 16
0.1017068 0.2485004 -0.2894894 49 41 32
0.199048 0.2249334 -0.3263766 60 49 37
0.1181011 0.2177604 -0.3817073 26 18 13
0.03920351 0.1450104 -0.4483092 29 22 17
0.2021219 0.2085384 -0.4073234 44 37 25
0.08838642 0.2105884 -0.3427709 19 13 6
0.03100636 0.2310804 -0.3007605 46 36 24
0.06379497 0.1306664 -0.4985167 148 128 94
0.09146035 0.1952184 -0.425767 23 14 9
0.01153813 0.04971936 -0.425767 142 112 55
0.07404141 0.1972684 -0.382732 144 115 41
0.0484253 0.1050494 -0.4964675 92 73 50
0.01153813 0.1306664 -0.3776088 33 23 16
0.2031465 0.1706274 -0.4800731 62 53 39
0.01973527 0.1511594 -0.365313 34 24 15
0.1396186 0.09890236 -0.5364286 121 92 44
0.09555893 0.1532084 -0.4944182 98 81 53
0.1416679 0.2034154 -0.4349888 37 31 24
0.2041712 0.2239094 -0.3294505 25 22 17
0.1170765 0.2167364 -0.3858059 37 30 22
0.0002670403 0.07738436 -0.3909291 60 48 35
-0.0099794 0.1419374 -0.3468694 30 16 1
0.08018927 0.09787736 -0.5364286 114 98 75
0.1088793 0.1388634 -0.5056892 151 129 87
0.03715423 0.05484236 -0.3499434 2 0 1
0.01256276 0.06508936 -0.4606049 152 119 46
0.03100636 0.1552579 -0.4124466 170 140 59
0.04637602 0.1931694 -0.3335491 80 54 21
0.01256276 0.02820136 -0.4462599 140 109 46
0.03510494 0.09582736 -0.4800731 57 47 41
0.0648196 0.04869436 -0.5292561 106 87 59
0.1519143 0.2075144 -0.4226931 31 26 21
0.2174915 0.1552579 -0.4882703 57 49 39
0.01666134 0.1511594 -0.3612145 56 41 25
0.1375693 0.2382534 -0.3028097 33 27 20
0.2082698 0.2269824 -0.2792429 48 42 35
0.1519143 0.2259574 -0.3192041 11 10 7
0.1724072 0.1614054 -0.4933935 92 74 43
0.01768599 0.1480854 -0.368387 30 21 14
0.2215901 0.1245184 -0.5108125 56 41 23
0.09350964 0.1552579 -0.4923689 93 75 46
-0.00178224 0.07738436 -0.3899045 85 66 36
0.02588314 0.01283236 -0.3478941 31 23 18
0.03100636 0.0005363568 -0.4595803 143 111 45
0.05149925 0.04357136 -0.5159357 93 76 53
0.01358741 0.1030004 -0.4319149 170 138 58
0.06174567 0.1019764 -0.517985 157 140 118
0.0084642 0.08250736 -0.4370381 182 155 82
0.03920351 0.1675534 -0.4042495 163 131 53
-0.00178224 0.06816236 -0.3899045 21 11 10
0.09760821 0.1931694 -0.4349888 43 39 34
0.01153813 0.01693036 -0.4452352 139 112 62
0.01973527 0.1398874 -0.3991263 130 95 33
0.00539027 0.05586736 -0.3991263 78 65 53
0.1426925 0.2269824 -0.3407216 43 34 24
0.05764711 0.2249334 -0.3151055 56 47 37
0.2185162 0.1941934 -0.4329395 81 73 60
0.05662246 0.1470604 -0.4739253 104 90 70
0.2431076 0.1849724 -0.4360135 46 43 36
0.1857276 0.2218594 -0.368387 32 26 19
0.1293722 0.2403024 -0.3038344 43 37 27
0.1437172 0.1439864 -0.5077385 161 136 71
0.01153813 0.1696024 -0.336623 85 60 36
0.1580622 0.1696024 -0.4821224 157 127 62
0.01871064 0.04971936 -0.4688021 160 126 50
0.02793243 0.1573064 -0.382732 140 101 35
0.08018927 0.07021236 -0.5364286 91 74 53
0.07711534 0.002585357 -0.5313053 80 62 41
-0.00383154 0.07943436 -0.3417462 11 12 14
0.1795797 0.2187854 -0.3878552 28 23 17
0.2051958 0.1070994 -0.514911 38 22 14
0.05149925 0.1839474 -0.3437955 34 25 16
0.2287626 0.2177604 -0.3151055 51 42 37
0.1703579 0.1286174 -0.5108125 89 70 41
0.1406433 0.2095644 -0.4175699 33 29 24
0.195974 0.1931694 -0.4565063 48 41 31
0.1303968 0.2249334 -0.3243273 6 6 3
0.03510494 0.1245184 -0.4647035 62 53 46
0.1181011 0.2218594 -0.3314998 3 2 1
0.2441323 0.2044404 -0.3878552 26 23 19
0.1539636 0.1747264 -0.4749499 134 103 41
0.2441323 0.08045836 -0.5292561 166 131 49
0.05149925 0.1870224 -0.3417462 59 48 32
0.2349105 0.09377936 -0.5231082 164 134 62
0.09248499 0.2075144 -0.379658 101 70 25
0.00743955 0.08045836 -0.4370381 160 130 58
0.1580622 0.1716514 -0.4790485 136 108 47
0.00129169 0.07021236 -0.3981016 26 13 8
0.0084642 0.06303936 -0.4626542 104 73 24
0.1006821 0.1388634 -0.5046646 100 82 53
0.01358741 0.04562036 -0.4011756 23 11 10
0.03817887 0.005659357 -0.3110069 62 46 31
0.2226148 0.2126374 -0.3858059 26 22 16
0.06994283 0.2372294 -0.3069083 56 45 31
0.05559781 0.1450104 -0.4749499 88 75 57
0.00743955 0.05176836 -0.4267917 118 88 36
-0.00895475 0.2228839 -0.276169 157 128 62
0.1303968 0.2546484 -0.2802676 38 31 20
0.1560129 0.1880464 -0.4554817 46 40 34
0.01256276 0.1152964 -0.4288409 176 150 85
0.07301676 0.03127536 -0.3632637 105 88 67
-0.0007575897 0.07840936 -0.3448202 11 11 12
0.03612958 0.1214444 -0.4677774 63 54 48
0.09350964 0.2515744 -0.2833415 62 55 46
0.1478158 0.2146874 -0.4032249 46 39 30
0.06174567 0.2003419 -0.3345737 69 48 21
0.02075992 0.04562036 -0.471876 160 127 49
0.06072104 0.1634544 -0.4636788 100 85 65
0.2144176 0.2167364 -0.3786334 31 26 18
0.1765058 0.1767744 -0.4800731 63 51 36
0.1221997 0.1439864 -0.5046646 93 73 45
0.01973527 0.1501344 -0.3724855 65 47 27
0.06277032 0.1829234 -0.4165452 115 85 41
0.1293722 0.2566974 -0.276169 45 37 27
0.1519143 0.1880464 -0.4554817 43 35 29
0.01871064 0.1286174 -0.4165452 160 129 52
0.09350964 0.1911199 -0.4349888 36 30 22
0.04022816 0.1747264 -0.3530173 44 33 21
0.07609069 0.1757504 -0.4585556 70 57 42
0.08223855 0.2075144 -0.3396969 66 39 7
0.02793243 0.1521834 -0.4083481 170 141 65
0.1027314 0.2444014 -0.2956372 47 43 32
0.1099039 0.1870224 -0.4554817 101 86 67
0.1703579 0.2023914 -0.4298656 61 54 47
0.1898262 0.1357894 -0.5046646 94 72 38
0.2205655 0.2198104 -0.3325244 30 26 21
0.0084642 0.08455736 -0.4370381 159 128 53
0.1467911 0.1941934 -0.4462599 33 27 23
0.01563671 0.03332536 -0.3981016 16 13 11
0.04535137 0.1798494 -0.3540419 92 73 47
0.2236394 0.1788244 -0.4534324 46 40 32
0.2441323 0.1163214 -0.5087632 62 45 35
0.0504746 0.2351794 -0.3007605 38 32 26
0.2154423 0.2167364 -0.2894894 9 7 4
0.03715423 0.1439864 -0.4442106 56 43 36
0.1580622 0.2126374 -0.4093727 28 24 18
0.2359351 0.1665284 -0.4647035 38 32 25
0.1713826 0.1644794 -0.4913442 108 79 37
0.1344954 0.2064894 -0.4267917 36 30 23
0.181629 0.2218594 -0.3540419 35 29 21
0.121175 0.2218594 -0.3355984 6 4 2
0.2000726 0.08763136 -0.5272068 28 9 0
0.08941106 0.1204194 -0.5333546 72 55 36
0.0084642 0.1163214 -0.3888798 102 84 50
0.09863286 0.2341554 -0.3110069 20 15 8
0.04740067 0.1306664 -0.4769992 118 101 79
0.01256276 0.1173454 -0.4001509 136 104 43
0.06379497 0.1491094 -0.4821224 89 75 54
0.05662246 0.04664486 -0.3458448 49 35 26
0.195974 0.1030004 -0.5231082 49 27 13
0.1406433 0.2167364 -0.3940031 35 30 25
0.06379497 0.2044404 -0.3335491 98 68 22
0.07301676 0.1696024 -0.471876 115 100 76
0.00641491 -0.002537643 -0.4503585 114 83 41
0.07096748 0.2218594 -0.3212533 66 42 19
0.1693333 0.2249334 -0.3181794 31 27 24
0.07096748 0.2403024 -0.3007605 42 34 24
0.2349105 0.1501344 -0.4872456 46 39 30
0.1058054 0.2331304 -0.3151055 105 96 75
0.08531248 0.002585357 -0.5354039 91 72 49
0.1334708 0.2249334 -0.3212533 12 10 7
0.121175 0.1685779 -0.4810978 96 73 39
0.1560129 0.1573064 -0.4954428 160 130 58
0.1806044 0.2187854 -0.3868305 17 14 9
0.03715423 0.1675534 -0.3755595 91 60 23
0.02178457 0.06406336 -0.4729006 158 126 53
0.04022816 0.06816236 -0.4995414 66 53 41
0.03100636 0.06816236 -0.4841717 116 85 41
0.04227744 0.1040254 -0.4892949 102 86 65
0.1252736 0.1655044 -0.4851964 100 72 33
0.2390091 0.1460359 -0.4892949 46 40 33
0.02383385 0.1552579 -0.3704362 33 19 9
0.03715423 0.1583314 -0.4216684 154 128 59
0.2410584 0.2003419 -0.3981016 67 59 51
0.0504746 0.2485004 -0.2792429 48 41 33
0.08121391 0.1163214 -0.5220835 82 68 46
0.1099039 0.1767744 -0.4729006 73 58 42
0.00436562 0.09377936 -0.3786334 77 61 42
0.1170765 0.1265674 -0.5169603 61 45 25
0.1344954 0.2392784 -0.3028097 34 28 18
0.0668689 0.1480854 -0.486221 72 55 35
0.1785551 0.1275914 -0.5118371 137 114 83
0.07506604 0.2198104 -0.3233026 117 82 26
0.07199211 0.09787736 -0.5241328 81 65 44
0.06379497 0.1255424 -0.4995414 93 76 49
0.08531248 0.1849724 -0.440112 47 42 37
0.00948883 0.06201536 -0.454457 170 140 65
0.01461206 0.1337404 -0.379658 28 19 12
0.1201504 0.09377936 -0.5354039 86 70 52
0.2308119 0.1070994 -0.514911 157 130 76
0.08531248 -0.002537643 -0.5333546 81 64 41
0.01973527 0.03332536 -0.3140808 15 14 13
0.05764711 0.2321064 -0.3089576 71 59 41
0.1088793 0.2300564 -0.3181794 49 42 32
0.0002670403 0.07123636 -0.3940031 13 3 1
0.1324461 0.2546484 -0.2771937 35 29 22
0.01153813 0.1122224 -0.4237177 156 124 54
0.02075992 0.1890704 -0.3263766 125 90 29
0.1150272 0.2218594 -0.3325244 9 7 5
0.00129169 0.09480336 -0.3755595 44 36 23
0.03510494 0.1573064 -0.4185945 149 122 51
0.07301676 0.03025136 -0.3581405 134 117 97
0.05559781 0.1378384 -0.4831471 125 110 89
0.01153813 0.1798494 -0.3274012 101 74 32
0.01666134 0.07635936 -0.4636788 170 140 66
0.167284 0.1890704 -0.457531 48 40 32
0.01153813 0.1070994 -0.4032249 81 47 16
0.1324461 0.1634544 -0.4872456 157 130 54
0.0832632 0.1665284 -0.4810978 116 99 71
0.01051348 0.1091484 -0.3817073 31 20 12
-0.00588082 0.02102936 -0.4073234 80 62 41
0.06072104 0.2495244 -0.2802676 75 66 51
0.1570376 0.2054654 -0.4247424 53 47 42
0.1601115 0.2208344 -0.3776088 34 29 21
0.0832632 0.2023914 -0.3540419 33 25 17
0.121175 0.1583314 -0.4954428 90 72 50
0.01358741 0.01180736 -0.2946126 15 11 7
0.04637602 0.001560857 -0.3335491 194 179 158
0.01256276 0.09172936 -0.443186 160 129 52
0.2359351 0.2146874 -0.3058837 25 19 14
0.2072451 0.1859964 -0.454457 56 50 42
0.1416679 0.2515744 -0.2823169 40 27 13
0.1027314 0.1900954 -0.4442106 42 35 27
0.2400337 0.1265674 -0.5036399 108 92 70
0.1713826 0.2444014 -0.2771937 42 38 32
0.07916462 0.2013664 -0.3581405 35 25 14
0.04637602 0.2249334 -0.3110069 73 59 43
0.03408029 0.1491094 -0.4298656 158 128 60
-0.00588082 0.1941934 -0.3099823 139 108 46
0.03817887 0.01488086 -0.4933935 131 97 30
0.1724072 0.1398874 -0.5056892 104 78 40
0.2297873 0.1890704 -0.4339642 80 69 53
0.2328612 0.1398874 -0.4974921 76 64 46
0.1631854 0.1890704 -0.4554817 32 26 21
0.03817887 0.0005363568 -0.3161301 42 25 14
0.09658357 0.2054654 -0.4001509 47 37 26
0.2072451 0.2208344 -0.3007605 9 7 4
0.1642101 0.2239094 -0.3284258 13 11 8
0.1467911 0.2198104 -0.3847813 34 28 21
0.1683086 0.1532084 -0.4995414 131 102 44
0.02895707 -0.002537643 -0.4206438 75 60 40
0.1806044 0.2300564 -0.2946126 22 20 16
0.05457318 0.1368134 -0.4810978 82 69 55
0.02690778 0.1152964 -0.4626542 120 93 58
0.09863286 0.1316904 -0.5097878 147 124 88
0.09555893 0.1521834 -0.4944182 97 80 51
0.00948883 0.001560857 -0.4667528 179 148 98
0.07096748 0.1952184 -0.3489187 72 52 30
0.08633713 0.1982924 -0.4124466 48 38 28
0.02075992 0.1409124 -0.4093727 164 134 68
0.00641491 0.05689236 -0.3950277 26 18 11
0.04330209 0.1470604 -0.457531 72 66 56
0.02998171 0.1122224 -0.4657281 91 75 62
0.00948883 0.1777999 -0.3284258 105 81 41
0.08428784 0.1777999 -0.4585556 81 69 52
0.01461206 0.008733357 -0.293588 20 18 16
0.04022816 -0.002537643 -0.3171548 13 10 6
0.2226148 0.2198104 -0.3161301 30 24 19
0.1611361 0.2228839 -0.3642884 36 30 23
0.1621608 0.2208344 -0.379658 24 19 13
0.1037561 0.2187854 -0.3581405 19 14 7
-0.00895475 0.1009514 -0.3560912 118 89 47
0.1570376 0.2157114 -0.3991263 51 45 36
0.1058054 0.2208344 -0.3325244 14 12 7
0.1918755 0.2085384 -0.4175699 31 28 23
0.07916462 0.1060754 -0.5364286 112 95 73
0.181629 0.2116134 -0.4073234 33 26 19
0.2082698 0.2239094 -0.2833415 7 5 3
0.032031 0.1614054 -0.4093727 156 127 63
0.06789355 0.1931694 -0.3817073 159 128 45
0.02998171 0.007709357 -0.4821224 138 104 39
0.1416679 0.2177604 -0.3899045 33 29 23
0.00948883 0.1593554 -0.3458448 68 53 32
0.1713826 0.1501344 -0.5015907 141 111 52
0.1488404 0.1265674 -0.5210589 140 115 63
0.04535137 0.1337404 -0.4698267 73 63 53
0.00436562 0.05586736 -0.4144959 41 31 26
0.2113437 0.2228839 -0.3468694 39 34 29
0.2441323 0.1757504 -0.4462599 33 30 27
0.2123683 0.1132464 -0.5159357 73 49 28
0.2185162 0.2013664 -0.4185945 101 94 85
0.01973527 0.1060754 -0.4503585 164 135 70
0.2338858 0.1890704 -0.4319149 61 51 37
0.2287626 0.2075144 -0.3940031 28 24 19
0.1426925 0.2525984 -0.2802676 48 36 22
0.01973527 0.1234939 -0.4288409 183 155 70
0.07199211 0.02512836 -0.3489187 145 131 110
0.2236394 0.1030004 -0.517985 118 88 45
0.06891818 0.07226136 -0.5292561 106 88 61
0.04227744 0.01385636 -0.4954428 133 98 42
0.02895707 0.1480854 -0.4206438 169 141 59
0.01768599 0.02717636 -0.4688021 156 125 57
0.00539027 0.07431136 -0.4093727 101 68 26
-0.01715189 0.1552579 -0.3294505 63 48 28
0.2369598 0.1583314 -0.4759746 51 45 38
0.1375693 0.1808734 -0.4626542 143 116 46
0.0668689 0.2157114 -0.3243273 118 88 31
0.02485851 -0.002537643 -0.2915387 12 9 8
0.08838642 0.1460359 -0.4985167 125 104 68
0.1652347 0.2239094 -0.3519927 33 28 23
0.2441323 0.2136619 -0.3396969 38 33 28
0.1857276 0.2126374 -0.4032249 34 30 23
0.1140025 0.2064894 -0.4134713 30 24 18
0.2349105 0.1224684 -0.5077385 65 47 29
0.0002670403 0.02410286 -0.3017851 9 6 7
0.01871064 0.1491094 -0.3724855 73 52 33
0.2174915 0.2218594 -0.3376476 28 23 18
0.08531248 0.2525984 -0.2812922 43 41 35
0.1293722 0.1275914 -0.5190096 31 13 0
0.210319 0.1501344 -0.4933935 79 67 48
0.03510494 0.08148336 -0.4851964 58 43 36
0.05354853 0.0005363568 -0.5067139 65 40 26
0.1088793 0.2249334 -0.350968 27 22 15
0.01051348 0.1624304 -0.3437955 49 36 21
0.05457318 0.03639836 -0.5190096 74 57 39
0.03920351 0.01385636 -0.4923689 143 109 43
0.04944995 0.2444014 -0.2864154 78 68 53
0.0084642 0.04049736 -0.3499434 25 21 18
0.1498651 0.2218594 -0.3755595 29 23 17
0.1570376 0.2403024 -0.2894894 47 40 31
0.1150272 0.1224684 -0.5231082 59 42 22
0.1611361 0.2218594 -0.3704362 30 26 20
0.1221997 0.1204194 -0.5364286 58 46 36
0.1847029 0.2310804 -0.2915387 53 45 35
0.1078547 0.1870224 -0.4554817 53 42 30
0.06379497 0.1593554 -0.471876 69 58 43
0.08531248 0.1808734 -0.4493338 40 30 25
0.01051348 0.05689236 -0.3837566 6 2 1
0.01563671 0.2300564 -0.293588 106 87 61
0.00539027 0.1040254 -0.3663377 18 14 11
0.04432674 0.01180736 -0.4974921 133 100 47
0.01563671 0.1060754 -0.4380627 165 134 57
0.0668689 0.1357894 -0.4964675 122 104 73
0.05764711 0.03127536 -0.5210589 85 68 45
0.08941106 0.2177604 -0.3274012 85 61 27
0.2410584 0.1552579 -0.4780239 47 41 35
0.03817887 0.01385636 -0.3192041 43 31 20
0.09863286 0.2556724 -0.276169 59 51 41
0.2236394 0.1849724 -0.4442106 52 42 34
0.1713826 0.1501344 -0.5015907 97 73 37
0.2010972 0.2136619 -0.3929784 26 24 19
0.1631854 0.2218594 -0.3755595 24 21 16
0.08121391 0.1439864 -0.4995414 145 130 89
0.06379497 0.05586736 -0.5282314 92 73 49
0.1590868 0.1501344 -0.500566 146 117 47
0.2123683 0.2187854 -0.3007605 9 8 5
0.2195408 0.1132464 -0.5169603 143 121 94
0.1365447 0.2351794 -0.3069083 30 25 18
0.00334097 0.07021236 -0.3519927 9 9 11
0.05969639 0.1163214 -0.500566 119 100 68
0.1221997 0.08865536 -0.5354039 81 66 48
0.03408029 0.09890236 -0.4790485 51 41 36
0.02485851 0.03947236 -0.4780239 157 124 51
0.03715423 0.1644794 -0.4062988 169 138 58
0.05457318 0.2454259 -0.2874401 49 40 30
0.05252388 0.08250736 -0.5118371 99 80 53
0.1662594 0.1132464 -0.5292561 44 33 25
0.2174915 0.1142714 -0.514911 59 43 32
0.01051348 0.1081234 -0.3776088 31 24 20
0.01256276 0.003610357 -0.4524078 147 121 74
0.1426925 0.1931694 -0.4483092 46 38 27
0.2369598 0.2085384 -0.382732 48 43 36
0.1949494 0.2095644 -0.4093727 43 38 33
0.1980233 0.1409124 -0.5015907 90 69 35
0.2349105 0.1931694 -0.4237177 42 37 31
0.05457318 0.2095644 -0.3253519 123 91 31
0.1191257 0.2444014 -0.2976865 40 32 23
0.0084642 0.05689236 -0.4483092 152 118 46
0.1949494 0.1788244 -0.4810978 61 51 37
0.03817887 0.1675534 -0.3837566 162 136 70
0.2021219 0.09377936 -0.5251575 74 47 25
-0.01510261 0.1050494 -0.3468694 5 2 3
0.00436562 0.1798494 -0.322278 118 87 31
0.01358741 0.02205336 -0.4616295 136 100 38
0.05457318 0.2085384 -0.3263766 143 109 44
0.1252736 0.2126374 -0.4011756 30 25 20
0.02485851 0.1286174 -0.4370381 182 145 65
0.1621608 0.1890704 -0.454457 35 30 26
0.02998171 0.07840936 -0.4810978 104 74 43
0.01871064 0.09685336 -0.4534324 163 133 60
0.1939247 0.1952184 -0.4524078 40 33 25
0.1467911 0.1993174 -0.4390874 59 52 46
0.1365447 0.2536234 -0.2771937 44 39 30
0.1570376 0.2218594 -0.3724855 35 29 21
0.1181011 0.2116134 -0.4001509 40 33 25
0.1662594 0.2280074 -0.3038344 19 17 14
0.1590868 0.2249334 -0.3478941 30 25 19
0.08018927 0.1788244 -0.4483092 99 81 62
-0.01100403 -0.0004886432 -0.4237177 131 97 54
0.01358741 0.02717636 -0.4421613 148 114 49
0.04944995 0.05279336 -0.3550666 16 11 11
0.07199211 0.05894036 -0.53233 92 75 51
0.01973527 0.07635936 -0.4667528 170 140 65
0.03408029 0.1870224 -0.3335491 66 49 26
0.01358741 0.04049736 -0.4134713 41 25 17
0.1867522 0.09275436 -0.5302807 79 52 18
0.04944995 0.06918736 -0.5097878 100 82 57
0.03510494 0.01795536 -0.3233026 16 10 5
0.04125281 -0.0004886432 -0.3253519 35 21 11
0.13552 0.1952184 -0.4462599 61 50 39
0.1836783 0.2116134 -0.4073234 44 39 32
0.1252736 0.2105884 -0.4103974 30 24 19
0.1549883 0.2239094 -0.3263766 11 10 8
0.1621608 0.1009514 -0.5354039 80 58 28
0.1478158 0.2187854 -0.3899045 35 30 22
0.05559781 0.1767744 -0.4206438 94 68 35
0.1683086 0.1880464 -0.4616295 42 35 28
0.1642101 0.2454259 -0.2782183 41 36 28
0.02280921 0.1286174 -0.4349888 180 154 84
0.07199211 0.1081234 -0.5231082 111 89 66
0.01461206 0.1224684 -0.4237177 165 135 67
0.00641491 0.08763136 -0.3991263 38 21 12
0.04227744 0.1306664 -0.4677774 67 59 53
0.1437172 0.2187854 -0.3858059 35 30 24
0.02383385 0.1972684 -0.3233026 158 126 56
0.00539027 0.03332536 -0.4288409 91 71 43
0.06584425 0.1040254 -0.5159357 102 85 57
0.01871064 0.1757504 -0.3345737 76 57 32
0.01051348 0.1111984 -0.425767 148 121 61
-0.0007575897 0.1368134 -0.3540419 54 41 29
0.2164669 0.2177604 -0.3673623 38 32 25
0.1918755 0.2321064 -0.2843662 33 28 21
0.09248499 0.1993174 -0.4165452 38 31 25
0.03612958 0.008733357 -0.4892949 127 95 37
0.05354853 0.2382534 -0.2966619 48 42 31
0.2267133 0.1665284 -0.4708513 64 54 39
0.01051348 0.07328536 -0.4606049 143 112 49
0.09760821 0.1316904 -0.5097878 80 63 42
0.09350964 0.03230036 -0.3396969 18 13 10
0.01051348 0.05689236 -0.3612145 1 1 3
0.2410584 0.1747264 -0.4493338 38 34 28
0.0484253 0.08148336 -0.5067139 87 68 44
0.01461206 0.1245184 -0.3981016 126 92 42
0.032031 0.1624304 -0.3817073 119 86 30
0.1129779 0.1747264 -0.4749499 58 44 31
0.05969639 0.1870224 -0.3960523 193 160 66
0.08736177 0.1777999 -0.4626542 91 78 56
0.1631854 0.2249334 -0.3314998 25 21 16
0.03920351 0.1316904 -0.4626542 57 49 43
0.08838642 0.1634544 -0.4851964 121 103 69
0.1857276 0.2105884 -0.4093727 43 37 30
0.1078547 0.1839474 -0.4636788 56 41 26
0.10683 0.2187854 -0.3612145 26 18 12
0.138594 0.2136619 -0.4011756 53 45 35
0.00231634 0.05484236 -0.3202287 10 9 6
0.1836783 0.2249334 -0.3294505 76 70 61
0.01051348 0.1070994 -0.4083481 138 104 47
0.1375693 0.1214444 -0.5354039 27 10 2
0.07813997 0.1777999 -0.4493338 59 46 33
0.04125281 -0.001512643 -0.3253519 23 11 3
0.03408029 0.02922636 -0.4882703 145 113 43
0.01256276 0.2321064 -0.2864154 82 66 48
0.00743955 0.1081234 -0.3704362 16 9 6
0.06994283 0.007709357 -0.5272068 89 71 47
-0.01202868 0.01795536 -0.4083481 95 52 18
0.0002670403 0.07226136 -0.4032249 78 64 46
0.07404141 0.2351794 -0.3120315 69 50 28
0.04022816 0.2392784 -0.2925633 53 46 39
0.01051348 0.04357136 -0.3202287 15 13 15
0.02178457 0.04254736 -0.4759746 156 128 55
0.00539027 0.03844836 -0.4278163 57 37 31
0.199048 0.1993174 -0.443186 59 51 39
0.1201504 0.1388634 -0.5087632 94 74 47
0.02588314 0.1470604 -0.4134713 163 133 54
0.1929001 0.2167364 -0.3878552 29 26 21
0.2338858 0.1224684 -0.5087632 92 71 39
0.01051348 0.1450104 -0.3622391 23 14 8
0.1877769 0.1081234 -0.5282314 77 55 27
0.2164669 0.08250736 -0.5282314 153 127 61
0.02895707 0.08045836 -0.4780239 115 82 40
-0.00280689 0.2116134 -0.2987112 151 122 56
0.03612958 0.1870224 -0.3345737 66 48 26
0.04944995 0.03332536 -0.5118371 76 58 41
0.02178457 0.2003419 -0.3192041 151 117 44
0.00436562 0.09275436 -0.3909291 72 57 36
0.02895707 0.01078336 -0.4729006 156 122 44
0.1365447 0.1624304 -0.4882703 161 134 57
0.04022816 0.1542324 -0.4370381 54 35 20
0.1775304 0.08865536 -0.5354039 149 119 52
0.03612958 0.04869436 -0.4974921 46 33 26
0.2113437 0.2228839 -0.3294505 26 21 17
0.1877769 0.2116134 -0.4042495 28 25 19
0.1980233 0.1122224 -0.5169603 73 51 36
0.05867174 0.1941934 -0.3386723 35 25 15
0.1467911 0.1152964 -0.5343793 80 69 55
0.1201504 0.1224684 -0.5292561 69 56 36
-0.01100403 0.06918736 -0.3868305 79 33 5
-0.0007575897 0.07328536 -0.3776088 23 18 13
-0.01100403 0.1009514 -0.3468694 7 6 2
0.05252388 0.1685779 -0.4421613 107 80 52
0.00743955 0.07123636 -0.4411367 154 121 46
0.03612958 0.1644794 -0.4042495 159 128 51
0.05252388 0.02922636 -0.5138864 81 63 44
0.01153813 0.1224684 -0.3847813 54 36 20
0.02178457 0.1593554 -0.3550666 29 21 14
0.00539027 0.1214444 -0.3724855 23 14 8
0.06584425 0.1911199 -0.3878552 166 135 52
0.03715423 -0.002537643 -0.3099823 33 23 18
0.1642101 0.2034154 -0.4278163 27 24 19
0.2021219 0.1624304 -0.4882703 46 38 28
-0.01100403 0.06611336 -0.3325244 30 18 7
0.2236394 0.2198104 -0.3448202 43 35 27
0.02588314 0.008733357 -0.2987112 15 11 9
0.04125281 -0.002537643 -0.3468694 184 171 154
0.05867174 0.2228839 -0.3161301 74 47 23
0.0668689 0.1183704 -0.5108125 179 166 140
0.05559781 0.09992636 -0.5087632 83 67 46
0.00641491 0.08660636 -0.4380627 143 121 75
0.2256887 0.1501344 -0.4903196 63 51 36
0.032031 0.02615236 -0.4872456 152 119 44
0.01153813 0.03844836 -0.3786334 18 11 9
0.05867174 0.1716514 -0.4411367 39 33 28
0.04944995 0.02922636 -0.5108125 73 55 36
0.03715423 0.007709357 -0.4831471 155 120 43
0.00231634 0.1921454 -0.3151055 149 117 47
0.08838642 0.2495244 -0.2864154 43 36 26
0.01768599 0.1593554 -0.350968 46 33 20
0.02075992 0.03742336 -0.4708513 155 119 46
0.2195408 0.2177604 -0.365313 37 32 25
0.2328612 0.2105884 -0.2925633 37 29 20
0.1006821 0.2566974 -0.2751444 51 44 35
0.08941106 0.2351794 -0.3110069 48 41 29
0.2256887 0.1849724 -0.443186 56 46 37
0.03305565 0.2187854 -0.3120315 117 86 37
0.07916462 0.1573064 -0.4872456 130 112 80
0.07506604 0.1245184 -0.5118371 109 91 63
0.01256276 0.03434936 -0.4585556 148 115 37
-0.00895475 0.1470604 -0.3448202 158 137 95
0.01973527 0.1224684 -0.4298656 167 137 58
0.1426925 0.1716514 -0.4769992 154 127 50
0.0084642 0.03230036 -0.4349888 91 64 30
0.00539027 0.2064894 -0.307933 158 126 57
0.05457318 0.1675534 -0.4411367 46 40 34
0.01051348 0.03230036 -0.3519927 22 19 16
0.2236394 0.1132464 -0.5138864 70 52 30
0.00743955 0.04254736 -0.3396969 10 8 9
0.1601115 0.2321064 -0.2976865 31 26 20
0.2246641 0.2146874 -0.3735102 37 32 26
0.08838642 0.1204194 -0.5241328 83 65 40
0.1088793 0.1655044 -0.4851964 93 75 51
0.1847029 0.2198104 -0.3806827 25 21 16
0.2051958 0.2085384 -0.4083481 33 28 18
-0.0007575897 0.02922636 -0.4226931 142 114 67
-0.0007575897 0.08763136 -0.4001509 145 122 80
0.03612958 0.1624304 -0.4103974 173 143 61
0.02998171 0.1818974 -0.3355984 52 39 24
0.07506604 0.1900954 -0.4185945 64 47 30
0.00334097 0.04971936 -0.4083481 20 11 5
0.02075992 0.1552579 -0.3601898 63 46 27
0.199048 0.07123636 -0.5354039 139 105 42
0.2174915 0.1603814 -0.4831471 55 48 37
0.0996575 0.1265674 -0.5138864 141 122 84
0.10683 0.2034154 -0.4175699 53 45 36
0.1693333 0.2187854 -0.3878552 41 35 28
0.0084642 0.1552579 -0.3478941 36 22 11
0.0648196 0.06508936 -0.5272068 84 67 44
0.1396186 0.2259574 -0.3478941 25 20 12
0.07096748 0.2054654 -0.3345737 53 34 11
0.1785551 0.2034154 -0.4267917 50 43 35
0.1683086 0.2382534 -0.2853908 25 21 15
-0.0007575897 0.03127536 -0.4175699 138 108 65
0.1713826 0.2218594 -0.3724855 26 22 18
0.01461206 0.06713836 -0.4616295 194 167 79
0.2441323 0.1890704 -0.4278163 37 31 24
0.01358741 0.09890236 -0.4380627 161 131 53
0.05969639 0.1091484 -0.5077385 103 85 60
0.2195408 0.1849724 -0.4472845 53 41 32
0.08223855 0.2136619 -0.3304751 88 64 25
0.1426925 0.2044404 -0.4329395 37 32 26
0.2349105 0.2157114 -0.3089576 18 15 10
0.0904357 0.1204194 -0.5231082 110 94 67
0.1478158 0.1245184 -0.5231082 136 112 68
0.1611361 0.2485004 -0.2751444 34 29 21
0.1252736 0.1275914 -0.517985 63 46 28
0.08223855 0.2023914 -0.3755595 113 84 29
0.01051348 0.09890236 -0.379658 31 23 16
0.1683086 0.2105884 -0.4124466 41 34 27
0.02280921 0.09275436 -0.4636788 156 126 57
0.2185162 0.1030004 -0.517985 57 35 19
0.1283475 0.2444014 -0.2976865 58 50 39
0.2021219 0.07738436 -0.53233 133 100 40
0.01358741 0.1316904 -0.3950277 124 94 47
0.1140025 0.2566974 -0.2802676 53 42 27
0.2174915 0.1050494 -0.517985 63 42 30
0.1785551 0.09992636 -0.5302807 41 23 9
0.02690778 0.1890704 -0.3284258 113 83 36
0.00641491 0.04254736 -0.4329395 133 97 31
0.1099039 0.1337404 -0.5097878 91 73 44
0.1478158 0.1655044 -0.4851964 154 126 48
0.0084642 0.1818974 -0.3243273 147 111 40
0.07199211 0.2013664 -0.3386723 58 41 20
0.1703579 0.2249334 -0.3110069 0 0 0
0.1262982 0.2341554 -0.3120315 48 41 34
0.2174915 0.1552579 -0.4882703 53 46 37
0.2297873 0.2167364 -0.3274012 40 33 25
0.1765058 0.1982924 -0.4452352 49 36 24
0.08121391 0.2034154 -0.3489187 22 16 12
0.09453428 0.1214444 -0.5343793 72 54 37
0.02178457 0.01078336 -0.4185945 84 67 52
0.01871064 0.1009514 -0.4524078 180 152 76
0.04330209 0.002585357 -0.4944182 130 95 49
0.02793243 0.2351794 -0.2956372 79 68 54
0.02690778 0.04562036 -0.4810978 156 125 51
0.04944995 0.02512836 -0.5097878 87 66 47
0.01666134 0.08455736 -0.4595803 162 133 62
0.01461206 0.1019764 -0.4380627 164 133 53
0.02793243 0.1593554 -0.3622391 36 26 18
0.195974 0.1726764 -0.4851964 55 43 31
0.2390091 0.08250736 -0.5292561 169 138 60
0.07711534 0.1552579 -0.4882703 95 79 58
0.1478158 0.1726764 -0.4759746 151 124 52
0.1775304 0.2218594 -0.3663377 25 21 16
0.2144176 0.2146874 -0.3847813 38 34 27
0.09760821 0.1583314 -0.4903196 100 82 53
0.00948883 0.1941934 -0.3171548 151 118 45
0.0002670403 0.1173454 -0.3673623 15 11 7
0.00334097 0.08148336 -0.4103974 126 101 65
0.03920351 0.1409124 -0.4565063 46 39 31
0.1303968 0.2249334 -0.3601898 8 7 5
0.00948883 0.04869436 -0.4103974 41 23 10
0.01461206 0.08353236 -0.4565063 152 122 48
0.04227744 0.004634357 -0.4903196 143 112 45
0.02793243 0.02102936 -0.4769992 151 118 50
0.01563671 0.03434936 -0.4636788 150 115 50
-0.00178224 0.1173454 -0.3632637 17 13 11
0.06072104 0.2198104 -0.3192041 118 92 55
0.02075992 0.2157114 -0.3089576 135 102 40
0.04330209 0.04254736 -0.5046646 96 75 55
0.03100636 0.05689236 -0.4872456 132 100 48
0.2246641 0.1347644 -0.5036399 93 74 43
0.1519143 0.1316904 -0.5159357 148 120 61
0.1334708 0.1696024 -0.4790485 158 131 54
0.1549883 0.1962434 -0.4411367 34 28 23
0.05457318 0.1829234 -0.3540419 66 52 36
0.1560129 0.2105884 -0.4155206 42 35 28
0.1662594 0.1111984 -0.5313053 39 28 20
0.1170765 0.1808734 -0.4677774 111 73 27
0.1775304 0.2218594 -0.3632637 28 22 16
0.06789355 0.1921454 -0.3591652 39 28 15
-0.01100403 0.04459636 -0.4042495 65 28 1
-0.00588082 -0.002537643 -0.4636788 156 130 73
0.0484253 0.1583314 -0.4472845 44 38 33
0.04637602 0.003610357 -0.4954428 139 107 44
0.04330209 0.05176836 -0.5077385 81 63 42
0.03305565 0.1890704 -0.3314998 96 68 25
0.06789355 0.07840936 -0.5261821 96 77 50
0.0668689 0.1634544 -0.4729006 106 93 72
0.1847029 0.1644794 -0.4913442 60 49 33
0.1283475 0.1275914 -0.5190096 68 49 27
0.01358741 0.1163214 -0.4144959 142 108 35
0.1006821 0.1552579 -0.4923689 100 82 52
0.2051958 0.2228839 -0.3478941 30 26 20
0.2195408 0.1050494 -0.5169603 92 65 37
0.1826537 0.1111984 -0.5251575 55 45 37
0.02178457 0.01590636 -0.4688021 143 109 43
0.00539027 0.2341554 -0.2802676 151 127 79
0.08838642 0.1900954 -0.4339642 39 31 25
0.1877769 0.1409124 -0.5015907 146 121 81
0.08121391 0.1316904 -0.5077385 129 111 83
0.00641491 0.06201536 -0.3530173 23 23 21
-0.01202868 0.1767744 -0.3181794 145 119 68
0.1969987 0.1829234 -0.4729006 25 21 9
0.00334097 0.06303936 -0.4062988 59 42 28
0.05149925 0.1798494 -0.3765841 138 107 37
0.03408029 0.03434936 -0.4903196 137 103 43
0.1344954 0.1829234 -0.4606049 128 100 45
0.2092944 0.2239094 -0.3355984 13 11 9
0.2318366 0.1777999 -0.4503585 48 42 36
0.09453428 0.2444014 -0.2946126 37 30 22
0.00334097 0.04664486 -0.3714609 30 23 18
0.00334097 0.09685336 -0.3612145 13 11 13
0.07506604 0.2126374 -0.3304751 107 77 24
0.07609069 0.1398874 -0.4995414 101 81 53
0.1457665 0.2259574 -0.3233026 12 11 8
0.02178457 0.0005363568 -0.4052741 114 98 67
0.08531248 0.2218594 -0.3233026 64 42 18
0.08428784 0.1491094 -0.4954428 75 59 39
0.2441323 0.1634544 -0.4647035 36 34 30
0.07916462 0.1767744 -0.4565063 65 54 41
0.05354853 0.1993174 -0.3325244 82 58 24
0.1877769 0.2208344 -0.3765841 10 11 5
0.1806044 0.1644794 -0.4913442 84 74 56
-0.00485617 0.1685779 -0.3294505 84 65 35
0.05252388 0.1808734 -0.3878552 164 133 49
0.06174567 0.1859964 -0.4042495 173 142 56
-0.01202868 0.009757357 -0.425767 23 13 9
0.01666134 0.1542324 -0.3581405 49 36 21
0.01051348 0.2064894 -0.3099823 158 126 54
0.09760821 0.2116134 -0.3714609 52 35 19
-0.01202868 0.2167364 -0.2874401 162 136 76
0.01153813 0.1070994 -0.3950277 39 16 9
0.09146035 0.2310804 -0.3161301 52 42 30
0.227738 0.1450104 -0.4944182 67 60 54
0.2062205 0.1224684 -0.514911 70 47 28
0.05559781 0.1111984 -0.500566 77 60 36
0.02383385 0.1234939 -0.4390874 153 121 37
0.08941106 0.2126374 -0.3376476 16 10 4
0.1775304 0.2228839 -0.3151055 21 21 18
0.138594 0.1737014 -0.4739253 153 126 54
0.1437172 0.1962434 -0.4442106 47 40 33
0.1867522 0.1378384 -0.5036399 63 42 16
0.1642101 0.2187854 -0.3888798 53 47 38
0.1611361 0.2003419 -0.4339642 40 35 30
0.032031 0.1070994 -0.4698267 67 54 46
0.2349105 0.2075144 -0.2833415 32 25 17
0.01051348 0.09992636 -0.4073234 134 100 40
0.04637602 0.1798494 -0.3478941 47 36 23
0.07301676 0.06406336 -0.53233 98 79 54
0.02280921 0.01693036 -0.4739253 135 101 44
0.2051958 0.2167364 -0.3847813 46 40 34
0.01461206 0.06918736 -0.4616295 162 132 71
0.09248499 0.2351794 -0.3099823 47 40 30
0.1498651 0.2290324 -0.3099823 27 24 18
0.01051348 0.05689236 -0.457531 188 160 79
-0.0079301 0.03332536 -0.397077 72 55 36
0.07813997 0.1521834 -0.4913442 101 85 59
0.01051348 0.1173454 -0.3858059 41 23 13
0.07404141 0.1245184 -0.5097878 103 86 59
0.1375693 0.1193954 -0.5354039 33 24 16
0.00231634 0.09787736 -0.3929784 110 87 49
0.124249 0.2228839 -0.3263766 1 1 0
-0.01305333 0.06099036 -0.3888798 62 23 11
0.1129779 0.2249334 -0.3233026 27 24 18
0.07711534 0.09685336 -0.5272068 78 59 39
0.02178457 0.0005363568 -0.3806827 44 37 33
0.07404141 0.06201536 -0.5333546 74 58 37
0.06072104 0.1798494 -0.4237177 57 42 29
0.00641491 0.06099036 -0.440112 153 121 47
0.1806044 0.1286174 -0.5087632 43 31 20
0.1918755 0.07738436 -0.5333546 125 93 39
0.02075992 0.2208344 -0.304859 132 104 55
0.1262982 0.2372294 -0.3089576 35 30 22
0.03100636 0.1634544 -0.365313 37 25 13
0.04125281 0.2269824 -0.3069083 44 34 24
0.2400337 0.1655044 -0.4647035 39 35 31
0.1826537 0.1962434 -0.457531 94 84 69
0.08531248 0.1757504 -0.4688021 80 67 49
0.00743955 0.05074336 -0.4247424 106 75 33
0.04022816 0.2444014 -0.2833415 36 31 25
0.02485851 0.1911199 -0.3274012 109 81 41
0.2174915 0.1378384 -0.5026153 69 54 22
0.04227744 0.007709357 -0.3263766 46 27 15
-0.00588082 0.005659357 -0.4339642 6 6 5
0.06072104 0.2331304 -0.3089576 59 48 34
0.032031 0.01590636 -0.4872456 133 99 38
0.01256276 0.04459636 -0.4155206 46 25 13
0.1160518 0.1234939 -0.5333546 88 71 57
-0.0007575897 0.06303936 -0.3202287 11 10 10
0.00948883 0.1142714 -0.382732 48 28 12
0.04022816 0.2454259 -0.2802676 36 29 24
0.2246641 0.2136619 -0.3806827 49 42 31
0.2113437 0.2075144 -0.4103974 40 35 27
0.1898262 0.2362044 -0.2782183 35 30 22
0.1273229 0.1214444 -0.5302807 77 63 49
0.1109286 0.2474754 -0.2915387 41 35 28
0.1918755 0.2208344 -0.3622391 26 23 18
0.07506604 0.2003419 -0.3642884 34 20 7
-0.01202868 0.004634357 -0.4196192 119 84 47
0.0668689 0.09070436 -0.5220835 109 93 71
0.06277032 0.03025136 -0.5272068 69 53 34
0.2031465 0.1040254 -0.5190096 76 50 29
0.05662246 0.1142714 -0.4995414 106 89 61
0.04125281 0.005659357 -0.4903196 146 112 43
-0.00690547 0.2003419 -0.3038344 176 146 74
0.032031 0.005659357 -0.4749499 158 123 50
0.2297873 0.1460359 -0.4923689 66 56 41
0.195974 0.08455736 -0.5302807 107 74 27
0.07301676 0.1900954 -0.4134713 112 78 35
0.195974 0.2095644 -0.4052741 68 60 50
0.2154423 0.1798494 -0.4565063 42 36 27
0.08018927 0.2249334 -0.3212533 65 43 22
0.1037561 0.1767744 -0.4729006 86 71 51
0.00641491 0.04869436 -0.3212533 13 11 10
0.1754811 0.1982924 -0.4411367 60 44 27
0.1795797 0.2239094 -0.336623 25 21 15
0.04022816 0.1777999 -0.3571159 101 80 52
0.02793243 0.05176836 -0.4882703 138 101 59
0.03100636 0.08763136 -0.4790485 109 88 68
0.05354853 0.1132464 -0.4954428 109 92 64
0.06072104 0.02820136 -0.5241328 79 61 42
0.00641491 0.06406336 -0.4349888 147 116 47
0.05559781 0.1839474 -0.382732 162 131 50
-0.0007575897 0.2187854 -0.2956372 159 135 86
0.2164669 0.1419374 -0.4985167 51 38 23
0.01768599 0.1562824 -0.3530173 56 44 31
0.09658357 0.1224684 -0.5272068 80 62 35
0.06379497 0.1747264 -0.4421613 45 39 35
0.10683 0.2577214 -0.276169 63 51 35
0.1601115 0.2187854 -0.3899045 36 31 24
0.195974 0.2239094 -0.3376476 35 30 26
0.2051958 0.2116134 -0.3960523 42 38 31
0.1252736 0.2228839 -0.3263766 12 11 8
0.1437172 0.1409124 -0.5108125 155 129 65
0.1795797 0.1152964 -0.5272068 59 44 32
0.1375693 0.2454259 -0.293588 50 42 31
0.1344954 0.2239094 -0.3386723 35 29 19
0.02588314 0.1562824 -0.3878552 161 125 57
0.2000726 0.2259574 -0.3161301 18 13 1
0.1426925 0.2259574 -0.3519927 15 13 7
0.02895707 0.003610357 -0.4739253 144 111 40
0.00641491 0.1132464 -0.3745348 35 23 13
0.02280921 0.2413284 -0.2771937 45 39 31
0.03305565 0.08250736 -0.4810978 64 45 35
0.05149925 0.1409124 -0.4739253 82 70 52
0.05559781 0.1798494 -0.4083481 159 130 48
0.04535137 0.01897936 -0.5015907 68 42 27
0.1918755 0.1480854 -0.4974921 69 52 25
0.02895707 0.01488086 -0.4739253 158 122 45
0.1099039 0.1255424 -0.5190096 67 50 28
0.00129169 0.09685336 -0.3591652 44 37 27
0.01256276 0.1286174 -0.382732 41 25 14
0.1549883 0.2269824 -0.3120315 27 23 17
0.1980233 0.1849724 -0.4667528 62 54 42
0.2441323 0.2013664 -0.3919538 60 52 44
-0.01612726 0.05689236 -0.3161301 22 13 7
0.0504746 0.1193954 -0.4882703 96 78 57
0.2349105 0.2146874 -0.3581405 29 27 22
0.00641491 0.1839474 -0.3212533 130 96 38
0.167284 0.2290324 -0.2997358 29 27 21
0.2062205 0.1552579 -0.4913442 66 57 46
0.1908508 0.1081234 -0.5220835 45 26 17
0.09555893 0.1665284 -0.4831471 95 78 52
-0.00178224 0.1470604 -0.3478941 76 58 39
0.2410584 0.07635936 -0.53233 172 143 64
0.0504746 0.03639836 -0.5138864 78 61 45
0.02178457 0.03332536 -0.4708513 145 111 45
0.00436562 0.07840936 -0.4124466 135 104 47
0.02383385 0.1521834 -0.3878552 122 87 33
0.1324461 0.1286174 -0.5190096 140 112 53
0.1621608 0.1931694 -0.4462599 38 33 28
0.1929001 0.2208344 -0.3581405 38 34 27
0.213393 0.2064894 -0.4093727 30 25 20
0.07404141 0.1122224 -0.5200342 104 84 57
0.1826537 0.1993174 -0.4503585 80 70 55
0.07301676 0.2167364 -0.3253519 125 97 45
-0.01305333 0.1911199 -0.307933 123 92 37
0.0832632 0.2546484 -0.276169 52 44 33
0.1549883 0.2290324 -0.3069083 33 29 22
0.05969639 0.1040254 -0.5108125 77 62 43
0.01768599 0.007709357 -0.4472845 82 52 24
0.01871064 0.06099036 -0.4708513 161 133 62
0.2728223 0.05176836 -0.5261821 154 120 50
0.3476213 0.1480854 -0.3786334 110 90 57
0.2789702 0.03639836 -0.5261821 159 125 45
0.3476213 0.1296414 -0.2833415 165 134 58
0.3804099 0.04357136 -0.4155206 65 50 37
0.2676991 0.05996536 -0.5272068 155 127 73
0.3547938 0.02615236 -0.454457 150 121 51
0.3793853 0.1060754 -0.3458448 107 90 65
0.270773 0.2054654 -0.3304751 36 30 25
0.3004877 0.1849724 -0.3632637 57 47 39
0.3373749 0.09787736 -0.4657281 155 126 62
0.3783606 0.08148336 -0.3181794 101 83 68
0.2871673 0.1808734 -0.3960523 60 45 35
0.2994631 0.06201536 -0.5067139 142 112 42
0.3650403 0.09787736 -0.4964675 150 121 57
0.2625759 0.04767036 -0.5333546 167 142 79
0.3558185 0.09685336 -0.4247424 75 62 39
0.2769209 0.09890236 -0.4985167 167 137 75
0.2646252 0.07226136 -0.5251575 172 145 69
0.2974138 0.04767036 -0.5077385 161 125 56
0.3619663 0.1234939 -0.3110069 68 58 52
0.2676991 0.05586736 -0.5272068 186 154 65
0.3834839 0.09685336 -0.3530173 136 118 87
0.3537692 0.06611336 -0.4421613 144 114 46
0.3732374 0.009757357 -0.2771937 21 10 6
0.3752867 0.03844836 -0.2946126 145 101 42
0.3107341 0.1747264 -0.3755595 128 100 50
0.3465967 0.01590636 -0.4708513 176 142 50
0.3383995 0.09685336 -0.4626542 151 122 69
0.345572 0.1552579 -0.3263766 106 90 67
0.2543787 0.2085384 -0.2874401 108 82 47
0.3660649 0.1091484 -0.3110069 61 50 45
0.2625759 0.08045836 -0.5210589 161 134 59
0.2892166 0.1460359 -0.4513831 25 22 16
0.3568431 0.04869436 -0.443186 125 98 60
0.3148327 0.1788244 -0.3458448 75 65 51
0.359917 0.1419374 -0.3396969 97 81 58
0.3609417 0.03127536 -0.4411367 64 48 36
0.3568431 0.04971936 -0.4421613 98 72 40
0.3763114 0.05791636 -0.304859 158 127 60
0.2779455 0.1890704 -0.3878552 52 46 41
0.3496706 0.1388634 -0.3868305 114 95 60
0.3804099 0.07738436 -0.3171548 72 52 34
0.3650403 0.05484236 -0.4319149 82 67 52
0.3527445 0.1347644 -0.3878552 105 83 51
0.3845085 0.01283236 -0.4083481 85 68 46
0.2543787 0.1737014 -0.4452352 37 32 25
0.345572 0.01180736 -0.4729006 145 111 35
0.3711881 0.02717636 -0.2812922 119 84 35
0.3435227 0.1019764 -0.4411367 159 134 71
0.3220052 0.1050494 -0.4749499 163 137 73
0.3086849 0.1009514 -0.4821224 40 19 8
0.3158574 0.1788244 -0.3263766 21 16 13
0.2502802 0.06099036 -0.5343793 159 126 60
0.3261038 0.08558136 -0.4995414 191 170 95
0.3445474 0.09275436 -0.4452352 160 135 74
0.2922906 0.1900954 -0.2976865 167 138 58
0.3056109 0.02922636 -0.5046646 169 134 49
0.3045863 0.1849724 -0.3140808 39 32 24
0.3722128 0.0005363568 -0.304859 111 77 30
0.288192 0.1982924 -0.3253519 58 48 37
0.3527445 0.06201536 -0.4462599 135 105 40
0.3845085 0.01795536 -0.4134713 78 62 41
0.3435227 0.1419374 -0.2925633 79 56 35
0.2492555 0.2095644 -0.3622391 26 19 12
0.3660649 0.07533536 -0.4278163 124 107 90
0.359917 0.1429624 -0.3632637 85 68 39
0.2615512 0.2095644 -0.322278 49 36 27
0.2902413 0.1265674 -0.4749499 67 49 34
0.2963891 0.1009514 -0.4892949 141 120 72
0.3302024 0.02000536 -0.4821224 175 142 66
0.3609417 0.08763136 -0.4298656 124 108 89
0.3732374 0.1204194 -0.3571159 103 86 61
0.3148327 0.1255424 -0.4462599 103 77 40
0.3383995 0.1081234 -0.440112 163 138 73
0.3527445 0.1491094 -0.3673623 131 112 72
0.3261038 0.03434936 -0.4831471 160 126 43
0.2666745 0.2075144 -0.3345737 34 30 25
0.345572 0.1419374 -0.2976865 48 39 33
0.2472062 0.2013664 -0.3888798 48 43 38
0.2615512 0.1900954 -0.4011756 67 59 52
0.2513048 0.2044404 -0.2812922 46 33 20
0.2636005 0.2054654 -0.3540419 29 25 21
0.3209806 0.01590636 -0.4913442 177 144 60
0.3220052 0.09582736 -0.4964675 53 30 8
0.3711881 0.03844836 -0.4278163 83 70 53
0.2554034 0.1204194 -0.4995414 50 40 32
0.3506953 0.1521834 -0.3294505 75 62 45
0.3445474 0.09787736 -0.443186 172 151 97
0.3261038 0.07533536 -0.4708513 163 132 67
0.3578678 0.08455736 -0.2792429 160 125 46
0.3148327 0.1747264 -0.293588 146 113 52
0.2820441 0.1470604 -0.4606049 49 40 31
0.3302024 0.1655044 -0.3140808 45 38 34
0.3722128 0.09582736 -0.3140808 77 62 50
0.2748716 0.1675534 -0.4370381 41 36 32
0.3804099 0.02307836 -0.3243273 145 109 42
0.2574527 0.2095644 -0.3448202 30 25 19
0.3322517 0.03947236 -0.4821224 166 135 74
0.3373749 0.1480854 -0.2884647 98 73 43
0.2912659 0.1747264 -0.4052741 77 58 40
0.3722128 0.1009514 -0.5067139 95 70 42
0.3230299 0.09582736 -0.4729006 113 82 56
0.4039767 0.09992636 -0.5272068 79 61 41
0.302537 0.08455736 -0.4923689 83 47 11
0.3886071 0.06611336 -0.3519927 95 74 45
0.3250792 0.1532084 -0.4052741 147 121 52
0.3578678 0.1030004 -0.2884647 185 156 79
0.3906564 0.02512836 -0.3612145 75 55 36
0.3138081 0.05176836 -0.4892949 176 144 72
0.3476213 0.1337404 -0.290514 89 58 26
0.3558185 0.09787736 -0.5118371 59 42 26
0.316882 0.1777999 -0.3591652 69 56 41
0.316882 0.1685779 -0.3817073 98 75 45
0.3742621 0.02307836 -0.2884647 114 77 28
0.302537 0.1593554 -0.4185945 170 146 68
0.3199559 0.1409124 -0.4267917 152 127 56
0.3066356 0.1767744 -0.3724855 91 63 27
0.3271284 0.1644794 -0.3007605 34 27 21
0.2830688 0.09582736 -0.500566 143 114 54
0.3537692 0.1163214 -0.4073234 112 94 64
0.3158574 0.1070994 -0.4606049 105 72 37
0.2554034 0.06201536 -0.53233 158 126 61
0.3281531 0.1419374 -0.4165452 176 149 75
0.3066356 0.1849724 -0.3140808 59 50 38
0.3855331 0.02000536 -0.3499434 75 55 36
0.3875824 0.005659357 -0.3735102 81 64 43
0.3783606 0.03639836 -0.3140808 132 96 32
0.2461816 0.1142714 -0.5087632 69 48 34
0.3691388 0.03332536 -0.2771937 80 52 18
0.2451569 0.2054654 -0.3837566 41 36 29
0.2861427 0.1101734 -0.4841717 55 40 29
0.3517199 0.07738436 -0.4421613 147 118 51
0.3752867 0.02102936 -0.2771937 55 37 22
0.3732374 0.09890236 -0.3192041 65 53 45
0.2820441 0.1931694 -0.3673623 43 35 28
0.3158574 0.1009514 -0.486221 32 15 9
0.3435227 0.1070994 -0.5026153 34 24 17
0.2984384 0.01078336 -0.5190096 167 136 72
0.3804099 0.1030004 -0.5210589 60 47 36
0.3824592 -0.002537643 -0.3663377 78 61 43
0.3855331 0.004634357 -0.3704362 87 69 47
0.3865578 0.01385636 -0.3581405 87 69 51
0.3035616 0.1849724 -0.3089576 40 31 21
0.3691388 0.05279336 -0.2874401 143 102 30
0.3793853 0.1050494 -0.3765841 98 83 60
0.3066356 0.1696024 -0.3929784 161 134 57
0.3332763 0.09582736 -0.486221 132 92 42
0.3865578 0.05586736 -0.397077 49 39 29
0.2994631 0.1101734 -0.4708513 46 21 8
0.2625759 0.1521834 -0.4688021 37 31 24
0.2574527 0.2023914 -0.3765841 39 34 30
0.3158574 0.1593554 -0.4052741 158 132 59
0.3148327 0.08250736 -0.5046646 179 154 101
0.3230299 0.1603814 -0.2771937 164 134 52
0.3619663 0.1132464 -0.3017851 69 51 38
0.3127834 0.1009514 -0.4831471 28 9 1
0.3496706 0.005659357 -0.4667528 153 122 52
0.3435227 0.03742336 -0.4657281 178 147 63
0.2953645 0.003610357 -0.5241328 172 140 57
0.3097095 0.1829234 -0.3407216 90 77 64
0.377336 0.03127536 -0.3058837 127 89 28
0.3076602 0.1614054 -0.4103974 165 139 63
0.3752867 -0.001512643 -0.2894894 27 9 5
0.2912659 0.1941934 -0.3130562 53 40 27
0.2933152 0.1931694 -0.350968 51 45 36
0.3383995 0.1009514 -0.4790485 171 144 81
0.3537692 0.1081234 -0.5087632 36 25 18
0.3086849 0.005659357 -0.5138864 135 101 27
0.2933152 0.1398874 -0.454457 124 107 86
0.3148327 0.08660636 -0.4903196 37 16 7
0.3097095 0.01693036 -0.5067139 180 147 65
0.2779455 0.04971936 -0.5241328 152 113 42
0.2861427 0.07021236 -0.5138864 152 118 44
0.3517199 0.1419374 -0.3806827 106 86 52
0.3927057 0.05176836 -0.3663377 90 73 47
0.2963891 0.01283236 -0.5200342 180 148 64
0.3035616 0.1839474 -0.3007605 90 65 34
0.3076602 0.1829234 -0.3591652 44 36 27
0.3506953 0.1009514 -0.4329395 168 145 94
0.2636005 0.2013664 -0.368387 44 39 34
0.3845085 0.08558136 -0.3417462 103 86 60
0.2697484 0.1880464 -0.4022002 35 31 26
0.3056109 0.05996536 -0.5036399 179 148 84
0.3496706 0.05484236 -0.4524078 153 127 66
0.3701635 0.09480336 -0.411422 121 104 80
0.3865578 0.06406336 -0.3929784 63 50 34
0.3670896 0.1050494 -0.3120315 43 34 33
0.3086849 0.1839474 -0.3407216 64 55 45
0.3804099 0.04459636 -0.3192041 130 94 32
0.3291777 0.1132464 -0.4442106 145 119 56
0.3230299 0.1655044 -0.3786334 73 56 42
0.316882 0.1777999 -0.3550666 74 61 45
0.2974138 0.1521834 -0.4339642 96 79 58
0.2461816 0.1900954 -0.425767 57 46 33
0.2687237 0.2064894 -0.3304751 27 23 19
0.3148327 0.1224684 -0.4472845 98 74 36
0.345572 0.1030004 -0.4360135 151 126 59
0.345572 0.1009514 -0.4923689 156 129 67
0.2984384 0.1859964 -0.365313 38 30 23
0.2861427 0.1552579 -0.443186 52 45 38
0.2963891 0.1327154 -0.4585556 67 49 28
0.3660649 -0.0004886432 -0.4349888 63 51 37
0.3875824 0.01385636 -0.397077 82 65 47
0.3558185 0.09172936 -0.4278163 89 74 55
0.3578678 0.09070436 -0.2802676 166 135 57
0.3906564 0.06508936 -0.365313 80 62 39
0.3496706 0.1214444 -0.2823169 165 134 57
0.3947549 0.03127536 -0.3858059 98 79 54
0.2697484 0.1798494 -0.4247424 28 25 22
0.3506953 0.1532084 -0.3335491 88 73 51
0.2533541 0.2116134 -0.3294505 46 39 33
0.3353256 0.09787736 -0.4759746 155 126 69
0.2605266 0.1296414 -0.4892949 59 50 39
0.2933152 0.08353236 -0.5056892 154 120 53
0.2953645 0.03537436 -0.5128618 132 97 27
0.2595019 0.1624304 -0.457531 24 20 15
0.3250792 0.008733357 -0.4923689 176 143 60
0.3763114 0.008733357 -0.3233026 161 122 47
0.2502802 0.09172936 -0.5220835 155 125 61
0.3066356 0.1788244 -0.2864154 150 119 42
0.359917 0.03742336 -0.4411367 78 60 45
0.3814346 0.05279336 -0.3181794 134 101 38
0.3127834 0.06303936 -0.4831471 167 134 58
0.3250792 0.1706274 -0.3161301 51 44 38
0.2533541 0.1306664 -0.4913442 58 51 42
0.3261038 0.08865536 -0.5026153 155 121 44
0.3660649 0.04357136 -0.4319149 70 58 46
0.3414735 0.08763136 -0.4595803 141 111 46
0.2799948 0.1542324 -0.4483092 69 61 52
0.2697484 0.2044404 -0.3448202 26 21 16
0.3609417 0.09992636 -0.4974921 158 131 63
0.3302024 0.1368134 -0.4196192 166 139 66
0.302537 0.08865536 -0.4954428 83 49 20
0.3619663 0.09275436 -0.4216684 137 122 98
0.3722128 0.01283236 -0.4288409 101 85 70
0.3896317 0.03537436 -0.3499434 138 118 96
0.3506953 0.09582736 -0.486221 177 151 71
0.3763114 0.09890236 -0.3263766 95 80 63
0.3383995 -0.002537643 -0.4831471 183 152 64
0.3804099 0.03025136 -0.4175699 67 53 39
0.3240545 0.1696024 -0.368387 59 46 33
0.2799948 0.1911199 -0.3776088 41 35 29
0.3496706 0.1050494 -0.4308902 127 106 69
0.2584773 0.1829234 -0.4329395 51 45 35
0.377336 0.01180736 -0.3120315 119 85 36
0.2943398 0.1081234 -0.4800731 49 23 10
0.3527445 0.1275914 -0.3960523 120 101 68
0.3015123 -0.001512643 -0.5231082 173 141 60
0.3886071 0.08148336 -0.3663377 106 90 64
0.3322517 0.06816236 -0.4688021 154 124 69
0.3568431 0.1409124 -0.3202287 73 61 47
0.3814346 0.09480336 -0.3888798 112 96 76
0.3271284 0.1655044 -0.3745348 86 69 50
0.377336 0.06611336 -0.4124466 92 78 56
0.2513048 0.09582736 -0.5190096 136 103 47
0.2502802 0.1747264 -0.4462599 46 41 35
0.3414735 0.1337404 -0.4083481 100 77 43
0.3404488 0.09890236 -0.4759746 167 140 79
0.359917 0.07943436 -0.4298656 94 71 45
0.3435227 0.02410286 -0.4698267 168 136 55
0.3875824 0.003610357 -0.3806827 77 60 41
0.348646 0.08558136 -0.454457 150 128 75
0.2676991 0.1122224 -0.4985167 103 78 51
0.3097095 0.003610357 -0.5128618 166 134 54
0.3660649 0.1357894 -0.3519927 100 80 56
0.2933152 0.1911199 -0.307933 70 50 30
0.3691388 0.07328536 -0.4196192 103 83 55
0.3097095 0.02410286 -0.5036399 155 120 42
0.3568431 0.02205336 -0.4513831 140 109 50
0.3670896 0.1142714 -0.3919538 97 79 51
0.273847 0.1470604 -0.4677774 50 40 29
0.3834839 0.08045836 -0.4022002 73 58 42
0.3640156 0.06201536 -0.2802676 146 112 43
0.3752867 0.01590636 -0.3038344 138 98 32
0.2472062 0.1911199 -0.4206438 40 34 27
0.3220052 0.1747264 -0.3335491 80 65 48
0.2523294 0.2105884 -0.350968 32 28 24
0.3824592 0.04767036 -0.3284258 50 29 23
0.273847 0.1327154 -0.4800731 37 28 17
0.3394242 0.09787736 -0.4749499 174 146 78
0.345572 0.1603814 -0.3560912 82 67 48
0.3537692 0.002585357 -0.4585556 187 158 80
0.3783606 0.03230036 -0.3120315 150 111 44
0.3107341 0.02615236 -0.4995414 153 119 45
0.3701635 0.07738436 -0.4196192 96 81 61
0.3568431 0.09377936 -0.2792429 154 119 39
0.3056109 0.1398874 -0.4421613 72 56 31
0.2676991 0.08045836 -0.5200342 165 136 61
0.2994631 0.1788244 -0.3786334 149 121 51
0.3158574 0.1777999 -0.3581405 56 44 32
0.2554034 0.1993174 -0.3847813 42 38 32
0.2605266 0.2034154 -0.3642884 33 29 26
0.3066356 0.1439864 -0.4360135 110 88 50
0.3086849 0.1839474 -0.3355984 35 29 25
0.3517199 0.1429624 -0.3089576 57 44 36
0.3517199 0.09172936 -0.440112 151 132 98
0.3445474 0.1388634 -0.3950277 93 75 47
0.2492555 0.1081234 -0.5118371 73 47 33
0.3404488 0.01590636 -0.4749499 173 141 54
0.3537692 0.09377936 -0.2751444 155 122 42
0.377336 0.03127536 -0.3089576 145 106 39
0.3281531 0.1706274 -0.3571159 97 81 53
0.3302024 0.08353236 -0.4923689 185 158 80
0.2902413 0.08763136 -0.500566 130 105 75
0.2861427 0.1900954 -0.2864154 163 131 46
0.3076602 0.1614054 -0.411422 190 164 77
0.2769209 0.1706274 -0.4308902 35 32 28
0.2676991 0.1521834 -0.4647035 83 73 59
0.3158574 0.04459636 -0.4872456 153 119 44
0.316882 0.1111984 -0.4554817 70 49 26
0.2584773 0.2054654 -0.2946126 76 46 10
0.2974138 0.1614054 -0.4216684 165 135 62
0.302537 0.1829234 -0.2946126 140 109 42
0.2984384 0.06713836 -0.5026153 187 154 68
0.3189313 0.1030004 -0.4729006 168 134 63
0.2646252 0.2003419 -0.2823169 119 87 32
0.3701635 0.09070436 -0.4103974 117 98 65
0.3179066 0.1296414 -0.443186 115 89 48
0.3281531 0.1491094 -0.4062988 165 139 65
0.2523294 0.1931694 -0.4083481 76 58 43
0.3517199 0.03639836 -0.454457 152 124 49
0.3660649 0.09275436 -0.2915387 178 146 63
0.2461816 0.2085384 -0.3724855 44 38 30
0.3496706 0.1419374 -0.3058837 55 50 47
0.3506953 0.1070994 -0.5067139 44 31 22
0.3558185 0.09070436 -0.4903196 135 105 44
0.3752867 0.02512836 -0.2987112 174 137 55
0.3220052 0.07738436 -0.4790485 148 119 57
0.3250792 0.1726764 -0.3284258 65 55 45
0.3568431 0.1419374 -0.3233026 84 68 49
0.3404488 0.01590636 -0.4749499 158 124 49
0.2943398 0.1931694 -0.3171548 64 53 44
0.3804099 0.09685336 -0.336623 110 94 69
0.270773 0.2034154 -0.3499434 38 34 30
0.3424981 0.1552579 -0.3724855 99 81 51
0.362991 0.06201536 -0.2782183 145 108 40
0.3783606 0.01283236 -0.4185945 77 62 44
0.3373749 0.09685336 -0.5067139 117 91 45
0.3414735 0.1634544 -0.3571159 82 68 47
0.3722128 0.05484236 -0.2956372 145 109 45
0.2974138 0.1193954 -0.4657281 60 37 23
0.3568431 0.09377936 -0.4247424 42 31 22
0.3527445 0.05689236 -0.4462599 161 131 57
0.256428 0.2044404 -0.290514 64 40 19
0.3547938 0.07533536 -0.4452352 131 104 62
0.3117588 0.1818974 -0.3314998 67 58 48
0.3701635 0.1152964 -0.3243273 84 71 56
0.3435227 0.1460359 -0.2997358 44 36 33
0.3209806 0.1501344 -0.4134713 164 138 61
0.3650403 0.09172936 -0.2915387 164 131 58
0.2482309 0.2105884 -0.3622391 47 42 34
0.285118 0.1511594 -0.4483092 82 73 63
0.2595019 0.04664486 -0.5354039 188 158 85
0.3353256 0.1019764 -0.4708513 149 122 64
0.3004877 0.1839474 -0.3663377 51 40 31
0.3302024 0.1204194 -0.4370381 163 137 78
0.3804099 0.04767036 -0.4155206 53 42 31
0.3537692 0.08865536 -0.4380627 151 127 94
0.3363502 0.03537436 -0.4749499 178 147 66
0.2533541 0.07021236 -0.5302807 159 131 59
0.273847 0.04664486 -0.5302807 185 159 95
0.362991 0.1286174 -0.3202287 85 71 55
0.3035616 0.05894036 -0.4964675 172 140 62
0.2984384 0.1286174 -0.457531 68 52 34
0.3834839 0.08353236 -0.3335491 92 76 56
0.3076602 0.04254736 -0.4974921 152 120 55
0.3578678 0.1255424 -0.3028097 47 34 31
0.334301 0.04869436 -0.4749499 162 130 49
0.3261038 0.1696024 -0.3110069 47 39 33
0.3373749 0.1040254 -0.4452352 161 135 68
0.3179066 0.1132464 -0.4524078 134 108 64
0.2461816 0.2126374 -0.3437955 10 9 5
0.3476213 0.01590636 -0.4677774 177 146 60
0.285118 0.08045836 -0.5087632 163 130 58
0.3804099 0.09992636 -0.3806827 111 95 74
0.3004877 0.03434936 -0.5077385 167 133 51
0.3517199 0.1552579 -0.3468694 81 66 50
0.3793853 0.04459636 -0.3099823 142 107 40
0.3086849 0.1829234 -0.3192041 43 36 29
0.3363502 0.1050494 -0.4954428 38 26 19
0.348646 0.06918736 -0.4493338 157 130 57
0.2933152 0.1900954 -0.3632637 44 37 31
0.2492555 0.2023914 -0.2771937 29 21 12
0.2799948 0.2013664 -0.3274012 42 31 28
0.3220052 0.1101734 -0.4554817 42 15 5
0.3547938 0.1019764 -0.4974921 162 134 74
0.3353256 0.1675534 -0.3407216 84 68 48
0.3506953 0.03844836 -0.4534324 167 136 64
0.2922906 0.09992636 -0.4913442 112 83 42
0.2646252 0.09480336 -0.5138864 144 110 48
0.2574527 0.1265674 -0.4923689 80 70 58
0.3353256 0.1501344 -0.3919538 84 67 49
0.3117588 0.1798494 -0.3058837 63 50 35
0.3855331 0.04459636 -0.4032249 84 70 51
0.3209806 0.03947236 -0.4841717 170 140 59
0.3588924 0.1429624 -0.3355984 111 95 69
0.3619663 0.05689236 -0.4329395 70 58 45
0.2779455 0.2023914 -0.3243273 59 48 40
0.3814346 0.1050494 -0.3612145 111 95 70
0.2769209 0.08455736 -0.5138864 149 118 49
0.3353256 0.1675534 -0.3540419 88 73 48
0.2492555 0.2126374 -0.3458448 30 25 19
0.3496706 0.08250736 -0.457531 175 156 107
0.3609417 0.1060754 -0.5087632 37 26 18
0.334301 0.09172936 -0.5036399 176 151 84
0.3404488 0.1552579 -0.3755595 134 113 74
0.3517199 0.1214444 -0.2843662 160 128 51
0.3855331 0.008733357 -0.3642884 59 43 29
0.3404488 0.1122224 -0.4349888 178 156 98
0.3763114 0.1111984 -0.3724855 92 73 48
0.3588924 0.1173454 -0.4001509 104 86 57
0.3230299 0.1398874 -0.4226931 167 141 68
0.2687237 0.1060754 -0.5036399 109 80 54
0.2892166 0.08148336 -0.5077385 160 126 55
0.3701635 0.09172936 -0.2976865 179 147 76
0.2543787 0.05586736 -0.5354039 155 118 51
0.3414735 0.09275436 -0.4800731 154 125 62
0.3015123 0.1009514 -0.486221 94 68 37
0.3814346 0.04357136 -0.3202287 117 85 39
0.3117588 0.1040254 -0.4739253 51 20 4
0.3517199 0.01180736 -0.4636788 161 133 67
0.2748716 0.02512836 -0.53233 172 138 55
0.2472062 0.1378384 -0.4892949 48 42 34
0.3117588 0.04049736 -0.4892949 103 71 23
0.3547938 0.1019764 -0.2792429 166 133 56
0.3865578 0.05996536 -0.3899045 77 63 42
0.3373749 0.1122224 -0.4370381 161 135 70
0.3465967 0.1521834 -0.3192041 63 53 43
0.3394242 0.04152136 -0.4698267 178 147 59
0.3609417 0.08660636 -0.4226931 58 49 34
0.3363502 0.1624304 -0.3642884 96 79 50
0.2984384 0.03127536 -0.5118371 169 136 55
0.3752867 0.009757357 -0.2771937 72 38 18
0.2963891 0.08148336 -0.5046646 179 152 75
0.2656498 0.1675534 -0.4462599 38 33 28
0.3886071 0.008733357 -0.3735102 93 75 55
0.2830688 0.07533536 -0.5138864 131 99 42
0.2830688 0.1900954 -0.2812922 152 119 38
0.3834839 0.02102936 -0.3407216 65 42 27
0.2820441 0.001560857 -0.5333546 171 139 57
0.3250792 0.1726764 -0.3540419 92 77 53
0.3670896 0.02922636 -0.4329395 87 72 52
0.2922906 0.1849724 -0.3745348 64 44 25
0.2953645 0.1818974 -0.3745348 87 60 29
0.3865578 0.07226136 -0.3929784 79 66 51
0.2574527 0.09685336 -0.5169603 120 86 40
0.3752867 0.01283236 -0.4247424 84 68 47
0.3383995 0.05484236 -0.4667528 150 120 47
0.3179066 0.07226136 -0.4780239 164 133 61
0.2748716 0.1839474 -0.4093727 34 27 20
0.3527445 0.1532084 -0.3591652 80 65 44
0.3414735 0.1439864 -0.3899045 98 80 54
0.3896317 0.1050494 -0.5231082 46 29 17
0.3568431 0.09582736 -0.4247424 121 105 85
0.2810195 0.06816236 -0.5169603 157 122 53
0.2799948 0.05279336 -0.5241328 162 124 51
0.3732374 -0.001512643 -0.3233026 111 75 21
0.3220052 0.1747264 -0.3519927 97 82 58
0.3814346 0.01795536 -0.4196192 92 74 52
0.3578678 0.09787736 -0.4216684 91 75 54
0.3302024 0.1655044 -0.3099823 46 40 35
0.2472062 0.1101734 -0.5108125 66 44 29
0.3927057 0.03742336 -0.3868305 76 60 41
0.2584773 0.1890704 -0.4144959 35 30 25
0.2595019 0.2085384 -0.307933 32 19 9
0.3763114 0.09377936 -0.4022002 112 96 71
0.3158574 0.1511594 -0.4175699 187 166 99
0.3332763 0.1040254 -0.4790485 168 142 78
0.3619663 0.08455736 -0.2812922 156 122 55
0.3056109 0.1501344 -0.4288409 142 114 44
0.2912659 0.1101734 -0.4810978 71 52 38
0.3158574 0.09377936 -0.4954428 104 67 24
0.3640156 -0.0004886432 -0.4380627 80 64 48
0.3220052 0.1624304 -0.2792429 158 126 49
0.377336 0.04152136 -0.3017851 140 102 40
0.3865578 0.07635936 -0.3899045 78 64 48
0.3004877 0.1900954 -0.3499434 48 41 33
0.2502802 0.1900954 -0.4226931 49 43 34
0.3404488 0.09480336 -0.4606049 154 127 58
0.3824592 0.1070994 -0.5087632 92 74 62
0.3363502 0.04562036 -0.4729006 181 150 66
0.3855331 0.04459636 -0.3417462 68 52 37
0.3701635 0.04767036 -0.2874401 137 91 26
0.3834839 0.04254736 -0.3161301 140 102 59
0.3271284 0.1306664 -0.4319149 159 134 71
0.3496706 0.03025136 -0.4595803 170 142 66
0.2922906 0.1747264 -0.4052741 132 108 65
0.3578678 0.1019764 -0.4196192 118 100 74
0.2625759 0.1081234 -0.5056892 51 34 23
0.3240545 0.1583314 -0.3940031 155 127 60
0.3209806 0.1614054 -0.276169 164 134 51
0.2953645 0.1337404 -0.4585556 42 31 23
0.3404488 0.1491094 -0.3858059 100 81 53
0.3445474 0.1163214 -0.4298656 206 192 147
0.2810195 0.009757357 -0.53233 186 155 69
0.2502802 0.2105884 -0.2925633 105 82 52
0.3189313 0.08660636 -0.4892949 39 16 9
0.2871673 0.008733357 -0.5272068 164 131 49
0.3814346 0.008733357 -0.3396969 91 53 16
0.3465967 0.09787736 -0.4882703 169 145 89
0.3117588 0.06508936 -0.4810978 163 132 56
0.4039767 0.1019764 -0.5241328 74 55 36
0.345572 0.1532084 -0.3192041 90 77 61
0.3824592 0.01283236 -0.3396969 68 38 18
0.3804099 0.001560857 -0.3478941 42 18 11
0.3834839 0.03742336 -0.336623 63 45 35
0.3127834 0.1696024 -0.382732 152 125 57
0.334301 0.1685779 -0.3448202 108 92 68
0.3291777 0.1665284 -0.3089576 57 50 44
0.3650403 0.1091484 -0.3069083 44 34 32
0.3824592 0.09070436 -0.3437955 103 87 62
0.3814346 0.04152136 -0.4124466 98 82 63
0.3732374 0.002585357 -0.3110069 98 63 28
0.3506953 0.07533536 -0.4565063 168 140 75
0.3609417 0.1347644 -0.3765841 100 80 47
0.2687237 0.1562824 -0.4585556 58 54 46
0.2984384 0.1491094 -0.4390874 48 41 34
0.3578678 0.1470604 -0.3540419 106 86 59
0.2892166 0.1952184 -0.3468694 26 18 13
0.3322517 0.1624304 -0.3069083 49 43 38
0.2799948 0.1952184 -0.293588 162 130 47
0.3886071 0.05689236 -0.3858059 117 101 72
0.3588924 0.1316904 -0.3151055 61 52 44
0.3230299 0.1624304 -0.3847813 41 28 18
0.3722128 0.0005363568 -0.3089576 108 73 27
0.2789702 0.05484236 -0.5210589 152 114 48
0.2984384 0.1685779 -0.4103974 160 132 61
0.2892166 0.1429624 -0.457531 78 70 63
0.3506953 0.08660636 -0.4452352 153 131 73
0.3855331 0.07943436 -0.3437955 98 78 47
0.345572 0.09275436 -0.4503585 167 143 77
0.3927057 0.04664486 -0.3673623 143 120 80
0.3230299 0.1030004 -0.4851964 54 35 17
0.273847 0.1993174 -0.3601898 34 29 25
0.3373749 0.09377936 -0.4565063 151 119 48
0.2461816 0.1808734 -0.440112 28 27 22
0.2543787 0.06918736 -0.5302807 162 132 61
0.3414735 0.08763136 -0.4923689 135 98 31
0.3793853 0.04254736 -0.3120315 145 110 43
0.3035616 0.1880464 -0.3407216 42 35 28
0.2472062 0.2064894 -0.2894894 38 29 20
0.3855331 0.07840936 -0.3407216 112 94 67
0.359917 0.1009514 -0.5138864 47 31 23
0.3711881 0.1234939 -0.3642884 113 96 66
0.3199559 0.1757504 -0.3530173 80 67 49
0.2574527 0.2085384 -0.3069083 36 24 15
0.359917 0.08763136 -0.2833415 154 124 46
0.2748716 0.07840936 -0.517985 144 113 47
0.3537692 0.08148336 -0.4421613 144 124 82
0.3886071 0.08148336 -0.3550666 118 102 74
0.3424981 0.09582736 -0.4923689 163 132 63
0.3086849 0.03230036 -0.4964675 142 108 36
0.2492555 0.1265674 -0.4974921 72 62 50
0.359917 0.04971936 -0.4380627 107 93 73
0.2974138 0.05074336 -0.5077385 116 79 24
0.3609417 0.01385636 -0.4462599 58 38 27
0.3097095 0.04254736 -0.4923689 119 82 29
0.3271284 0.1634544 -0.3817073 94 76 55
0.2502802 0.1716514 -0.4503585 53 48 43
0.3855331 0.07635936 -0.397077 62 49 36
0.3056109 0.1040254 -0.4769992 43 15 7
0.2523294 0.1532084 -0.4729006 53 45 36
0.3179066 0.1603814 -0.3991263 157 127 47
0.331227 0.01590636 -0.4831471 146 111 41
0.3189313 0.1767744 -0.3437955 62 51 39
0.3814346 0.1070994 -0.5159357 55 41 31
0.3568431 0.02000536 -0.4554817 131 109 64
0.2728223 0.1214444 -0.4882703 69 54 35
0.3865578 0.004634357 -0.3929784 88 70 48
0.3547938 0.09685336 -0.2771937 166 132 51
0.3414735 0.09685336 -0.4923689 131 88 30
0.3261038 0.09275436 -0.5026153 138 104 42
0.285118 0.1614054 -0.4349888 48 42 37
0.3875824 0.08045836 -0.3806827 125 111 85
0.270773 0.04664486 -0.5282314 163 129 52
0.2595019 0.2044404 -0.365313 38 33 27
0.3045863 0.1849724 -0.3581405 30 24 17
0.2728223 0.1378384 -0.4769992 57 47 34
0.3947549 0.03844836 -0.3714609 126 106 70
0.348646 0.1306664 -0.3981016 83 65 41
0.2554034 0.1614054 -0.4616295 45 38 31
0.3506953 0.08763136 -0.4452352 160 137 88
0.2994631 0.02820136 -0.5108125 194 167 84
0.2789702 0.08968036 -0.5087632 143 113 53
0.3435227 0.1275914 -0.4134713 119 94 50
0.362991 0.04562036 -0.4360135 95 80 61
0.3199559 0.03127536 -0.4882703 131 98 43
0.2830688 0.1972684 -0.3058837 120 88 35
0.3148327 0.04664486 -0.4872456 142 108 39
0.3066356 0.1849724 -0.3314998 48 42 35
0.3670896 0.06508936 -0.4247424 74 62 48
0.2666745 0.1911199 -0.3960523 41 38 33
0.2953645 0.1880464 -0.3632637 49 40 32
0.2830688 0.1142714 -0.4851964 76 58 38
0.3845085 0.004634357 -0.3663377 90 71 51
0.3722128 0.1193954 -0.3714609 92 74 54
0.391681 0.05791636 -0.3714609 91 74 48
0.391681 0.03025136 -0.3663377 80 61 40
0.2994631 0.03230036 -0.5087632 172 138 54
0.316882 0.1767744 -0.3110069 45 37 28
0.3834839 0.05791636 -0.4042495 78 63 46
0.3230299 0.09275436 -0.4667528 95 77 50
0.3383995 0.1634544 -0.3345737 74 62 48
0.2502802 0.1183704 -0.5046646 79 67 55
0.3035616 0.1696024 -0.3981016 158 131 52
0.2697484 0.1142714 -0.4954428 110 88 59
0.3865578 0.01488086 -0.4062988 83 67 46
0.3732374 0.1204194 -0.3489187 119 103 77
0.3209806 0.1070994 -0.457531 150 121 60
0.2861427 0.1470604 -0.4534324 64 57 47
0.3691388 0.09377936 -0.3058837 85 55 36
0.3220052 0.08865536 -0.5026153 148 114 42
0.3220052 0.009757357 -0.4954428 161 128 49
0.273847 0.1624304 -0.4442106 23 18 14
0.3650403 0.05279336 -0.4319149 114 100 80
0.2769209 0.09377936 -0.5056892 145 115 56
0.2492555 0.1306664 -0.4944182 44 37 33
0.3865578 0.04049736 -0.4022002 83 68 50
0.345572 0.1491094 -0.3099823 56 48 45
0.348646 0.1521834 -0.3694116 120 99 62
0.3855331 0.07738436 -0.3325244 168 148 115
0.2543787 0.1562824 -0.4688021 37 33 27
0.3179066 0.1757504 -0.3058837 41 31 22
0.2513048 0.1880464 -0.4267917 59 53 42
0.2625759 0.2064894 -0.3478941 38 33 27
0.288192 0.1798494 -0.397077 58 46 34
0.3527445 0.09787736 -0.4954428 169 139 62
0.3763114 0.1081234 -0.3345737 142 124 87
0.3845085 0.05279336 -0.4042495 96 80 60
0.302537 0.02820136 -0.5077385 171 136 55
0.2789702 0.1962434 -0.2925633 157 125 41
0.3834839 0.07021236 -0.3253519 59 44 38
0.3660649 0.04767036 -0.2812922 133 87 22
0.3056109 0.1859964 -0.3560912 43 35 27
0.3158574 0.1532084 -0.4144959 175 150 75
0.3660649 0.1337404 -0.3714609 148 129 85
0.2748716 0.1829234 -0.4144959 25 21 18
0.3732374 -0.002537643 -0.4237177 82 64 43
0.2595019 0.1900954 -0.4052741 37 30 22
0.2492555 0.2034154 -0.382732 38 35 30
0.2461816 0.2126374 -0.3325244 37 31 25
0.3568431 0.1101734 -0.2884647 182 152 79
0.3056109 0.1685779 -0.4011756 166 140 61
0.3804099 0.08250736 -0.322278 61 43 29
0.3865578 0.01693036 -0.3530173 81 62 44
0.3711881 0.1132464 -0.3212533 148 135 113
0.2810195 0.08763136 -0.5077385 154 123 56
0.3435227 0.006684357 -0.4749499 142 108 45
0.2758963 0.1962434 -0.2874401 170 138 53
0.3855331 0.03742336 -0.3417462 54 38 26
0.3865578 0.004634357 -0.3899045 79 62 42
0.2666745 0.2064894 -0.3110069 51 38 25
0.2687237 0.1552579 -0.4606049 58 50 40
0.3056109 0.1859964 -0.3284258 34 29 24
0.2666745 0.2034154 -0.3571159 35 30 25
0.3742621 0.08045836 -0.3069083 122 88 41
0.2543787 0.2023914 -0.379658 44 39 32
0.3937303 0.1060754 -0.5231082 47 30 16
0.2922906 0.03947236 -0.514911 150 115 38
0.3179066 0.04869436 -0.4851964 171 137 65
0.2431076 0.2280074 -0.187025 52 43 29
-0.00280689 0.2566974 -0.1480885 31 26 19
0.1457665 0.2546484 -0.2679719 38 33 26
0.2349105 0.2187854 -0.1132506 134 106 37
0.2267133 0.2331304 -0.1357928 36 27 18
-0.01305333 0.2280074 -0.02103267 60 45 29
0.0084642 0.2577214 -0.2054686 83 75 66
0.00129169 0.2566974 -0.1378421 37 32 25
0.2092944 0.2444014 -0.2321093 39 33 25
0.1129779 0.2444014 -0.02308197 82 69 52
0.1232243 0.2566974 -0.06406773 75 50 27
0.2328612 0.2290324 -0.2290354 50 43 35
0.1918755 0.2105884 -0.02718054 56 44 26
0.00948883 0.2351794 -0.2689965 71 61 42
0.2205655 0.2444014 -0.1706307 43 39 33
0.2185162 0.1665284 -0.01590947 109 84 56
0.2410584 0.1880464 -0.05791987 23 12 7
0.2400337 0.1870224 -0.05689522 41 27 18
0.2441323 0.2259574 -0.169606 48 40 29
0.2318366 0.2218594 -0.1132506 160 133 57
0.1929001 0.2464514 -0.2515776 50 43 30
0.1929001 0.2454259 -0.09583168 54 47 37
0.2246641 0.1696024 -0.02615589 58 38 23
-0.01407796 0.2505494 -0.1337435 65 40 25
0.2082698 0.2515744 -0.1880496 47 42 35
0.2410584 0.2064894 -0.08968382 52 35 16
0.1478158 0.2444014 -0.04357484 51 44 35
0.04740067 0.2505494 -0.0753388 13 11 8
0.0484253 0.2515744 -0.04972271 59 54 46
0.01871064 0.2495244 -0.03947627 41 35 29
0.195974 0.1941934 -0.02205733 50 36 11
0.02998171 0.2556724 -0.2413311 49 39 31
0.2205655 0.2423524 -0.2116164 39 34 27
0.2113437 0.1788244 -0.02922982 55 41 25
-0.01510261 0.2269824 -0.2577254 121 84 30
0.01768599 0.2546484 -0.2269861 33 29 24
0.1908508 0.2075144 -0.0189834 162 140 100
0.1416679 0.2577214 -0.08456061 62 55 46
-0.01510261 0.2423524 -0.2146904 76 64 49
0.2021219 0.2095644 -0.04562413 79 66 44
0.2359351 0.2157114 -0.2485036 136 105 46
0.1857276 0.2485004 -0.2526022 18 15 10
0.05969639 0.2515744 -0.0425502 42 38 33
0.2164669 0.2280074 -0.09480703 139 113 57
0.1847029 0.2505494 -0.09993026 63 56 47
0.2246641 0.2413284 -0.17268 50 45 39
0.03920351 0.2566974 -0.2454297 46 41 35
-0.0099794 0.2485004 -0.09070847 45 39 32
0.1847029 0.2495244 -0.2526022 43 37 28
0.213393 0.2423524 -0.2321093 37 33 28
0.01563671 0.2546484 -0.2249368 34 29 24
0.05559781 0.2515744 -0.0753388 15 14 10
0.01973527 0.2423524 -0.2659226 63 55 44
0.2113437 0.2474754 -0.2126411 43 38 32
0.2390091 0.2259574 -0.218789 43 35 27
0.03408029 0.2505494 -0.06714166 9 8 5
0.1857276 0.2085384 -0.01590947 85 69 47
0.0504746 0.2515744 -0.04664877 69 61 51
0.02998171 0.2423524 -0.02000803 47 41 33
0.2267133 0.2392784 -0.2054686 45 39 30
0.1457665 0.2403024 -0.02205733 76 67 53
0.1140025 0.2485004 -0.04459949 30 24 15
-0.01100403 0.2474754 -0.08763454 63 55 45
0.00436562 0.2464514 -0.03845163 35 29 20
0.2062205 0.2515744 -0.1993207 81 75 68
0.2021219 0.2515744 -0.2218629 51 46 37
0.242083 0.1921454 -0.06304308 65 53 40
0.1969987 0.2556724 -0.1665321 58 51 41
0.0084642 0.2454259 -0.03025447 67 53 35
0.2441323 0.2136619 -0.2351833 129 95 34
0.2021219 0.2228839 -0.06611701 47 29 14
-0.0007575897 0.2485004 -0.05791987 47 39 31
0.1703579 0.2300564 -0.02205733 91 64 34
0.2154423 0.2403024 -0.2321093 33 30 24
0.06891818 0.2525984 -0.06611701 19 17 12
0.06584425 0.2525984 -0.07431417 16 14 10
0.1437172 0.2403024 -0.0189834 57 49 36
0.2010972 0.2433764 -0.1050535 80 68 46
0.2338858 0.2331304 -0.2126411 62 54 45
0.08018927 0.2505494 -0.0425502 33 29 24
0.1836783 0.2546484 -0.1163246 19 16 11
0.01973527 0.2556724 -0.2269861 63 58 52
0.2349105 0.1665284 -0.0148848 52 27 10
0.2379844 0.2157114 -0.2433804 120 91 40
-0.0007575897 0.2300564 -0.2679719 43 30 19
0.06379497 0.2515744 -0.05484593 28 24 19
0.1877769 0.2208344 -0.0353777 38 33 26
0.05149925 0.2505494 -0.06509236 26 24 20
0.00436562 0.2525984 -0.1183739 27 23 18
-0.01612726 0.2136619 -0.0169341 45 31 17
0.2236394 0.1788244 -0.0425502 27 17 9
0.2359351 0.2300564 -0.2198136 50 43 33
0.1683086 0.2495244 -0.08046203 38 34 28
0.08121391 0.2566974 -0.07841273 51 43 33
0.1857276 0.2525984 -0.1091521 65 58 50
0.1508897 0.2444014 -0.05382129 32 28 22
0.2123683 0.2433764 -0.1347682 31 27 23
0.1314215 0.2546484 -0.06406773 39 33 26
-0.01510261 0.2321064 -0.02718054 97 67 32
0.2308119 0.2095644 -0.08558524 108 82 38
0.2441323 0.1900954 -0.05996915 33 22 15
0.2226148 0.2116134 -0.07841273 143 114 54
0.0002670403 0.2485004 -0.08148666 60 51 41
0.06891818 0.2505494 -0.0333284 39 34 28
0.1457665 0.2556724 -0.08046203 39 34 28
0.1867522 0.2577214 -0.2167397 48 41 31
0.01666134 0.2505494 -0.04869806 53 40 30
0.1980233 0.2536234 -0.1480885 127 117 105
0.2236394 0.1706274 -0.02718054 41 23 12
0.06789355 0.2495244 -0.0189834 47 39 30
0.124249 0.2464514 -0.04152556 38 32 25
0.210319 0.2413284 -0.1234971 32 28 25
0.02280921 0.2331304 -0.01283554 67 55 37
0.1324461 0.2577214 -0.07636345 26 25 21
0.2308119 0.1614054 -0.01386017 122 99 67
0.1058054 0.2464514 -0.02513126 60 48 35
0.1457665 0.2382534 -0.0169341 61 51 38
0.227738 0.2126374 -0.08660989 128 99 44
0.1262982 0.2495244 -0.05279664 37 32 24
0.01358741 0.2505494 -0.04664877 38 32 27
0.2185162 0.2433764 -0.1573103 36 33 30
-0.01100403 0.2239094 -0.2720704 148 118 51
0.1806044 0.2187854 -0.01590947 91 65 36
0.01768599 0.2577214 -0.1224724 39 30 18
0.2123683 0.1685779 -0.0169341 76 59 36
0.2379844 0.2013664 -0.0773881 19 11 6
-0.00690547 0.2464514 -0.2177643 56 47 34
-0.0099794 0.2310804 -0.2536268 69 46 22
0.195974 0.2577214 -0.17268 52 47 39
0.02895707 0.2536234 -0.2464543 36 33 26
0.1662594 0.2485004 -0.2700211 32 28 20
0.199048 0.2341554 -0.2730951 41 34 25
-0.01510261 0.2454259 -0.06304308 123 93 43
0.1765058 0.2372294 -0.04767342 44 35 28
0.00436562 0.2464514 -0.2310847 39 35 28
0.1918755 0.2372294 -0.2730951 35 30 24
0.1252736 0.2403024 -0.01386017 69 49 31
0.09863286 0.2495244 -0.03640233 56 45 30
0.1252736 0.2403024 -0.01590947 50 39 28
0.01768599 0.2556724 -0.1132506 38 31 22
0.0084642 0.2505494 -0.1030042 44 38 28
0.199048 0.2556724 -0.1890743 37 33 27
0.1488404 0.2546484 -0.2659226 49 44 37
0.1877769 0.2587464 -0.2146904 51 44 32
-0.01407796 0.2474754 -0.09788097 89 78 62
0.01358741 0.2515744 -0.2290354 55 51 46
0.2072451 0.1911199 -0.0333284 47 36 19
-0.00178224 0.2444014 -0.2290354 58 50 39
0.1744565 0.2351794 -0.04050091 32 26 21
0.199048 0.2556724 -0.1993207 78 71 60
0.2297873 0.1931694 -0.06406773 33 22 11
0.00436562 0.2495244 -0.06509236 43 37 30
-0.00178224 0.2474754 -0.05382129 49 40 30
0.2400337 0.1808734 -0.04152556 43 28 14
0.00231634 0.2495244 -0.09070847 59 52 44
0.02998171 0.2382534 -0.01386017 70 63 52
0.2164669 0.1757504 -0.0353777 25 17 10
0.1724072 0.2444014 -0.07021559 60 53 43
0.2390091 0.2300564 -0.2064932 56 48 37
0.2154423 0.1818974 -0.0425502 16 11 8
0.01051348 0.2495244 -0.07943738 32 26 20
0.09760821 0.2587464 -0.07943738 33 30 25
0.07199211 0.2505494 -0.03127912 37 32 26
0.2051958 0.2075144 -0.04767342 56 44 26
0.2041712 0.2525984 -0.1675568 55 49 42
0.2359351 0.2249334 -0.23006 39 33 27
0.2205655 0.2423524 -0.1603843 34 30 25
0.2123683 0.2300564 -0.2700211 57 46 34
0.2021219 0.2536234 -0.1900989 26 22 17
0.2338858 0.2351794 -0.1798525 32 27 19
0.1765058 0.2249334 -0.0189834 100 69 28
0.195974 0.2382534 -0.2679719 87 78 65
0.2195408 0.2444014 -0.2054686 33 29 24
0.2082698 0.2321064 -0.09070847 113 89 45
0.2082698 0.1747264 -0.02103267 54 39 24
-0.01305333 0.2413284 -0.2198136 62 52 40
0.2349105 0.2321064 -0.1603843 68 60 47
-0.01100403 0.2495244 -0.1982961 40 33 24
0.1293722 0.2536234 -0.0609938 42 31 20
0.2369598 0.2198104 -0.2392818 70 48 25
0.01358741 0.2566974 -0.1224724 55 45 28
0.1375693 0.2556724 -0.07431417 42 37 33
0.1334708 0.2587464 -0.08148666 35 30 25
0.2092944 0.2423524 -0.1255464 30 27 24
0.2154423 0.2464514 -0.1675568 34 30 22
0.03510494 0.2505494 -0.06816631 32 28 24
0.1570376 0.2587464 -0.09275775 52 46 40
0.04125281 0.2454259 -0.02000803 52 46 38
0.1969987 0.2546484 -0.1511625 75 67 57
0.02178457 0.2587464 -0.2198136 54 46 38
0.05457318 0.2515744 -0.07124024 14 12 9
0.2062205 0.2454259 -0.2372325 54 48 38
0.01358741 0.2495244 -0.2372325 41 36 32
0.09350964 0.2485004 -0.03230376 64 54 43
0.01871064 0.2505494 -0.2423558 49 42 32
0.1918755 0.2126374 -0.03127912 35 25 14
0.02075992 0.2505494 -0.06919094 90 86 76
0.2021219 0.2495244 -0.2259615 41 34 25
0.00129169 0.2505494 -0.215715 42 36 29
0.2338858 0.2146874 -0.09890561 156 129 65
0.2390091 0.005659357 -0.1829264 18 15 13
0.1221997 0.2474754 -0.04562413 51 44 33
0.1140025 0.2474754 -0.03435305 73 62 47
0.2010972 0.2525984 -0.215715 41 35 28
0.2000726 0.2536234 -0.1542364 62 56 46
0.1560129 0.2536234 -0.2659226 39 34 27
0.199048 0.2515744 -0.2269861 41 34 26
0.07096748 0.2515744 -0.06304308 14 12 8
0.09453428 0.2515744 -0.05074735 26 21 12
0.2215901 0.2423524 -0.2044439 18 15 10
0.2318366 0.2157114 -0.2628486 80 53 20
0.2123683 0.2382534 -0.1183739 30 25 20
0.1908508 0.2187854 -0.03947627 33 27 19
0.2328612 0.2280074 -0.1316942 74 50 20
0.0996575 0.2444014 -0.01795874 83 57 31
0.2256887 0.2280074 -0.1173492 137 112 66
0.1549883 0.2546484 -0.2628486 39 34 26
0.1857276 0.2505494 -0.1019795 23 19 12
0.05149925 0.2577214 -0.2536268 44 36 25
0.2051958 0.2525984 -0.1644828 49 45 42
0.2185162 0.2269824 -0.09583168 148 121 62
0.199048 0.1972684 -0.02718054 72 56 34
0.1929001 0.1962434 -0.0169341 77 62 37
-0.01510261 0.2382534 -0.0353777 133 100 40
0.1826537 0.2331304 -0.04767342 75 59 43
0.2051958 0.2198104 -0.06714166 80 55 26
0.1888015 0.2300564 -0.05382129 63 47 33
0.2267133 0.2403024 -0.1911236 33 28 23
0.1191257 0.2423524 -0.02103267 63 50 36
0.2349105 0.2146874 -0.2597747 80 58 25
0.1908508 0.2495244 -0.244405 53 47 35
0.1734319 0.2218594 -0.01283554 138 108 43
-0.01510261 0.2351794 -0.2280107 64 44 21
0.2051958 0.2485004 -0.1368175 56 51 44
0.01256276 0.2331304 -0.0169341 35 29 20
0.08223855 0.2515744 -0.0609938 19 17 13
0.1908508 0.1982924 -0.01590947 98 82 55
0.2431076 0.2280074 -0.1767786 72 58 41
0.1467911 0.2546484 -0.0773881 30 26 21
0.2205655 0.2362044 -0.1275956 51 45 40
0.1703579 0.2556724 -0.09685633 60 53 47
0.03408029 0.2392784 -0.01283554 24 18 11
0.09146035 0.2577214 -0.07841273 27 24 19
0.1426925 0.2444014 -0.0333284 75 66 54
0.00641491 0.2341554 -0.01795874 46 37 27
0.2369598 0.2228839 -0.1286203 152 123 51
0.1570376 0.2505494 -0.07226487 37 33 27
0.2246641 0.2208344 -0.0937824 152 125 61
0.138594 0.2464514 -0.04972271 34 30 24
0.04022816 0.2485004 -0.03127912 47 41 34
0.08941106 0.2495244 -0.03845163 45 38 29
-0.01612726 0.2485004 -0.1511625 40 35 29
0.06584425 0.2485004 -0.01590947 57 49 38
0.2144176 0.2290324 -0.2669472 60 51 42
0.1765058 0.2413284 -0.06304308 13 13 5
-0.00485617 0.2556724 -0.1450146 34 29 21
0.2431076 0.01180736 -0.2085425 6 5 7
0.04637602 0.2515744 -0.05279664 52 47 41
-0.00690547 0.2321064 -0.2556761 70 51 32
0.00436562 0.2495244 -0.09890561 11 9 5
-0.00588082 0.2495244 -0.2095672 63 55 43
0.2441323 0.2239094 -0.1532117 86 69 48
0.242083 0.005659357 -0.1788278 6 6 9
-0.0099794 0.2525984 -0.1624335 50 44 38
0.1939247 0.2577214 -0.1839511 47 42 34
0.1734319 0.2556724 -0.09890561 38 34 28
0.1078547 0.2536234 -0.06304308 26 23 18
0.01973527 0.2525984 -0.09788097 21 18 12
0.2338858 0.2280074 -0.2280107 29 25 22
0.05764711 0.2577214 -0.2607993 55 47 34
0.2246641 0.2300564 -0.2454297 36 26 24
0.1877769 0.2321064 -0.05689522 50 37 26
0.06379497 0.2515744 -0.06714166 12 10 6
-0.00895475 0.2474754 -0.07943738 47 39 30
0.1519143 0.2433764 -0.04357484 53 46 35
0.2215901 0.2372294 -0.2310847 44 39 33
0.2236394 0.2382534 -0.1480885 35 30 24
0.210319 0.2433764 -0.1306696 29 25 21
0.167284 0.2269824 -0.01283554 146 118 47
0.02690778 0.2587464 -0.2259615 63 58 52
0.1611361 0.2505494 -0.2700211 37 31 23
0.2390091 0.1952184 -0.06714166 33 24 15
0.01871064 0.2505494 -0.04664877 37 27 18
0.03510494 0.2505494 -0.2597747 33 28 22
0.2359351 0.2341554 -0.1849757 61 51 40
0.213393 0.2351794 -0.2526022 39 34 26
0.03305565 0.2505494 -0.2577254 72 64 51
0.01666134 0.2495244 -0.04357484 35 30 24
0.2092944 0.2351794 -0.09890561 66 50 29
0.2369598 0.1931694 -0.06509236 32 22 14
0.2236394 0.1737014 -0.0353777 21 10 5
0.2379844 0.1757504 -0.02922982 66 42 23
0.2359351 0.2023914 -0.07943738 9 5 2
0.1150272 0.2495244 -0.04869806 22 16 9
0.1334708 0.2403024 -0.0169341 46 38 29
0.02178457 0.2546484 -0.1030042 13 12 9
0.2072451 0.2362044 -0.2597747 42 37 29
0.1877769 0.2239094 -0.03845163 28 24 19
0.1724072 0.2505494 -0.261824 74 67 52
0.1344954 0.2433764 -0.03025447 52 44 37
0.210319 0.2454259 -0.1398914 46 41 34
0.2164669 0.2362044 -0.244405 57 48 34
0.1969987 0.2034154 -0.03025447 101 84 55
0.1908508 0.2249334 -0.04767342 57 49 40
0.2400337 0.2280074 -0.155261 62 51 36
-0.01407796 0.2290324 -0.2495283 122 90 43
0.08223855 0.2474754 -0.02103267 47 38 28
0.2431076 0.004634357 -0.2095672 49 33 22
0.2000726 0.2403024 -0.2597747 44 39 30
0.2072451 0.2362044 -0.2587501 41 36 28
0.1580622 0.2485004 -0.06919094 33 28 22
-0.01100403 0.2515744 -0.1829264 56 45 33
0.2195408 0.2075144 -0.07021559 82 58 23
0.0002670403 0.2577214 -0.1573103 63 55 45
0.1765058 0.2423524 -0.06919094 45 37 26
0.2031465 0.1839474 -0.02205733 67 51 30
-0.00588082 0.2536234 -0.1931729 68 58 44
-0.01407796 0.2423524 -0.04562413 115 88 53
-0.00280689 0.2556724 -0.1716553 57 50 40
0.181629 0.2566974 -0.2321093 57 51 41
0.03408029 0.2505494 -0.04869806 42 37 31
0.09146035 0.2464514 -0.02205733 60 48 34
0.08018927 0.2525984 -0.06304308 21 18 13
0.05969639 0.2577214 -0.09070847 27 23 19
0.2174915 0.1634544 -0.01283554 130 107 73
0.199048 0.2525984 -0.2218629 44 38 27
-0.01100403 0.2362044 -0.2351833 49 35 24
0.210319 0.2485004 -0.2085425 40 36 28
0.2441323 0.2259574 -0.1819018 68 57 40
0.1836783 0.2300564 -0.04152556 35 29 22
-0.00588082 0.2239094 -0.0148848 49 39 27
0.00129169 0.2423524 -0.02820519 51 41 32
0.2246641 0.2392784 -0.2136657 30 25 20
0.08633713 0.2525984 -0.06509236 22 20 16
0.195974 0.2003419 -0.02513126 99 82 53
0.2359351 0.2116134 -0.09583168 140 113 61
0.07916462 0.2515744 -0.051772 18 15 9
0.2441323 0.2259574 -0.1890743 48 38 26
0.1508897 0.2505494 -0.07021559 56 52 42
0.2441323 0.2239094 -0.2064932 59 45 32
0.1754811 0.2444014 -0.07431417 46 39 29
0.210319 0.2444014 -0.2290354 32 28 22
0.05457318 0.2505494 -0.2741197 53 46 37
0.05969639 0.2587464 -0.09070847 38 35 29
0.02485851 0.2382534 -0.01795874 45 39 31
0.1857276 0.2587464 -0.1439899 78 70 56
-0.00690547 0.2525984 -0.1972714 81 71 58
0.2441323 0.1726764 -0.02000803 70 43 28
0.1857276 0.2075144 -0.01283554 124 104 74
0.2410584 0.2157114 -0.1193985 128 101 34
0.1580622 0.2525984 -0.0773881 34 31 26
0.2256887 0.2208344 -0.09685633 147 120 48
-0.0007575897 0.2536234 -0.2044439 36 28 20
0.1406433 0.2454259 -0.04972271 20 17 13
0.03305565 0.2505494 -0.04562413 34 30 25
0.2215901 0.1829234 -0.04767342 16 11 5
0.2246641 0.2331304 -0.2392818 32 27 20
0.2349105 0.2167364 -0.2505529 96 66 23
0.1724072 0.2280074 -0.0189834 120 89 36
0.2308119 0.2198104 -0.1081274 157 130 54
0.00641491 0.2433764 -0.02718054 56 44 31
0.1621608 0.2444014 -0.06304308 22 18 13
0.1806044 0.2280074 -0.03127912 35 26 21
-0.00895475 0.2423524 -0.03742698 67 48 30
0.07711534 0.2505494 -0.03947627 40 35 29
0.2287626 0.2362044 -0.2167397 63 60 54
0.2144176 0.2454259 -0.2146904 64 55 47
0.2287626 0.2362044 -0.2146904 39 33 28
0.1662594 0.2351794 -0.02922982 52 42 34
-0.00383154 0.2556724 -0.1900989 49 42 32
0.00129169 0.2577214 -0.1439899 47 41 34
0.04944995 0.2566974 -0.09275775 32 30 24
0.1560129 0.2341554 -0.01590947 103 74 37
0.02485851 0.2505494 -0.08660989 19 17 12
0.2010972 0.2474754 -0.1275956 31 29 25
0.1129779 0.2566974 -0.07021559 33 28 23
0.02075992 0.2464514 -0.2536268 20 16 13
0.01666134 0.2454259 -0.02922982 35 29 23
0.181629 0.2403024 -0.06919094 50 41 28
0.2226148 0.2331304 -0.1214478 49 38 32
0.1283475 0.2423524 -0.02410661 41 36 29
0.2123683 0.2485004 -0.1665321 36 32 24
0.1877769 0.2269824 -0.04459949 38 32 24
0.03510494 0.2515744 -0.05484593 54 50 45
-0.00383154 0.2546484 -0.1327189 36 28 22
0.1785551 0.2505494 -0.0917331 42 37 32
0.1806044 0.2454259 -0.08251131 30 25 19
0.2123683 0.2444014 -0.2259615 37 31 26
0.2410584 0.2208344 -0.2249368 53 38 25
0.2441323 0.2218594 -0.1450146 99 72 34
0.01666134 0.2515744 -0.09685633 16 14 9
0.2441323 0.2167364 -0.1327189 174 148 81
0.2113437 0.2146874 -0.06919094 98 73 33
0.1447418 0.2525984 -0.2741197 30 25 17
0.1867522 0.2372294 -0.06816631 47 39 28
0.1785551 0.2208344 -0.0169341 127 97 41
-0.00588082 0.2546484 -0.1716553 47 42 33
0.2287626 0.2177604 -0.09583168 158 130 58
0.02383385 0.2577214 -0.112226 39 32 21
0.3035616 0.1357894 -0.1081274 43 31 20
0.3127834 0.06713836 -0.2372325 24 20 18
0.2605266 0.05484236 -0.0148848 109 94 62
0.2922906 0.1726764 -0.1511625 70 48 22
0.3158574 0.01693036 -0.2433804 40 26 11
0.2697484 0.03844836 -0.1675568 0 1 6
0.270773 0.007709357 -0.03742698 22 18 13
0.2922906 0.08148336 -0.05382129 31 21 18
0.3127834 0.08250736 -0.2136657 11 7 4
0.2472062 0.1726764 -0.0189834 87 60 36
0.3086849 0.05996536 -0.07328952 47 26 1
0.316882 0.06918736 -0.1388667 105 79 39
0.2717977 0.1808734 -0.2413311 55 43 27
0.2574527 0.1491094 -0.03742698 45 25 13
0.3209806 0.06303936 -0.1132506 164 134 49
0.288192 0.1091484 -0.06509236 53 38 23
0.2861427 0.1757504 -0.1614089 97 74 43
0.316882 0.1152964 -0.1501378 142 112 44
0.3230299 0.03434936 -0.1214478 161 126 45
0.2697484 0.06713836 -0.02308197 80 63 41
0.3127834 0.1173454 -0.2351833 41 24 12
0.2902413 0.1788244 -0.1368175 149 120 47
0.2697484 0.2003419 -0.1634582 150 117 48
0.2748716 0.1696024 -0.04357484 40 21 9
0.2769209 0.1849724 -0.2648979 101 70 26
0.2799948 0.07021236 -0.03435305 30 21 10
0.2820441 0.1808734 -0.1685814 124 91 43
0.2584773 0.1357894 -0.04562413 47 22 10
0.2789702 0.1737014 -0.2105918 49 38 25
0.2902413 0.09787736 -0.05996915 36 24 14
0.3209806 0.04767036 -0.1142753 151 120 46
0.2687237 0.1573064 -0.01283554 93 67 42
0.2789702 0.1737014 -0.244405 91 71 44
0.3373749 0.06611336 -0.2567008 99 61 19
0.3209806 0.07021236 -0.1152999 140 111 37
0.2912659 0.1644794 -0.1788278 109 87 50
0.3445474 0.1060754 -0.2669472 161 128 50
0.3199559 0.06508936 -0.1306696 154 123 46
0.3506953 0.08763136 -0.2689965 144 109 33
0.3045863 0.1388634 -0.1460392 70 51 35
0.3045863 0.1091484 -0.2167397 6 6 9
0.2963891 0.1296414 -0.09583168 59 43 26
0.2584773 0.05074336 -0.01386017 97 80 60
0.2820441 0.1931694 -0.07328952 57 39 26
0.3004877 0.1747264 -0.2659226 152 120 55
0.2861427 0.1808734 -0.1450146 60 39 15
0.3189313 0.04767036 -0.2382572 48 32 16
0.3015123 0.1501344 -0.233134 97 78 52
0.2830688 0.1573064 -0.06714166 21 9 2
0.3578678 0.008733357 -0.2249368 100 48 5
0.3086849 0.1316904 -0.1460392 121 98 56
0.3209806 0.09890236 -0.1429653 154 135 98
0.3066356 0.1429624 -0.1593596 60 44 29
0.3066356 0.09070436 -0.1675568 10 5 5
0.3179066 0.07738436 -0.1214478 152 120 48
0.3107341 0.1460359 -0.247479 113 82 27
0.3865578 0.01897936 -0.2413311 126 74 18
0.3086849 0.1685779 -0.2679719 163 133 54
0.3086849 0.08148336 -0.2034193 9 10 13
0.3189313 0.06611336 -0.2392818 30 19 10
0.302537 0.1480854 -0.1921482 51 39 25
0.3886071 0.009757357 -0.2167397 143 110 57
0.3517199 0.009757357 -0.2259615 131 98 52
0.2769209 0.04254736 -0.02922982 129 105 75
0.3609417 0.04049736 -0.2730951 106 75 33
0.2922906 0.1859964 -0.051772 85 53 25
0.3035616 0.08353236 -0.1655075 29 18 11
0.3199559 0.05689236 -0.1091521 157 127 48
0.2676991 0.1101734 -0.04152556 45 31 18
0.2810195 0.1552579 -0.07328952 23 10 9
0.2554034 0.1122224 -0.0169341 63 37 18
0.2656498 0.007709357 -0.02410661 57 32 13
0.3045863 0.07533536 -0.07124024 92 67 39
0.302537 0.1665284 -0.08763454 57 33 19
0.3250792 0.07226136 -0.1316942 158 133 68
0.3056109 0.1859964 -0.04459949 102 72 41
0.2953645 0.07943436 -0.1757539 5 3 7
0.2974138 0.1614054 -0.2495283 84 57 17
0.270773 0.1245184 -0.05382129 65 46 26
0.3271284 0.06918736 -0.2464543 49 36 27
0.2984384 0.03025136 -0.051772 31 21 15
0.2861427 0.06713836 -0.1839511 15 13 16
0.3107341 0.1173454 -0.1275956 120 97 58
0.3107341 0.08455736 -0.09275775 150 117 41
0.2605266 0.2054654 -0.1296449 138 108 45
0.3097095 0.1388634 -0.2423558 74 53 27
0.2461816 0.2239094 -0.1655075 71 56 41
0.4050014 0.008733357 -0.244405 165 132 61
0.3896317 0.01795536 -0.2515776 131 85 33
0.3209806 0.06918736 -0.1296449 133 104 42
0.2492555 0.2187854 -0.1521871 124 95 43
0.2830688 0.1777999 -0.2597747 71 46 11
0.3875824 0.004634357 -0.2146904 121 75 13
0.3066356 0.1521834 -0.1429653 97 69 29
0.2984384 0.1859964 -0.1060781 123 88 44
0.285118 0.1747264 -0.2546515 84 57 15
0.3056109 0.09275436 -0.2023947 10 9 12
0.2984384 0.04459636 -0.05382129 54 42 29
0.316882 0.1296414 -0.169606 121 98 64
0.3004877 0.1296414 -0.09890561 45 32 19
0.4121739 -0.0004886432 -0.2700211 207 164 67
0.3015123 0.09480336 -0.08558524 132 97 37
0.3199559 0.07021236 -0.1183739 167 137 59
0.3086849 0.1470604 -0.2464543 96 66 29
0.2605266 0.1521834 -0.0169341 28 15 11
0.2892166 0.1419374 -0.08251131 62 46 33
0.3189313 0.1163214 -0.1655075 98 67 21
0.3045863 0.1286174 -0.215715 10 7 5
0.3056109 0.1511594 -0.1327189 45 28 15
0.3158574 0.1583314 -0.2648979 160 131 59
0.2769209 0.1552579 -0.07124024 44 26 16
0.3189313 0.1245184 -0.1685814 111 75 31
0.2717977 0.07840936 -0.02513126 108 88 61
0.316882 0.1193954 -0.1890743 13 10 9
0.2595019 0.1306664 -0.03230376 62 28 13
0.3004877 0.1573064 -0.1542364 77 56 32
0.2779455 0.1737014 -0.2136657 66 51 35
0.2902413 0.1859964 -0.1224724 155 127 52
0.2656498 0.09685336 -0.02922982 43 29 15
0.2758963 0.1870224 -0.1982961 151 119 53
0.2636005 0.1183704 -0.04050091 42 25 14
0.2943398 0.07226136 -0.2064932 13 13 15
0.2840934 0.1644794 -0.2177643 65 51 33
0.2687237 0.1839474 -0.2362079 79 63 43
0.3138081 0.1337404 -0.2433804 98 69 29
0.2861427 0.1737014 -0.1778032 108 81 38
0.285118 0.04049736 -0.03742698 31 22 10
0.3066356 0.06406336 -0.1593596 11 6 8
0.2451569 0.2013664 -0.07841273 18 10 7
0.3066356 0.1306664 -0.1306696 87 66 36
0.3107341 0.09787736 -0.1644828 19 12 11
0.3568431 0.05279336 -0.2720704 137 101 44
0.3004877 0.1757504 -0.0753388 23 11 2
0.302537 0.1818974 -0.1101767 159 134 50
0.2554034 0.02615236 -0.2228875 16 11 8
0.2472062 0.01897936 -0.1962468 6 6 9
0.2533541 0.2034154 -0.08968382 14 7 4
0.3793853 0.02102936 -0.2638733 108 75 44
0.3209806 0.04767036 -0.1275956 161 127 50
0.2615512 0.2044404 -0.1183739 60 41 19
0.2830688 0.1747264 -0.1880496 99 68 18
0.288192 0.05074336 -0.04152556 68 55 39
0.316882 0.1163214 -0.1429653 151 135 101
0.2912659 0.09480336 -0.05587057 52 42 24
0.3045863 0.09685336 -0.2198136 8 5 7
0.2554034 0.2126374 -0.20137 133 100 37
0.2748716 0.06303936 -0.02922982 124 101 70
0.3281531 0.1224684 -0.2526022 138 104 39
0.3158574 0.05176836 -0.1511625 26 20 16
0.3230299 0.1019764 -0.2392818 88 72 51
0.3189313 0.08660636 -0.1163246 151 131 80
0.2605266 0.1234939 -0.01795874 72 50 30
0.3097095 0.005659357 -0.218789 57 36 16
0.2769209 0.1921454 -0.1532117 144 111 45
0.3855331 0.009757357 -0.2669472 135 92 50
0.3189313 0.07635936 -0.2372325 67 52 36
0.2963891 -0.001512643 -0.05587057 88 75 57
0.2554034 0.1030004 -0.01386017 151 130 87
0.3045863 0.1337404 -0.2249368 14 11 9
0.3363502 0.07635936 -0.2536268 116 85 46
0.3138081 0.1378384 -0.1798525 73 57 41
0.2595019 0.1091484 -0.02820519 69 49 23
0.2912659 0.1501344 -0.08251131 62 46 27
0.2758963 0.1747264 -0.2403065 55 41 24
0.3066356 0.1183704 -0.1112013 117 94 55
0.3978289 0.005659357 -0.2659226 121 80 37
0.3947549 0.02000536 -0.247479 188 147 67
0.2625759 0.1398874 -0.05279664 111 82 46
0.2984384 0.06303936 -0.2177643 18 18 18
0.3332763 0.1245184 -0.2597747 169 141 66
0.2984384 0.1460359 -0.2239122 34 26 16
0.2461816 0.01283236 -0.1808771 5 5 10
0.3199559 0.1306664 -0.2485036 132 99 39
0.3220052 0.03742336 -0.1224724 170 135 52
0.273847 0.1962434 -0.1316942 55 30 5
0.3004877 0.1357894 -0.1173492 135 111 70
0.3179066 0.1183704 -0.1757539 38 24 15
0.3179066 0.02820136 -0.1296449 22 9 6
0.2605266 0.1931694 -0.2567008 20 11 10
0.285118 0.1624304 -0.06611701 45 14 1
0.3465967 0.08763136 -0.2648979 155 118 39
0.2892166 0.1788244 -0.1388667 109 81 23
0.2840934 0.1808734 -0.02718054 84 45 17
0.2748716 0.1952184 -0.1501378 156 128 75
0.3220052 0.1030004 -0.2351833 143 110 67
0.3056109 0.1798494 -0.1112013 166 140 56
0.2953645 0.1777999 -0.1306696 148 122 45
0.2472062 0.2064894 -0.09583168 54 38 17
0.3138081 0.1173454 -0.1419407 135 110 59
0.2779455 0.1911199 -0.1532117 126 95 45
0.3179066 0.1163214 -0.2382572 94 64 32
0.3086849 -0.002537643 -0.08763454 125 93 38
0.3199559 0.06508936 -0.1275956 185 157 73
0.3056109 0.1470604 -0.1214478 59 38 21
0.3322517 0.1019764 -0.2505529 128 90 32
0.2615512 0.2044404 -0.2054686 146 113 42
0.3107341 0.06816236 -0.1573103 18 11 6
0.3148327 0.06508936 -0.0917331 161 124 47
0.256428 0.1450104 -0.03640233 57 40 30
0.316882 0.1070994 -0.1614089 68 42 12
0.2676991 -0.002537643 -0.233134 70 52 27
0.3127834 0.1009514 -0.1112013 140 108 45
0.3875824 0.01590636 -0.2280107 124 74 20
0.270773 0.1911199 -0.2710458 98 62 5
0.3015123 0.1470604 -0.2126411 31 21 9
0.3138081 0.1296414 -0.158335 92 65 32
0.3189313 0.05586736 -0.1306696 160 121 50
0.4080753 0.005659357 -0.2413311 169 138 74
0.2799948 0.1726764 -0.2085425 82 64 39
0.3127834 0.09890236 -0.1603843 26 16 10
0.2840934 0.1757504 -0.1839511 113 88 44
0.2513048 0.2177604 -0.158335 133 101 47
0.3045863 0.1644794 -0.09275775 40 19 9
0.3035616 0.1460359 -0.1982961 87 74 55
0.2646252 0.05176836 -0.02103267 66 52 33
0.2728223 0.1808734 -0.2167397 85 65 39
0.3045863 0.1777999 -0.1173492 164 138 52
0.3609417 0.005659357 -0.2239122 94 42 6
0.3066356 0.01180736 -0.05996915 34 22 13
0.3650403 0.007709357 -0.2218629 105 52 3
0.2687237 0.1900954 -0.2116164 112 85 39
0.2861427 0.1388634 -0.0753388 22 11 5
0.3127834 0.1111984 -0.1829264 10 8 6
0.2933152 0.07635936 -0.1706307 28 23 20
0.3209806 0.1163214 -0.1521871 154 126 61
0.3076602 0.1655044 -0.1306696 155 130 63
0.3127834 0.1142714 -0.1398914 179 156 114
0.2728223 0.1982924 -0.140916 124 90 40
0.3107341 0.1040254 -0.2310847 34 24 17
0.3424981 0.005659357 -0.2269861 105 75 54
0.3148327 0.1388634 -0.1767786 70 50 31
0.3127834 0.08455736 -0.1491132 85 66 38
0.2687237 0.1255424 -0.051772 81 60 37
0.3578678 0.04869436 -0.2689965 125 85 22
0.3035616 0.006684357 -0.06816631 59 46 31
0.3209806 0.1040254 -0.1398914 161 141 103
0.2666745 0.2034154 -0.155261 161 129 59
0.3097095 0.05176836 -0.07328952 93 69 41
0.2963891 0.04971936 -0.1665321 6 7 13
0.2820441 0.1614054 -0.07021559 49 19 4
0.3117588 0.1163214 -0.2054686 15 5 0
0.3752867 0.02512836 -0.2567008 27 11 3
0.273847 0.1911199 -0.1982961 140 107 39
0.2758963 0.03742336 -0.2208382 20 15 12
0.2625759 0.2085384 -0.187025 145 113 49
0.3004877 0.1685779 -0.08148666 50 39 24
0.3138081 0.08763136 -0.233134 80 67 60
0.2984384 0.1839474 -0.1173492 182 151 63
0.3906564 0.007709357 -0.215715 153 116 46
0.2656498 0.03332536 -0.02103267 18 14 10
0.3179066 0.07226136 -0.1101767 162 129 52
0.3097095 0.1388634 -0.1644828 66 47 30
0.2820441 0.1480854 -0.0753388 70 54 40
0.3107341 0.1204194 -0.1368175 142 120 80
0.2892166 0.1777999 -0.2638733 146 116 42
0.3148327 0.02000536 -0.0937824 148 113 41
0.2933152 0.1327154 -0.08763454 58 41 24
0.2974138 0.08558136 -0.0609938 50 36 23
0.273847 0.04049736 -0.1819018 5 5 10
0.3004877 -0.002537643 -0.06714166 69 53 35
0.273847 0.1952184 -0.1890743 157 124 53
0.3004877 0.1829234 -0.1152999 159 132 51
0.2922906 0.1521834 -0.08353596 52 32 16
0.3117588 0.05279336 -0.1511625 3 2 7
0.2697484 0.1603814 -0.0353777 80 57 31
0.2799948 0.1634544 -0.05074735 65 46 23
0.2912659 0.1818974 -0.1296449 149 123 49
0.2676991 0.007709357 -0.02513126 17 7 2
0.2461816 0.1870224 -0.04767342 115 92 60
0.2472062 0.2228839 -0.1603843 58 44 30
0.2482309 0.1706274 -0.01386017 61 34 19
0.316882 0.1409124 -0.2515776 135 103 42
0.3527445 0.06303936 -0.2700211 142 99 28
0.2646252 0.03947236 -0.2321093 50 28 11
0.2933152 0.1829234 -0.1245217 155 129 50
0.3158574 0.08865536 -0.1429653 96 74 44
0.2523294 0.01180736 -0.2249368 36 26 18
0.2697484 0.1839474 -0.2198136 88 66 34
0.3927057 0.01693036 -0.2413311 129 82 23
0.3117588 0.04971936 -0.07636345 86 61 34
0.2769209 0.1501344 -0.06509236 18 10 6
0.2830688 0.1439864 -0.0753388 47 30 17
0.3148327 0.1050494 -0.1204231 154 130 82
0.2769209 0.08045836 -0.0333284 92 75 47
0.302537 0.04664486 -0.06201843 65 50 32
0.3158574 0.1009514 -0.1614089 65 46 23
0.256428 0.1111984 -0.01386017 139 114 76
0.3240545 0.1542324 -0.2720704 159 130 51
0.2820441 0.1921454 -0.06919094 48 27 17
0.3045863 0.1316904 -0.1040288 154 132 95
0.288192 0.1593554 -0.2321093 35 24 10
0.3240545 0.06508936 -0.2464543 54 40 20
0.316882 0.03844836 -0.1470639 3 3 5
0.2810195 0.06099036 -0.1767786 27 23 18
0.2779455 0.1921454 -0.1316942 49 27 7
0.3875824 0.006684357 -0.2689965 104 54 13
0.2840934 0.09172936 -0.04664877 68 49 27
0.3404488 0.1204194 -0.261824 133 107 57
0.3179066 0.1337404 -0.1921482 69 49 33
0.4019274 0.006684357 -0.2218629 147 105 47
0.2953645 0.1593554 -0.1747293 105 85 51
0.3127834 0.04971936 -0.1501378 6 5 7
0.2963891 0.1275914 -0.08660989 39 27 15
0.3127834 0.06508936 -0.08763454 152 119 48
0.2605266 0.2023914 -0.215715 147 114 46
0.3076602 0.1265674 -0.2116164 13 10 6
0.2830688 0.1900954 -0.1255464 88 61 27
0.3199559 0.04767036 -0.2269861 42 27 18
0.2974138 -0.001512643 -0.04869806 39 27 18
0.2533541 0.2177604 -0.1808771 120 97 63
0.3558185 0.07226136 -0.2730951 160 126 49
0.2840934 0.1941934 -0.1009549 64 42 29
0.2615512 0.03742336 -0.2454297 52 35 21
0.288192 0.1931694 -0.08046203 55 34 21
0.2820441 0.1911199 -0.06714166 46 26 17
0.3045863 0.05894036 -0.06611701 49 32 13
0.2779455 0.1880464 -0.1655075 133 97 39
0.2574527 0.02102936 -0.23006 31 18 5
0.2820441 0.1962434 -0.09480703 57 36 23
0.2728223 0.1870224 -0.2075179 115 85 38
0.2799948 0.1839474 -0.1819018 144 112 49
0.3517199 0.08353236 -0.2700211 165 131 49
0.3752867 0.02717636 -0.2536268 143 111 63
0.3035616 0.1439864 -0.1142753 61 42 23
0.3250792 0.08455736 -0.2413311 41 27 12
0.3179066 0.1193954 -0.1614089 136 99 31
0.3045863 0.1111984 -0.09788097 107 75 33
0.2687237 0.1357894 -0.0589445 23 9 4
0.2871673 0.1111984 -0.06611701 30 18 8
0.2646252 0.09070436 -0.02205733 60 46 30
0.3179066 0.08045836 -0.1327189 90 59 20
0.2523294 0.02205336 -0.1911236 10 10 7
0.3660649 -0.001512643 -0.2105918 114 69 17
0.2892166 0.1890704 -0.1163246 101 67 33
0.4009028 -0.002537643 -0.2136657 139 84 24
0.3302024 0.09685336 -0.2464543 121 88 54
0.2820441 0.09070436 -0.0425502 93 71 44
0.3363502 -0.0004886432 -0.2177643 49 31 23
0.2799948 0.1685779 -0.04972271 61 23 13
0.2871673 0.1726764 -0.1665321 107 84 48
0.3189313 0.07328536 -0.1204231 147 116 43
0.3424981 0.1173454 -0.2689965 170 138 53
0.316882 0.07840936 -0.1316942 131 100 42
0.2656498 0.1911199 -0.0609938 47 28 18
0.2789702 0.1859964 -0.1634582 128 96 42
0.2554034 0.02512836 -0.2249368 21 11 10
0.3179066 0.1101734 -0.1501378 136 106 31
0.2615512 0.02615236 -0.2362079 58 42 27
0.2697484 0.08250736 -0.02410661 101 81 52
0.3619663 0.002585357 -0.2167397 98 50 9
0.2656498 0.2003419 -0.08353596 64 50 41
0.2636005 0.1511594 -0.03435305 18 7 1
0.3076602 0.1593554 -0.1224724 59 37 12
0.2492555 0.1839474 -0.04459949 35 23 15
0.3076602 0.1327154 -0.2321093 34 25 17
0.3998782 0.01283236 -0.2464543 152 116 49
0.2984384 0.1726764 -0.1357928 160 134 52
0.2605266 0.1265674 -0.03025447 71 34 14
0.2595019 0.09480336 -0.01590947 155 133 88
0.2615512 0.1562824 -0.02000803 41 13 2
0.2974138 0.1573064 -0.1921482 72 52 31
0.2687237 0.06918736 -0.01283554 98 67 37
0.3230299 0.05176836 -0.2485036 30 18 11
0.2769209 0.1900954 -0.1860003 147 113 42
0.2963891 0.06201536 -0.05074735 33 23 13
0.3056109 0.09582736 -0.2198136 14 10 5
0.2554034 0.1460359 -0.02410661 90 56 27
0.3138081 0.003610357 -0.09275775 142 106 36
0.3107341 0.1019764 -0.2259615 31 23 15
0.2461816 0.01180736 -0.1849757 5 6 8
0.3158574 0.07226136 -0.140916 61 38 17
0.2871673 0.06713836 -0.1798525 16 15 13
0.3271284 0.1081234 -0.244405 66 43 22
0.2943398 0.07226136 -0.04972271 46 33 20
0.3189313 0.06816236 -0.1357928 127 94 38
0.3086849 0.02307836 -0.06919094 82 60 40
0.273847 0.04459636 -0.03025447 30 22 15
0.2523294 0.2146874 -0.1480885 168 137 71
0.2861427 0.1839474 -0.1357928 134 108 40
0.3045863 0.08455736 -0.20137 7 6 4
0.2820441 0.1808734 -0.169606 117 87 37
0.3127834 0.1234939 -0.1491132 117 90 38
0.2984384 0.07943436 -0.05996915 46 34 21
0.3199559 0.08148336 -0.233134 36 24 6
0.2861427 0.1624304 -0.2146904 18 13 5
0.3004877 0.07840936 -0.06406773 37 26 14
0.2820441 0.1829234 -0.158335 112 84 40
0.3465967 0.09685336 -0.2659226 159 127 51
0.3066356 0.1521834 -0.1091521 50 34 20
0.285118 0.1849724 -0.1327189 111 84 29
0.2656498 0.1982924 -0.2075179 139 106 41
0.2636005 0.1900954 -0.2505529 39 29 18
0.2543787 0.02102936 -0.2228875 27 15 8
0.2656498 0.02102936 -0.2372325 31 16 6
0.288192 0.08968036 -0.05074735 46 32 18
0.2912659 0.1552579 -0.2208382 48 33 16
0.3056109 0.1849724 -0.08968382 121 80 34
0.3650403 0.03332536 -0.2648979 29 17 9
0.2902413 0.01795536 -0.04050091 5 1 0
0.3056109 0.1306664 -0.1245217 110 87 53
0.270773 0.1829234 -0.2403065 45 33 18
0.2963891 0.1552579 -0.2075179 84 68 47
0.3240545 0.1409124 -0.2567008 135 99 42
0.2912659 0.05996536 -0.04459949 46 34 19
0.3189313 0.1255424 -0.2423558 91 57 24
0.3097095 0.1491094 -0.1275956 141 111 56
0.3097095 0.08558136 -0.2269861 15 11 3
0.3240545 0.1521834 -0.2689965 135 103 35
0.2963891 0.1757504 -0.1337435 177 148 63
0.2697484 0.1327154 -0.05689522 32 18 12
0.3086849 0.07635936 -0.08251131 144 109 41
0.3117588 0.01078336 -0.08968382 139 106 39
0.3066356 0.07328536 -0.1562857 18 11 9
0.2984384 0.1562824 -0.1931729 73 60 44
0.3578678 0.003610357 -0.2198136 89 37 3
0.2451569 0.2249334 -0.2003454 52 43 32
0.3076602 0.07328536 -0.2218629 35 27 21
0.2554034 0.2146874 -0.1962468 142 111 57
0.3189313 0.1501344 -0.2607993 142 110 37
0.3568431 0.005659357 -0.2239122 92 41 5
0.2912659 0.003610357 -0.02820519 47 33 23
0.3097095 0.02820136 -0.06919094 26 14 2
0.316882 0.08558136 -0.1368175 112 88 51
0.2902413 0.03844836 -0.04050091 85 71 55
0.2666745 0.1675534 -0.01283554 91 60 34
0.3045863 -0.001512643 -0.08046203 111 84 40
0.3107341 0.1798494 -0.1040288 141 116 54
0.3373749 0.1132464 -0.2546515 107 72 35
0.3855331 0.02205336 -0.2433804 145 98 37
0.2963891 0.1542324 -0.2126411 72 56 35
0.3179066 0.1101734 -0.1655075 47 24 13
0.3086849 0.06201536 -0.0773881 133 100 42
0.2492555 0.2085384 -0.2321093 136 104 41
0.2830688 0.05279336 -0.03640233 102 83 55
0.2533541 0.2105884 -0.2095672 141 110 50
0.2728223 0.1163214 -0.051772 54 38 23
0.3845085 0.009757357 -0.218789 129 88 31
0.3148327 0.04152136 -0.2218629 18 15 16
0.3158574 0.08250736 -0.2269861 39 27 18
0.2748716 0.1737014 -0.2269861 55 42 26
0.316882 0.07021236 -0.09788097 156 124 51
0.2902413 0.1696024 -0.0609938 68 19 0
0.2574527 0.1122224 -0.02718054 27 21 11
0.2666745 0.2023914 -0.1050535 35 25 21
0.3179066 0.1122224 -0.1439899 150 130 89
0.3250792 0.07635936 -0.2464543 75 47 24
0.302537 0.1316904 -0.112226 107 84 51
0.3035616 0.1368134 -0.2146904 67 54 37
0.316882 0.09172936 -0.1327189 103 79 40
0.2994631 0.03844836 -0.05587057 53 38 24
0.302537 0.001560857 -0.0773881 97 68 27
0.273847 0.1982924 -0.1460392 133 98 42
0.285118 0.09685336 -0.051772 47 36 22
0.2625759 0.2034154 -0.2054686 148 115 46
0.2892166 0.1685779 -0.1808771 119 93 49
0.3035616 0.1450104 -0.2075179 52 37 24
0.3097095 0.1142714 -0.2321093 36 25 15
0.302537 0.01488086 -0.05484593 23 13 7
0.3199559 0.04767036 -0.1316942 157 124 49
0.2492555 0.2228839 -0.1778032 56 43 28
0.3158574 0.1019764 -0.1101767 140 109 54
0.3158574 0.07431136 -0.09685633 143 112 50
0.3414735 0.02615236 -0.2495283 124 93 55
0.3076602 0.06508936 -0.07328952 108 76 30
0.2912659 0.03434936 -0.03947627 15 6 0
0.3373749 0.06611336 -0.2556761 93 64 32
0.2758963 0.006684357 -0.02410661 24 14 12
0.3066356 0.1726764 -0.1255464 145 121 54
0.3117588 0.1214444 -0.1921482 15 11 11
0.3291777 0.06713836 -0.2464543 104 74 37
0.2779455 0.1808734 -0.2003454 113 84 33
0.2840934 0.1183704 -0.06816631 59 44 29
0.2830688 0.05074336 -0.03640233 35 26 20
0.285118 0.08763136 -0.04562413 72 52 29
0.3117588 0.09275436 -0.2198136 27 11 2
0.2595019 0.1275914 -0.03845163 46 24 10
0.2717977 0.1993174 -0.1542364 154 120 50
0.2892166 0.1357894 -0.08046203 63 45 29
0.2912659 0.06508936 -0.1685814 5 5 10
0.2994631 0.1726764 -0.2659226 153 122 42
0.3076602 0.1409124 -0.1839511 94 76 50
0.2994631 0.07533536 -0.05996915 68 53 34
0.2482309 0.2034154 -0.2556761 42 27 10
0.3066356 0.1429624 -0.155261 79 55 35
0.3220052 0.04152136 -0.1132506 145 114 42
0.3076602 0.1808734 -0.112226 167 145 78
0.3558185 0.01693036 -0.2362079 118 92 60
0.2523294 0.1716514 -0.01283554 110 75 45
0.3086849 0.1316904 -0.2321093 55 37 23
0.3199559 0.02615236 -0.1183739 151 117 42
0.3435227 0.04254736 -0.2577254 153 127 92
0.256428 0.2126374 -0.20137 157 128 67
0.2676991 0.2034154 -0.1603843 156 123 50
0.256428 0.2136619 -0.1634582 145 114 48
0.3404488 0.1152964 -0.2659226 152 119 43
0.3199559 0.02717636 -0.1132506 153 119 42
0.3076602 0.04049736 -0.1573103 0 0 5
0.2697484 0.2023914 -0.1819018 158 125 57
0.2482309 0.02410286 -0.1839511 10 8 10
0.3271284 0.009757357 -0.233134 23 18 16
0.3896317 0.01897936 -0.2413311 132 85 25
0.3230299 0.03025136 -0.2464543 158 141 114
0.2615512 0.1962434 -0.2239122 122 93 42
0.3045863 0.1614054 -0.09685633 41 20 12
0.3138081 0.09377936 -0.1644828 68 50 30
0.3056109 0.1439864 -0.1193985 54 44 28
0.2615512 0.2003419 -0.08046203 61 47 38
0.2758963 0.04664486 -0.1808771 7 5 9
0.3015123 0.1409124 -0.2259615 44 35 27
0.2523294 0.1480854 -0.01795874 110 79 46
0.2584773 0.2054654 -0.1163246 124 95 39
0.2748716 0.1829234 -0.2587501 21 9 2
0.2717977 0.2003419 -0.1532117 135 105 37
0.2625759 0.2013664 -0.08558524 45 32 26
0.3179066 0.09992636 -0.1234971 147 121 65
0.3066356 0.1726764 -0.2730951 166 134 54
0.3076602 0.1275914 -0.1398914 132 110 69
0.3107341 0.09480336 -0.1603843 63 49 33
0.2584773 0.1532084 -0.04152556 58 34 19
0.3404488 0.09992636 -0.2607993 152 119 47
0.2810195 0.1890704 -0.140916 103 76 39
0.285118 0.1696024 -0.1993207 114 91 54
0.2963891 0.1706274 -0.2597747 148 119 39
0.3056109 0.1163214 -0.215715 10 7 5
0.3424981 -0.001512643 -0.2167397 102 70 44
0.2461816 0.2105884 -0.2382572 125 89 31
0.3158574 0.1040254 -0.1296449 137 113 70
0.2646252 0.1603814 -0.02410661 39 14 4
0.2574527 0.1829234 -0.03947627 39 23 15
0.3281531 0.05279336 -0.2515776 70 52 42
0.2697484 0.2003419 -0.1593596 147 114 54
0.2523294 0.1685779 -0.0148848 92 52 20
0.2697484 0.1870224 -0.05382129 68 42 24
0.3209806 0.09582736 -0.233134 157 133 97
0.3281531 0.02000536 -0.2382572 110 59 31
0.2717977 0.1839474 -0.2546515 27 17 7
0.3558185 0.005659357 -0.2198136 108 65 22
0.2605266 0.2085384 -0.1419407 151 118 50
0.302537 0.1234939 -0.1060781 110 87 50
0.3189313 0.02307836 -0.1132506 150 116 41
0.3220052 0.1060754 -0.2382572 57 38 21
0.288192 0.1890704 -0.06509236 69 39 11
0.2933152 0.03332536 -0.2280107 26 11 5
0.2830688 0.1644794 -0.233134 62 50 32
0.3261038 0.05689236 -0.2464543 49 32 18
0.3158574 0.1009514 -0.1286203 120 95 55
0.2963891 0.1880464 -0.09788097 99 66 36
0.2779455 0.004634357 -0.02820519 13 7 3
0.2994631 0.1726764 -0.07021559 71 35 11
0.270773 0.2013664 -0.1880496 167 134 58
0.2953645 0.1552579 -0.2362079 73 52 31
0.2820441 0.1060754 -0.05279664 58 44 29
0.302537 0.07533536 -0.06611701 63 44 24
0.3015123 0.1798494 -0.07841273 47 27 13
0.2554034 0.1962434 -0.2505529 11 11 6
0.3045863 0.1368134 -0.1378421 83 64 40
0.3179066 0.02410286 -0.1091521 153 118 43
0.3035616 0.08660636 -0.1706307 13 11 9
0.2615512 0.2085384 -0.1962468 147 116 52
0.3804099 0.004634357 -0.2136657 136 96 33
0.3066356 0.1583314 -0.1306696 40 26 12
0.3148327 0.1388634 -0.2485036 119 86 32
0.3179066 0.07431136 -0.1378421 107 73 29
0.3148327 0.1306664 -0.1634582 102 74 39
0.3957796 0.01590636 -0.244405 128 83 26
0.2717977 0.2003419 -0.09070847 44 25 19
0.2820441 0.1849724 -0.04562413 66 35 17
0.3138081 0.09685336 -0.233134 33 21 16
0.3066356 0.1214444 -0.1142753 145 122 78
0.2461816 0.1993174 -0.07431417 22 14 10
0.3414735 -0.002537643 -0.0189834 107 60 17
0.391681 0.002585357 -0.2095672 190 144 54
0.3086849 0.1603814 -0.2587501 177 149 69
0.3209806 0.06201536 -0.126571 163 133 55
0.2943398 0.1409124 -0.08968382 45 32 21
0.2769209 0.1583314 -0.06201843 55 23 1
0.2656498 0.1993174 -0.08046203 73 59 47
0.2892166 0.1234939 -0.0753388 77 59 40
0.334301 0.06406336 -0.2556761 73 41 14
0.3127834 0.07328536 -0.2280107 52 42 30
0.3189313 0.1357894 -0.1747293 78 55 31
0.2810195 0.05484236 -0.03435305 30 19 12
0.2523294 0.2157114 -0.2034193 133 102 51
0.302537 0.1050494 -0.2136657 14 10 9
0.2912659 0.1101734 -0.07021559 49 35 22
0.2687237 0.2003419 -0.1142753 26 17 13
0.2902413 0.09172936 -0.05689522 33 25 17
0.270773 0.1624304 -0.051772 60 26 3
0.2943398 0.1552579 -0.2095672 107 87 57
0.273847 0.1696024 -0.0169341 92 57 28
0.3404488 0.09275436 -0.2597747 149 112 33
0.2810195 0.1880464 -0.1470639 102 75 38
0.3189313 0.05791636 -0.1357928 131 101 49
0.2953645 0.1255424 -0.08763454 55 38 19
0.3045863 0.1347644 -0.1204231 97 78 44
0.3209806 0.06201536 -0.1214478 151 123 49
0.3322517 0.06099036 -0.2546515 61 33 19
0.288192 0.1685779 -0.1829264 96 72 34
0.2943398 0.05996536 -0.04869806 39 29 15
0.3476213 0.0005363568 -0.2167397 87 47 18
0.3660649 0.006684357 -0.2208382 105 52 6
0.3117588 0.09685336 -0.09890561 157 127 60
0.3117588 0.1378384 -0.187025 76 57 37
0.2769209 0.05176836 -0.03230376 44 35 23
0.2861427 0.05176836 -0.187025 13 9 7
0.2584773 0.1952184 -0.2628486 28 21 14
0.2513048 0.2105884 -0.2218629 135 104 45
0.2943398 0.1726764 -0.261824 150 120 45
0.3302024 0.04049736 -0.2546515 15 5 2
0.3179066 0.1122224 -0.1542364 143 110 40
0.3127834 0.1532084 -0.2567008 149 120 53
0.2646252 0.1931694 -0.218789 132 101 45
0.3158574 0.09070436 -0.1245217 113 85 36
0.3240545 0.08558136 -0.2413311 55 38 26
0.3015123 0.1214444 -0.2239122 35 27 23
0.270773 0.1921454 -0.2689965 109 76 31
0.2758963 0.1982924 -0.08968382 50 33 25
0.3015123 0.1030004 -0.08968382 114 79 34
0.3076602 0.02307836 -0.06304308 37 22 10
0.2461816 0.2075144 -0.09890561 57 39 16
0.2625759 0.1911199 -0.2423558 38 28 16
0.3527445 0.01385636 -0.233134 138 94 31
0.3107341 0.08045836 -0.1685814 18 10 5
0.2543787 0.2085384 -0.1255464 153 123 48
0.2595019 0.1573064 -0.01386017 50 27 15
0.2922906 0.08148336 -0.05279664 53 40 25
0.3281531 0.02102936 -0.2423558 124 91 55
0.273847 0.1941934 -0.1900989 162 129 57
0.2697484 0.01590636 -0.02922982 11 7 6
0.316882 0.08763136 -0.1501378 133 110 63
0.2943398 0.1624304 -0.2003454 76 59 38
0.3035616 0.1491094 -0.2372325 56 40 22
0.3086849 0.1685779 -0.1142753 138 110 53
0.3066356 0.1593554 -0.1337435 125 95 43
0.2666745 0.03742336 -0.17268 9 7 13
0.3271284 0.02922636 -0.244405 114 94 69
0.3107341 0.01693036 -0.08251131 118 85 31
0.2636005 0.1911199 -0.2310847 67 50 22
0.2943398 0.08148336 -0.05689522 44 31 19
0.2984384 0.1193954 -0.08865917 48 33 19
0.3476213 0.04562036 -0.2648979 123 82 23
0.2605266 0.1931694 -0.2392818 42 29 15
0.3517199 0.01180736 -0.2269861 131 102 52
0.2810195 0.1655044 -0.2280107 69 54 35
0.3302024 0.04459636 -0.2587501 35 20 23
0.2943398 0.1870224 -0.1142753 155 124 55
0.3711881 0.009757357 -0.218789 114 68 25
0.3086849 0.1368134 -0.1962468 55 44 32
0.2646252 0.1972684 -0.07431417 60 44 34
0.273847 0.1993174 -0.08865917 46 30 23
0.3804099 0.003610357 -0.2105918 149 115 33
0.2840934 0.1767744 -0.1716553 125 94 44
0.3117588 0.08455736 -0.2280107 35 24 14
0.2861427 0.1849724 -0.04152556 65 32 11
0.4091 -0.002537643 -0.2710458 129 87 27
0.2779455 0.1675534 -0.051772 65 24 2
0.02383385 -0.1664806 -0.4595803 117 60 18
0.00334097 -0.08348464 -0.3202287 26 11 3
0.03817887 -0.04044964 -0.4524078 75 57 36
0.04227744 -0.1951706 -0.4657281 134 97 52
0.1847029 -0.06299164 -0.2843662 10 5 4
0.02998171 -0.04249864 -0.4483092 20 11 3
0.01666134 -0.1306186 -0.3950277 30 10 9
0.2308119 -0.1203716 -0.4052741 2 2 0
0.1109286 -0.2556246 -0.3325244 111 63 27
0.2246641 -0.1039776 -0.5251575 96 55 23
0.2359351 -0.1398406 -0.4595803 7 3 2
0.06789355 -0.08041064 -0.4790485 147 118 87
0.1601115 -0.2043926 -0.4073234 113 57 19
0.1560129 -0.1623826 -0.4155206 23 7 0
0.1857276 -0.2146386 -0.4278163 48 16 3
0.2092944 -0.1593076 -0.4810978 177 163 132
0.02383385 -0.2136146 -0.4226931 120 57 9
0.04740067 -0.05581864 -0.4606049 59 41 20
0.2318366 -0.1398406 -0.4964675 31 18 9
0.07813997 -0.05991764 -0.4923689 98 74 44
0.03305565 -0.1224206 -0.2976865 23 8 1
-0.01202868 -0.07938564 -0.3407216 5 0 0
0.2041712 -0.05684364 -0.3202287 5 4 6
0.2195408 -0.1429136 -0.4298656 165 131 95
0.0832632 -0.07733664 -0.4206438 29 19 11
0.2195408 -0.2505016 -0.2997358 89 46 11
0.01358741 -0.1285686 -0.4390874 219 215 206
-0.00280689 -0.1449636 -0.5026153 173 128 31
0.1611361 -0.1951706 -0.4185945 66 43 29
0.01051348 -0.04352314 -0.3776088 94 44 18
0.01461206 -0.08963264 -0.3028097 27 13 6
0.1765058 -0.2597226 -0.4390874 74 39 12
-0.01510261 -0.05376964 -0.425767 108 49 10
0.02485851 -0.2371806 -0.4175699 113 79 43
0.2195408 -0.1039776 -0.5261821 95 55 22
0.2174915 -0.1716036 -0.4667528 188 158 108
0.1365447 -0.09373164 -0.5015907 81 50 20
0.0484253 -0.1869736 -0.4616295 130 82 24
0.00334097 -0.08143564 -0.4103974 74 35 13
0.04535137 -0.1009036 -0.2853908 42 24 16
0.09453428 -0.1377906 -0.4237177 156 125 79
0.1283475 -0.04864664 -0.5364286 87 59 46
0.05457318 -0.08655864 -0.2915387 45 33 22
0.1713826 -0.1009036 -0.5159357 46 23 7
0.03715423 -0.2238606 -0.4483092 163 119 44
0.00334097 -0.1521361 -0.293588 44 23 13
0.1713826 -0.1500866 -0.4319149 28 6 5
0.01563671 -0.1439386 -0.2884647 40 20 11
0.1344954 -0.08041064 -0.5128618 84 47 22
0.1693333 -0.1060266 -0.5108125 97 66 37
0.06584425 -0.2494766 -0.4216684 151 109 55
0.1693333 -0.2617726 -0.4288409 71 36 11
0.1498651 -0.1152476 -0.4913442 19 6 0
0.167284 -0.2095156 -0.4165452 54 23 11
0.1549883 -0.07631264 -0.5282314 138 95 49
-0.0099794 -0.1377906 -0.4647035 114 55 23
0.1877769 -0.1101246 -0.5097878 47 27 12
0.06174567 -0.2156636 -0.4308902 121 62 2
0.1273229 -0.08758264 -0.5015907 18 2 0
-0.00178224 -0.1388156 -0.5056892 188 145 57
0.2226148 -0.06094164 -0.2966619 6 5 3
0.03715423 -0.01790764 -0.3089576 11 5 5
0.1888015 -0.2300086 -0.4267917 74 23 0
0.2195408 -0.09168164 -0.5292561 93 55 21
-0.00485617 -0.1162736 -0.5036399 199 161 65
0.1877769 -0.09270564 -0.5282314 124 85 36
0.01871064 -0.05991764 -0.4923689 122 55 11
0.1396186 -0.09168164 -0.3919538 12 6 6
-0.00895475 -0.1675056 -0.4093727 77 7 0
0.07199211 -0.1808256 -0.4339642 37 18 11
0.1150272 -0.2535756 -0.4565063 147 97 38
0.03305565 -0.2054166 -0.4708513 151 103 38
-0.01407796 -0.05786864 -0.4913442 164 127 57
0.00743955 -0.1521361 -0.4995414 177 135 50
0.04022816 -0.05786864 -0.4370381 52 37 24
0.02075992 -0.2330816 -0.4237177 100 69 32
0.09658357 -0.04352314 -0.5210589 70 52 36
0.210319 -0.1265196 -0.4165452 158 112 60
0.06277032 -0.02815364 -0.4995414 142 109 40
0.04944995 -0.08348464 -0.2956372 44 28 15
0.1939247 -0.1265196 -0.4892949 49 30 20
0.1662594 -0.1224206 -0.4442106 13 9 6
0.2051958 -0.1285686 -0.4964675 58 36 18
0.01973527 -0.2156636 -0.4595803 164 124 62
0.06789355 -0.03532664 -0.500566 138 105 44
0.01358741 -0.1418886 -0.3243273 45 25 10
-0.00485617 -0.1531606 -0.3110069 52 25 7
0.1221997 -0.2433296 -0.4595803 108 47 5
0.05457318 -0.09168164 -0.2874401 33 19 12
0.1775304 -0.1142236 -0.5015907 67 51 40
0.01666134 -0.1685296 -0.4759746 134 94 33
0.00539027 -0.1316426 -0.4903196 176 138 63
0.2123683 -0.07836064 -0.276169 20 9 7
0.06379497 -0.1787756 -0.4360135 30 11 5
0.181629 -0.2013186 -0.4308902 62 15 0
-0.00485617 -0.1377906 -0.486221 134 89 24
0.00436562 -0.1521361 -0.2792429 49 28 15
0.2349105 -0.1377906 -0.500566 29 16 12
0.1898262 -0.05889364 -0.2987112 11 11 2
0.1027314 -0.2586986 -0.3530173 108 62 27
0.032031 -0.09270564 -0.3314998 28 18 13
0.124249 -0.06196764 -0.3243273 15 9 5
0.06789355 -0.08245964 -0.4657281 120 97 71
0.1252736 -0.06913964 -0.5210589 70 44 28
0.04125281 -0.2095156 -0.4616295 153 111 37
0.09350964 -0.04352314 -0.5190096 66 42 24
0.1847029 -0.1511106 -0.4524078 52 24 10
0.07813997 -0.2361566 -0.4421613 142 98 46
0.08531248 -0.2207866 -0.3858059 125 79 28
0.08121391 -0.2248856 -0.3817073 122 74 16
0.0484253 -0.1521361 -0.4370381 131 95 49
0.2410584 -0.1254956 -0.4339642 23 0 0
0.2379844 -0.1101246 -0.5210589 71 36 21
0.1693333 -0.1388156 -0.443186 10 0 0
0.2010972 -0.2064426 -0.457531 182 148 87
0.2041712 -0.1634066 -0.4196192 112 59 15
0.1980233 -0.09578064 -0.5272068 133 92 37
-0.00383154 -0.1367656 -0.4872456 138 88 31
0.1078547 -0.1357416 -0.4206438 164 135 95
0.2195408 -0.1593076 -0.4421613 95 47 13
0.0484253 -0.2095156 -0.4565063 145 95 22
0.07506604 -0.06401664 -0.4831471 132 108 82
-0.00895475 -0.06401664 -0.4319149 105 42 2
0.02075992 -0.08655864 -0.4452352 17 10 5
0.00231634 -0.1808256 -0.4923689 154 106 32
0.2123683 -0.07221364 -0.2843662 33 19 10
0.00334097 -0.1500866 -0.4483092 88 36 3
0.02998171 -0.02507964 -0.4647035 98 67 44
0.06379497 -0.2207866 -0.4298656 123 67 6
0.00436562 -0.09987864 -0.2853908 15 2 0
0.02588314 -0.1295936 -0.3151055 27 3 0
0.05867174 -0.2013186 -0.4493338 155 110 49
0.2318366 -0.1388156 -0.4974921 35 25 19
0.2205655 -0.2586986 -0.2874401 130 85 44
0.1754811 -0.1695546 -0.4052741 42 27 18
0.10683 -0.1244696 -0.4185945 31 21 16
0.1918755 -0.1470116 -0.4073234 41 18 6
0.2236394 -0.1511106 -0.4524078 96 49 16
0.04535137 -0.2054166 -0.4616295 156 109 35
0.1058054 -0.03737564 -0.5302807 67 51 36
-0.00485617 -0.1716036 -0.4933935 159 110 33
0.1662594 -0.07631264 -0.53233 123 85 39
0.1969987 -0.1224206 -0.4083481 35 15 5
0.07609069 -0.2576736 -0.4073234 153 115 56
0.2174915 -0.1357416 -0.4124466 62 42 26
0.01973527 -0.1531606 -0.4688021 109 49 9
0.01461206 -0.1562336 -0.4892949 160 118 36
0.1929001 -0.1767276 -0.4185945 91 51 22
0.05559781 -0.06606514 -0.3140808 111 97 78
0.1724072 -0.2238606 -0.4124466 67 31 12
0.03612958 -0.004586643 -0.3161301 23 13 7
0.03305565 -0.08553364 -0.4534324 22 13 9
-0.00895475 -0.1849246 -0.4749499 139 85 20
0.195974 -0.2464026 -0.4472845 117 67 18
0.01563671 -0.1408646 -0.3233026 45 23 10
0.00641491 -0.1838996 -0.4472845 134 77 22
0.08633713 -0.2597226 -0.4001509 117 57 5
0.01768599 -0.1439386 -0.3038344 37 18 8
-0.00485617 -0.08963264 -0.3253519 7 0 0
0.2072451 -0.2084906 -0.443186 104 55 11
-0.01407796 -0.08553364 -0.3437955 13 0 0
0.2062205 -0.06709064 -0.2946126 0 0 0
0.1314215 -0.09373164 -0.4831471 15 5 0
0.00129169 -0.09168164 -0.471876 92 32 3
0.08633713 -0.07016364 -0.2915387 27 13 5
0.05662246 -0.2033676 -0.454457 156 104 40
0.01461206 -0.07426264 -0.3601898 104 84 71
0.04022816 -0.004586643 -0.3253519 63 46 27
0.07609069 -0.07733664 -0.4739253 82 62 40
-0.00280689 -0.09373164 -0.4390874 85 36 11
0.07404141 -0.01278464 -0.5220835 86 67 44
-0.00895475 -0.1705796 -0.4903196 153 103 26
0.1806044 -0.1828746 -0.4103974 31 16 13
-0.01202868 -0.004586643 -0.3909291 95 47 10
0.02178457 -0.1869736 -0.4923689 155 104 24
0.00334097 -0.09680464 -0.3673623 54 27 13
0.1662594 -0.1377906 -0.4339642 3 0 0
0.2195408 -0.1172976 -0.5210589 108 62 28
-0.0099794 -0.08758264 -0.4933935 194 158 67
0.2318366 -0.05069564 -0.3335491 30 18 9
0.2021219 -0.1767276 -0.4278163 151 111 57
0.2021219 -0.2464026 -0.457531 92 44 15
0.00948883 -0.09270564 -0.2751444 30 14 6
-0.00383154 -0.1367656 -0.4062988 72 57 41
0.1109286 -0.2535756 -0.3612145 92 37 6
0.1047807 -0.06606514 -0.3120315 16 6 3
0.1170765 -0.06709064 -0.3120315 14 5 3
0.2113437 -0.1900476 -0.440112 102 63 32
-0.00383154 -0.1459876 -0.3192041 80 52 28
0.03817887 -0.1193466 -0.2771937 48 31 23
-0.00178224 -0.06299164 -0.4503585 77 54 33
0.02998171 -0.01688264 -0.2946126 21 17 14
0.1447418 -0.07016364 -0.5282314 103 64 28
0.1037561 -0.08041064 -0.4974921 58 42 28
0.00641491 -0.07938564 -0.3233026 24 11 9
0.03510494 -0.08553364 -0.322278 54 43 33
0.08428784 -0.07323764 -0.4872456 114 94 66
0.2195408 -0.2535756 -0.307933 118 66 24
0.1037561 -0.06709064 -0.3120315 21 11 6
0.1744565 -0.1172976 -0.4729006 23 10 7
0.01563671 -0.1429136 -0.307933 47 28 21
0.1426925 -0.1080766 -0.4923689 51 31 16
0.01461206 -0.1316426 -0.440112 159 129 95
0.01051348 -0.1531606 -0.4974921 166 125 40
0.03612958 -0.2125896 -0.4606049 151 108 33
0.2267133 -0.1080766 -0.5241328 79 40 15
0.01563671 -0.1285686 -0.4011756 35 11 0
0.00129169 -0.04044964 -0.3806827 99 50 20
0.00948883 -0.09680464 -0.3478941 33 5 0
0.124249 -0.2617726 -0.3427709 83 27 0
0.1713826 -0.08963264 -0.5261821 119 81 36
0.1017068 -0.03839964 -0.5272068 55 38 26
0.1406433 -0.1582836 -0.3755595 104 88 70
-0.01100403 -0.1593076 -0.4944182 169 125 42
0.05149925 -0.08450964 -0.4647035 82 65 46
0.07199211 -0.2484526 -0.4206438 133 81 24
0.00641491 -0.1644316 -0.5026153 171 129 49
0.03100636 -0.07118964 -0.3929784 45 34 30
0.02895707 -0.006635643 -0.2987112 11 8 9
0.03305565 -0.009710643 -0.3253519 47 35 21
-0.01202868 -0.08553364 -0.4933935 189 153 68
0.0668689 -0.04967164 -0.4831471 105 75 42
0.00539027 -0.1664806 -0.4513831 111 53 12
0.03100636 -0.02405464 -0.4595803 111 84 58
0.1170765 -0.2607486 -0.3202287 105 54 15
0.05662246 -0.03737564 -0.4821224 142 107 43
-0.0079301 -0.1777516 -0.4821224 145 92 24
0.2062205 -0.2382066 -0.4626542 174 148 108
0.01871064 -0.1470116 -0.4503585 101 57 26
0.08633713 -0.2443536 -0.4349888 138 95 42
0.08736177 -0.2617726 -0.3212533 62 37 16
0.07711534 -0.2146386 -0.4103974 107 59 13
0.1969987 -0.1459876 -0.4103974 20 8 5
0.01358741 -0.1131996 -0.3478941 43 19 8
0.01153813 -0.1480376 -0.2966619 32 13 5
0.09863286 -0.06401664 -0.3038344 76 64 52
0.02383385 -0.07528714 -0.3478941 30 11 1
0.1826537 -0.1654556 -0.4124466 78 39 17
0.1344954 -0.07528714 -0.517985 91 53 25
0.1744565 -0.1726286 -0.4247424 36 7 2
0.06379497 -0.2535756 -0.4134713 155 120 71
0.01051348 -0.2033676 -0.4421613 118 60 15
0.02178457 -0.07118964 -0.3929784 52 41 32
0.2205655 -0.1388156 -0.4913442 60 33 11
0.00743955 -0.1480376 -0.3099823 42 19 9
-0.00383154 -0.1531606 -0.3017851 60 33 18
0.1006821 -0.05889364 -0.5128618 97 63 26
-0.00383154 -0.1654556 -0.4062988 103 34 2
-0.01612726 -0.09373164 -0.3355984 0 0 0
0.05252388 -0.07631264 -0.4636788 130 108 79
0.1775304 -0.2627976 -0.4421613 170 138 102
0.03920351 -0.03430164 -0.3171548 42 30 15
0.03510494 -0.02507964 -0.4585556 39 26 16
0.04535137 -0.01893164 -0.4790485 143 108 37
0.242083 -0.2515266 -0.3110069 118 71 31
0.04740067 -0.08041064 -0.3130562 71 57 45
0.2185162 -0.1418886 -0.4216684 159 120 75
0.227738 -0.1357416 -0.4308902 47 23 9
0.03817887 -0.08245964 -0.3253519 35 23 17
0.01051348 -0.1757026 -0.4462599 101 55 15
0.02280921 -0.01995664 -0.443186 91 74 47
0.1939247 -0.1162736 -0.5026153 37 19 6
0.00231634 -0.1531606 -0.3960523 99 49 15
0.1939247 -0.1459876 -0.4052741 57 37 23
0.03408029 -0.09168164 -0.3263766 16 10 7
0.08838642 -0.07836064 -0.4042495 65 52 44
0.1888015 -0.2197621 -0.425767 44 6 0
0.210319 -0.1111496 -0.5210589 98 53 22
0.02998171 -0.1275446 -0.3099823 32 13 6
0.09453428 -0.02917764 -0.5282314 62 47 32
0.1693333 -0.1767276 -0.4247424 37 9 2
-0.0007575897 -0.08553364 -0.411422 66 23 7
0.02485851 -0.1347166 -0.2843662 28 9 2
-0.0099794 -0.1398406 -0.3407216 92 65 42
0.02280921 -0.1736526 -0.4954428 164 124 39
0.06072104 -0.04659764 -0.4698267 114 98 66
0.09453428 -0.08450964 -0.4329395 28 15 1
0.04944995 -0.01790764 -0.486221 139 103 40
0.02690778 -0.1664806 -0.4585556 98 44 9
-0.00895475 -0.08041064 -0.4329395 80 24 0
0.01153813 -0.1234456 -0.4442106 137 100 59
0.2010972 -0.1521361 -0.4769992 88 39 10
0.03920351 -0.007661143 -0.4759746 165 132 49
0.1836783 -0.1367656 -0.4647035 46 24 12
0.01973527 -0.03532664 -0.4790485 97 69 44
0.09350964 -0.2310336 -0.3694116 109 56 11
0.00129169 -0.1541846 -0.500566 172 120 22
-0.00485617 -0.08553364 -0.4636788 102 52 16
0.02588314 -0.03327664 -0.4565063 72 54 37
0.03920351 -0.2402546 -0.4185945 150 108 57
0.02895707 -0.04864664 -0.3817073 62 36 22
0.1836783 -0.1593076 -0.4370381 55 26 7
0.05252388 -0.2494766 -0.4196192 152 115 65
0.1262982 -0.1039776 -0.4677774 11 1 0
0.01256276 -0.08041064 -0.3212533 31 21 15
0.09248499 -0.07221364 -0.2823169 20 6 0
0.1539636 -0.1131996 -0.4022002 15 10 10
0.02998171 -0.06401664 -0.4206438 70 60 58
0.00641491 -0.02200664 -0.4677774 97 63 35
0.06072104 -0.06913964 -0.3181794 77 59 38
0.2359351 -0.1429136 -0.4698267 24 13 7
0.1457665 -0.1009036 -0.5036399 15 0 0
0.1744565 -0.1265196 -0.4606049 7 0 0
0.07096748 -0.2207866 -0.4216684 113 54 0
0.1365447 -0.08655864 -0.5067139 66 38 17
0.1908508 -0.1931216 -0.4216684 44 15 9
0.08223855 -0.2545996 -0.4103974 138 89 32
-0.01407796 -0.02712964 -0.4780239 142 99 39
0.1857276 -0.1920966 -0.4411367 98 59 31
0.2154423 -0.07733664 -0.5343793 88 57 29
0.2441323 -0.1224206 -0.5169603 45 26 21
0.2010972 -0.1531606 -0.4729006 98 52 24
-0.01305333 -0.007661143 -0.4308902 129 89 44
0.03612958 -0.2187376 -0.454457 156 115 44
0.181629 -0.2269346 -0.4185945 98 55 33
0.09146035 -0.2341076 -0.3806827 96 44 13
0.01256276 -0.1019276 -0.3417462 28 3 0
0.2031465 -0.09782914 -0.5261821 123 81 34
0.00948883 -0.1050016 -0.4923689 99 37 3
0.02793243 -0.1254956 -0.3202287 27 9 3
0.01973527 -0.2002936 -0.4780239 162 115 41
0.1867522 -0.2054166 -0.4196192 37 12 6
-0.01202868 -0.03430164 -0.4810978 170 133 55
0.1929001 -0.1029526 -0.5251575 125 88 51
0.04535137 -0.1982446 -0.4462599 108 57 13
-0.01305333 -0.1244696 -0.3130562 13 0 1
0.213393 -0.06709064 -0.290514 49 32 15
0.04125281 -0.02610464 -0.457531 31 16 9
0.06072104 -0.2187376 -0.4349888 127 72 11
0.199048 -0.2484526 -0.290514 127 82 37
0.05149925 -0.2453776 -0.4288409 158 124 67
0.1078547 -0.09578064 -0.4851964 30 11 1
0.03100636 -0.1285686 -0.2833415 23 5 0
0.242083 -0.07631264 -0.5343793 40 22 14
0.00743955 -0.01278464 -0.4626542 102 69 42
0.09863286 -0.03225264 -0.5282314 68 51 35
0.1426925 -0.2412796 -0.4134713 122 95 67
0.1888015 -0.2525506 -0.4493338 114 83 50
0.1283475 -0.09270564 -0.4636788 15 5 1
-0.00178224 -0.09270564 -0.3181794 1 0 0
0.199048 -0.1900476 -0.4267917 44 10 2
0.09555893 -0.05172064 -0.5138864 101 69 40
0.08223855 -0.2228356 -0.3694116 82 31 1
0.1508897 -0.1009036 -0.4073234 28 20 15
0.2431076 -0.09885464 -0.5220835 78 45 28
0.08018927 -0.2433296 -0.4216684 150 105 37
0.00641491 -0.1131996 -0.3622391 42 13 0
0.03408029 -0.01175864 -0.304859 13 9 7
0.04022816 -0.01893164 -0.3202287 47 33 27
0.1498651 -0.2136146 -0.3950277 57 33 15
0.2236394 -0.1644316 -0.4442106 97 49 11
0.2113437 -0.2566496 -0.2874401 140 102 63
0.01768599 -0.03737564 -0.443186 42 26 12
0.03408029 -0.04557264 -0.2925633 17 6 3
-0.0099794 -0.07631264 -0.4913442 200 162 70
0.2021219 -0.1552096 -0.4759746 122 77 44
0.2051958 -0.1183226 -0.5118371 78 38 14
0.05764711 -0.03942564 -0.4769992 87 52 16
-0.01612726 -0.1675056 -0.486221 159 102 21
0.2287626 -0.05991764 -0.2987112 5 4 2
0.2359351 -0.1029526 -0.5241328 75 28 2
0.1406433 -0.09065664 -0.5067139 52 21 4
0.09658357 -0.08553364 -0.4769992 77 56 32
0.1847029 -0.1757026 -0.4144959 77 35 10
0.06891818 -0.01175864 -0.517985 71 54 37
0.0002670403 -0.04352314 -0.4503585 134 75 5
0.03920351 -0.1849246 -0.4780239 137 83 26
0.02793243 -0.1961946 -0.4831471 153 102 29
0.2318366 -0.1459876 -0.4882703 95 66 44
0.04740067 -0.06811464 -0.4626542 49 34 18
0.01666134 -0.1439386 -0.3007605 39 17 6
-0.01100403 -0.1490616 -0.3581405 155 129 97
0.01358741 -0.1388156 -0.3161301 34 16 8
0.0484253 -0.2074666 -0.4534324 129 84 27
0.00743955 -0.01790764 -0.4011756 57 44 27
0.1437172 -0.09680464 -0.5046646 54 35 24
0.00948883 -0.1285686 -0.4790485 105 44 13
0.05457318 -0.2341076 -0.4452352 164 122 57
0.1939247 -0.1777516 -0.4206438 126 85 46
-0.01510261 -0.1859486 -0.4565063 142 91 36
0.01256276 -0.1091006 -0.3919538 37 15 11
0.05354853 -0.2156636 -0.4462599 138 85 16
0.1652347 -0.1931216 -0.4216684 43 19 9
0.1949494 -0.2330816 -0.4657281 143 116 80
0.1642101 -0.2136146 -0.4319149 75 37 18
-0.00383154 -0.06504064 -0.4595803 114 46 0
0.04637602 -0.08143564 -0.3110069 47 34 24
0.1099039 -0.03327664 -0.5354039 67 51 35
0.2000726 -0.1787756 -0.4647035 109 71 47
-0.0099794 -0.09475564 -0.3243273 0 0 0
0.01768599 -0.03532664 -0.2782183 135 117 95
0.2010972 -0.1582836 -0.4206438 118 62 23
0.04022816 -0.2443536 -0.4206438 143 113 61
0.09350964 -0.06504064 -0.3089576 179 164 135
0.2359351 -0.05479464 -0.3089576 11 7 4
0.2205655 -0.1439386 -0.4821224 23 12 7
0.1611361 -0.1152476 -0.4944182 18 5 1
0.1918755 -0.1244696 -0.3919538 10 6 3
0.1303968 -0.09168164 -0.4913442 7 6 5
0.1918755 -0.2423041 -0.4554817 176 138 57
0.01768599 -0.1900476 -0.4882703 151 102 31
0.1826537 -0.2351316 -0.4452352 114 67 40
0.0648196 -0.02303064 -0.5077385 84 59 40
0.1734319 -0.1757026 -0.4216684 43 11 2
0.1181011 -0.06401664 -0.3263766 45 32 21
0.08121391 -0.07733664 -0.4810978 80 60 40
0.09863286 -0.2607486 -0.4042495 141 97 46
0.2185162 -0.1798016 -0.4513831 148 105 50
0.0002670403 -0.08860764 -0.322278 6 0 0
-0.01305333 -0.1418886 -0.4237177 52 37 16
0.1467911 -0.09987864 -0.5056892 59 29 13
0.2113437 -0.1552096 -0.4267917 104 65 27
0.01256276 -0.1695546 -0.4472845 84 29 0
0.08018927 -0.05479464 -0.4985167 135 99 41
0.2113437 -0.1675056 -0.4729006 127 95 64
0.02588314 -0.009710643 -0.2884647 9 9 9
-0.01510261 -0.07938564 -0.4903196 202 171 82
0.03612958 -0.01585764 -0.3007605 13 9 7
0.2123683 -0.1767276 -0.4657281 153 110 53
0.09146035 -0.2464026 -0.3868305 110 51 3
0.1908508 -0.05684364 -0.307933 1 1 1
0.01051348 -0.1039776 -0.4974921 142 101 50
0.00231634 -0.1009036 -0.2812922 31 15 5
0.1888015 -0.1961946 -0.4196192 30 8 3
0.04944995 -0.1982446 -0.4339642 86 31 1
0.2072451 -0.2187376 -0.4636788 139 99 66
0.1949494 -0.1316426 -0.397077 18 12 8
0.1252736 -0.2566496 -0.4472845 138 94 35
0.01051348 -0.07016364 -0.4134713 111 92 75
0.08736177 -0.03839964 -0.3161301 148 130 104
0.1416679 -0.05991764 -0.2802676 15 11 7
0.00436562 -0.2238606 -0.425767 111 79 44
0.00948883 -0.2177126 -0.4216684 117 60 7
0.02075992 -0.1408646 -0.2956372 28 9 1
0.07506604 -0.01175864 -0.5241328 89 69 46
0.2338858 -0.06811464 -0.2771937 11 5 5
0.08736177 -0.06709064 -0.4944182 65 41 10
0.181629 -0.1746781 -0.4298656 48 13 3
0.032031 -0.1254956 -0.2925633 25 8 3
0.2113437 -0.1480376 -0.4267917 161 120 66
0.0084642 -0.07118964 -0.3960523 70 41 23
0.1888015 -0.2535756 -0.2833415 121 72 31
0.0484253 -0.007661143 -0.4923689 147 115 41
0.1037561 -0.2464026 -0.3560912 92 43 11
0.1078547 -0.2638216 -0.3407216 102 57 23
0.03612958 -0.007661143 -0.4667528 139 104 36
0.07916462 -0.2361566 -0.411422 130 70 17
0.1375693 -0.06094164 -0.2751444 20 15 13
0.00948883 -0.1910716 -0.4503585 127 72 23
0.04740067 -0.05684364 -0.3007605 32 25 19
0.01153813 -0.1961946 -0.4483092 110 58 13
0.1457665 -0.06196764 -0.5343793 114 76 34
0.02178457 -0.06709064 -0.457531 70 50 36
0.06584425 -0.2002936 -0.4267917 134 98 60
0.06789355 -0.08553364 -0.471876 75 52 31
0.1058054 -0.2627976 -0.3632637 132 80 33
0.09760821 -0.08348464 -0.4380627 67 49 28
0.2051958 -0.2125896 -0.4616295 126 91 58
0.1549883 -0.1746781 -0.4206438 21 6 5
0.1375693 -0.2586986 -0.4452352 118 75 47
0.2092944 -0.1244696 -0.5087632 80 42 16
0.2123683 -0.08348464 -0.2771937 29 20 14
0.06379497 -0.1838996 -0.4360135 30 11 5
0.2072451 -0.09270564 -0.2751444 17 10 7
0.04740067 -0.07528714 -0.3212533 97 80 62
0.04125281 -0.1798016 -0.4657281 137 91 41
0.181629 -0.1050016 -0.3765841 69 49 33
0.02383385 -0.1869736 -0.4370381 108 55 15
0.03408029 -0.2156636 -0.4585556 159 117 46
0.02895707 -0.2238606 -0.4513831 140 95 27
0.0504746 -0.01278464 -0.4933935 145 114 47
0.1744565 -0.1818506 -0.4216684 54 22 10
0.08428784 -0.01175864 -0.5302807 91 69 46
0.2195408 -0.1798016 -0.4421613 159 125 58
-0.01100403 -0.1480376 -0.322278 75 47 31
0.00948883 -0.1418886 -0.3284258 49 22 11
0.1847029 -0.1398406 -0.4626542 51 28 13
0.01153813 -0.04249864 -0.486221 124 85 33
0.2236394 -0.08245964 -0.5302807 89 54 30
0.01666134 -0.005611643 -0.4421613 97 80 57
-0.00383154 -0.09578064 -0.3007605 15 5 2
0.00129169 -0.2115656 -0.4462599 157 126 80
0.1877769 -0.1603326 -0.4144959 110 82 59
0.121175 -0.2474276 -0.454457 135 83 27
0.1580622 -0.06811464 -0.5333546 134 102 60
0.09863286 -0.07118964 -0.4493338 57 40 21
0.07916462 -0.07323764 -0.4226931 37 23 13
0.2082698 -0.1890236 -0.4606049 98 52 15
0.2267133 -0.05376964 -0.3396969 55 27 10
0.2174915 -0.1623826 -0.4411367 139 92 42
0.1929001 -0.1480376 -0.4155206 31 11 7
0.2185162 -0.1757026 -0.4647035 181 149 102
0.1631854 -0.2084906 -0.4093727 104 44 11
0.1724072 -0.07631264 -0.5343793 127 91 45
-0.0099794 -0.1500866 -0.3530173 98 65 31
0.1047807 -0.2525506 -0.3540419 99 52 21
0.199048 -0.2054166 -0.4688021 148 112 80
0.07199211 -0.2453776 -0.4237177 149 97 30
0.1058054 -0.07118964 -0.5036399 84 59 34
0.1631854 -0.1060266 -0.5077385 43 21 7
0.03715423 -0.09782914 -0.2976865 40 18 13
0.08633713 -0.06401664 -0.3192041 46 29 21
0.152939 -0.1890236 -0.3909291 171 155 133
0.01358741 -0.1213966 -0.4790485 92 28 1
0.00641491 -0.1623826 -0.4851964 168 127 47
0.04227744 -0.1910716 -0.4677774 105 42 0
0.1119532 -0.09578064 -0.4831471 44 27 13
0.213393 -0.1879976 -0.4554817 127 105 77
0.0648196 -0.08758264 -0.4667528 40 23 6
-0.01202868 -0.1951706 -0.457531 146 96 32
0.02485851 -0.1367656 -0.2894894 49 23 13
0.1140025 -0.2648461 -0.3294505 100 50 18
0.199048 -0.1408646 -0.4708513 62 35 17
0.2164669 -0.1869736 -0.4483092 176 145 85
0.1262982 -0.08860764 -0.4944182 11 6 2
-0.0079301 -0.1500866 -0.4155206 27 13 5
0.1980233 -0.1992696 -0.4667528 95 57 27
0.08941106 -0.08041064 -0.4841717 97 79 53
0.03715423 -0.06094164 -0.2853908 13 0 0
0.01973527 -0.07836064 -0.3694116 89 66 44
0.06277032 -0.1961946 -0.4360135 120 74 24
0.2246641 -0.1623826 -0.4565063 116 62 28
0.2164669 -0.1798016 -0.4606049 112 66 35
0.04740067 -0.003562643 -0.4944182 142 111 43
0.1334708 -0.06504064 -0.5282314 95 56 27
0.00436562 -0.1070516 -0.2782183 33 15 7
0.09863286 -0.2402546 -0.3735102 87 40 6
0.1969987 -0.1664806 -0.4749499 133 90 54
0.02998171 -0.1757026 -0.4493338 151 108 66
0.2359351 -0.1080766 -0.5220835 72 36 17
0.1457665 -0.2453776 -0.4134713 153 127 95
0.2441323 -0.1377906 -0.4626542 52 14 0
0.06174567 -0.06913964 -0.471876 115 92 62
0.1478158 -0.1050016 -0.4995414 22 8 1
0.01256276 -0.2269346 -0.4360135 92 59 25
0.07916462 -0.07426264 -0.4800731 49 31 6
0.06174567 -0.04044964 -0.4667528 114 84 49
0.09146035 -0.04659764 -0.304859 72 55 41
0.02793243 -0.07016364 -0.3950277 46 35 32
0.04125281 -0.1972201 -0.4657281 127 74 14
0.1437172 -0.08450964 -0.514911 88 56 26
0.04227744 -0.02507964 -0.3192041 42 29 21
0.2082698 -0.1131996 -0.4144959 170 138 87
0.03510494 -0.1101246 -0.2946126 31 15 10
0.210319 -0.1316426 -0.4964675 69 42 23
-0.00690547 -0.1111496 -0.4995414 172 132 45
0.1857276 -0.1234456 -0.4831471 28 7 2
0.01256276 -0.1234456 -0.4892949 110 50 13
0.07096748 -0.2330816 -0.4380627 143 98 39
0.1047807 -0.07323764 -0.2751444 15 3 1
0.1037561 -0.07631264 -0.4985167 52 34 15
0.00948883 -0.1101246 -0.3571159 34 5 0
0.2410584 -0.1183226 -0.5200342 55 29 20
0.1867522 -0.1900476 -0.4165452 50 15 0
0.1826537 -0.1142236 -0.5077385 144 114 79
0.08428784 -0.2607486 -0.397077 142 98 42
0.1836783 -0.1828746 -0.4360135 85 41 15
0.02485851 -0.1941466 -0.4903196 156 109 31
0.08223855 -0.2371806 -0.4216684 135 95 46
0.01051348 -0.2279586 -0.4175699 18 11 5
-0.01510261 -0.07426264 -0.4913442 202 164 70
0.08223855 -0.1972201 -0.4206438 55 33 15
0.01051348 -0.1357416 -0.4954428 140 86 22
0.1980233 -0.1019276 -0.5231082 118 74 25
0.2041712 -0.1326676 -0.4831471 13 3 1
0.1713826 -0.2638216 -0.4462599 77 49 26
-0.0007575897 -0.1531606 -0.2843662 23 1 0
0.01153813 -0.1716036 -0.4974921 161 107 18
0.1365447 -0.07836064 -0.514911 80 42 20
0.1191257 -0.08041064 -0.4278163 45 29 13
0.02895707 -0.08041064 -0.3274012 13 5 1
0.1170765 -0.07221364 -0.5138864 78 57 36
0.2164669 -0.1449636 -0.4698267 17 4 2
0.09146035 -0.07631264 -0.4964675 154 124 85
0.05559781 -0.08860764 -0.4647035 40 23 11
0.08223855 -0.07836064 -0.486221 105 80 54
0.032031 -0.007661143 -0.4606049 79 50 22
0.1775304 -0.2371806 -0.4134713 83 45 21
0.02485851 -0.07118964 -0.3919538 41 30 25
0.01153813 -0.1418886 -0.382732 47 18 7
0.1754811 -0.1531606 -0.4360135 36 13 3
0.09146035 -0.09680464 -0.4810978 37 23 6
0.1611361 -0.2054166 -0.4093727 97 33 0
0.01973527 -0.08348464 -0.3243273 130 118 105
0.2010972 -0.2505016 -0.3929784 71 31 6
0.1457665 -0.1121746 -0.3960523 8 4 3
0.0484253 -0.05274514 -0.3007605 28 18 15
0.05149925 -0.1511106 -0.4411367 154 118 74
-0.01612726 -0.02507964 -0.4749499 134 92 29
-0.00895475 -0.07118964 -0.4954428 158 121 50
0.01051348 -0.09475564 -0.2966619 22 5 1
0.2195408 -0.1449636 -0.4790485 11 2 0
-0.00178224 -0.2105396 -0.4421613 112 85 55
0.2328612 -0.05479464 -0.3110069 8 4 3
-0.0099794 -0.08963264 -0.3335491 9 0 0
-0.01305333 -0.1603326 -0.2833415 99 66 30
0.1918755 -0.06504064 -0.2823169 16 11 8
0.1847029 -0.2576736 -0.4442106 87 57 29
0.1929001 -0.1859486 -0.4534324 132 85 44
0.2226148 -0.08860764 -0.2751444 29 13 5
0.1642101 -0.1111496 -0.4995414 33 19 7
0.1703579 -0.2627976 -0.443186 116 74 27
0.02998171 -0.1849246 -0.4851964 154 107 22
0.04535137 -0.02507964 -0.4739253 137 101 40
0.00539027 -0.1367656 -0.3468694 104 68 29
-0.01100403 -0.1470116 -0.4565063 49 10 2
0.1908508 -0.1603326 -0.4565063 108 69 31
0.08121391 -0.2412796 -0.4442106 148 105 49
0.1293722 -0.08963264 -0.4708513 21 6 0
0.1621608 -0.2310336 -0.4073234 72 31 1
0.04125281 -0.2382066 -0.4360135 159 123 61
0.07916462 -0.07118964 -0.2976865 31 18 10
0.2308119 -0.06709064 -0.2792429 10 5 4
0.2164669 -0.08758264 -0.5302807 112 71 29
0.01153813 -0.1142236 -0.4144959 40 16 11
0.02178457 -0.04557264 -0.3745348 52 37 30
0.2338858 -0.1459876 -0.4636788 78 37 13
-0.01407796 -0.03737564 -0.3806827 134 112 71
-0.0099794 -0.1961946 -0.4616295 143 93 31
0.1918755 -0.1347166 -0.3960523 13 6 3
0.08428784 -0.006635643 -0.53233 88 70 49
-0.00485617 -0.1562336 -0.2966619 56 33 18
0.1785551 -0.1726286 -0.4124466 78 33 6
0.09658357 -0.01790764 -0.5354039 88 71 51
0.03305565 -0.01380864 -0.3355984 186 173 149
0.1847029 -0.2269346 -0.4554817 121 84 55
0.181629 -0.1224206 -0.4749499 42 21 8
-0.00178224 -0.09373164 -0.3130562 8 0 0
-0.00280689 -0.1152476 -0.4995414 166 125 41
0.2195408 -0.2484526 -0.2925633 102 62 30
0.2318366 -0.1449636 -0.4688021 30 7 1
0.05252388 -0.2054166 -0.4452352 136 89 26
0.2441323 -0.05274514 -0.3212533 20 15 11
0.1006821 -0.08348464 -0.4841717 92 79 62
0.01358741 -0.1265196 -0.4390874 139 103 72
0.01871064 -0.1838996 -0.4308902 142 93 27
0.1344954 -0.1080766 -0.4872456 66 42 21
-0.01202868 -0.1500866 -0.4144959 31 18 9
0.0084642 -0.1429136 -0.3919538 63 27 9
0.2031465 -0.2453776 -0.3038344 88 55 18
0.06789355 -0.2443536 -0.4288409 150 103 40
0.1867522 -0.1572596 -0.4052741 105 84 67
0.2092944 -0.1961946 -0.4380627 108 63 27
0.1631854 -0.1838996 -0.411422 131 75 33
0.2062205 -0.1879976 -0.4677774 187 155 89
0.2359351 -0.09373164 -0.5251575 81 45 20
0.195974 -0.2627976 -0.4339642 65 28 10
0.1785551 -0.09475564 -0.5251575 115 77 35
0.02793243 -0.02200664 -0.4483092 107 87 57
0.167284 -0.1757026 -0.4032249 125 80 44
0.04535137 -0.2361566 -0.4380627 164 122 50
0.04227744 -0.03430164 -0.4606049 100 78 48
0.05252388 -0.04352314 -0.4636788 138 117 84
0.04740067 -0.05172064 -0.4585556 48 31 11
0.1191257 -0.07733664 -0.5067139 48 29 17
0.00334097 -0.06299164 -0.4175699 95 47 15
0.01358741 -0.2156636 -0.4534324 143 99 44
0.06584425 -0.08041064 -0.471876 67 46 23
0.03305565 -0.01483364 -0.3314998 108 93 79
0.1847029 -0.1531606 -0.4483092 72 42 16
0.01358741 -0.08860764 -0.276169 16 8 6
0.195974 -0.06094164 -0.3017851 22 14 15
0.00539027 -0.06606514 -0.4134713 85 44 15
0.07506604 -0.2351316 -0.4298656 133 83 23
0.01358741 -0.2084906 -0.4626542 138 91 33
0.2379844 -0.1439386 -0.4749499 44 20 7
0.1406433 -0.08758264 -0.3929784 11 5 5
0.2410584 -0.05376964 -0.3171548 15 10 7
0.1088793 -0.08245964 -0.4944182 18 7 0
0.03510494 -0.09987864 -0.3038344 47 20 6
0.1888015 -0.1920966 -0.4155206 30 11 4
0.02690778 -0.1910716 -0.4247424 142 102 31
0.2174915 -0.05786864 -0.3181794 49 31 14
0.00129169 -0.08758264 -0.3929784 50 14 5
-0.01407796 -0.1224206 -0.4380627 105 71 27
-0.0079301 -0.1910716 -0.4472845 121 70 18
0.1088793 -0.04147364 -0.5292561 78 58 40
-0.01305333 -0.1798016 -0.4769992 147 94 21
0.121175 -0.06504064 -0.3140808 15 5 3
0.0484253 -0.02610464 -0.4688021 135 101 37
0.2185162 -0.1644316 -0.4595803 92 51 25
0.1099039 -0.2597226 -0.454457 150 101 44
0.09453428 -0.2320576 -0.3735102 85 28 0
0.08121391 -0.2238606 -0.3735102 115 66 27
0.09248499 -0.2505016 -0.3806827 104 45 3
0.1426925 -0.1142236 -0.4892949 9 5 1
0.05969639 -0.08450964 -0.2894894 61 47 33
0.1775304 -0.2218116 -0.4216684 13 0 0
0.00539027 -0.1562336 -0.4595803 85 33 11
0.1160518 -0.2576736 -0.4524078 154 108 47
0.09248499 -0.2607486 -0.4032249 130 79 27
0.02075992 -0.1541846 -0.4513831 95 44 6
0.242083 -0.1265196 -0.517985 31 13 6
0.03408029 -0.1879976 -0.471876 108 47 5
0.00948883 -0.1500866 -0.2782183 49 28 20
0.0084642 -0.1101246 -0.4421613 121 79 26
0.04535137 -0.1439386 -0.4298656 145 108 62
-0.01407796 -0.1070516 -0.3069083 15 1 0
0.2010972 -0.2423041 -0.307933 78 47 18
0.1765058 -0.1777516 -0.4134713 80 35 6
0.1017068 -0.07118964 -0.500566 104 75 41
0.1611361 -0.1111496 -0.4288409 4 3 1
0.2195408 -0.05684364 -0.336623 61 34 7
0.06277032 -0.05479464 -0.4647035 124 98 62
0.1601115 -0.1869736 -0.4206438 53 28 14
0.01666134 -0.2228356 -0.4472845 179 145 84
0.1611361 -0.09987864 -0.5138864 67 35 11
0.2021219 -0.1500866 -0.4688021 95 53 28
0.01871064 -0.07528714 -0.3540419 96 67 37
0.07199211 -0.05889364 -0.4872456 136 111 76
0.1631854 -0.1879976 -0.4103974 75 27 2
0.2082698 -0.09987864 -0.5261821 119 80 33
0.04535137 -0.05172064 -0.3058837 40 27 23
0.04535137 -0.005611643 -0.4913442 144 112 44
-0.00485617 -0.1951706 -0.471876 128 74 28
0.2185162 -0.1449636 -0.4688021 44 18 4
-0.01305333 -0.07733664 -0.4933935 196 161 71
-0.0079301 -0.1603326 -0.4974921 160 116 35
0.2144176 -0.1490616 -0.4339642 149 122 93
0.05252388 -0.008685643 -0.4985167 142 110 44
0.04944995 -0.04044964 -0.4657281 123 99 64
0.1693333 -0.1418886 -0.4421613 5 1 1
0.1652347 -0.1961946 -0.4165452 65 46 32
0.01871064 -0.1326676 -0.4185945 39 13 6
0.04637602 -0.03225264 -0.4657281 136 110 76
0.04432674 -0.1050016 -0.2864154 23 9 5
0.04022816 -0.01175864 -0.3212533 29 18 13
0.07096748 -0.03532664 -0.5046646 130 95 42
0.0904357 -0.03839964 -0.5190096 56 40 25
-0.01510261 -0.06913964 -0.4442106 83 23 0
0.2318366 -0.08553364 -0.5272068 61 33 18
0.01051348 -0.1111496 -0.500566 121 62 11
0.0002670403 -0.1736526 -0.4636788 114 60 33
0.01973527 -0.01278464 -0.2802676 20 16 11
0.03510494 -0.01073464 -0.3304751 151 134 108
0.1713826 -0.2207866 -0.4155206 60 18 0
0.06072104 -0.2002936 -0.4462599 161 111 46
-0.01612726 -0.1121746 -0.5036399 197 163 67
0.08838642 -0.2505016 -0.4165452 145 94 30
0.1857276 -0.1951706 -0.4165452 31 6 0
0.04535137 -0.1080766 -0.2782183 20 5 2
0.1949494 -0.2545996 -0.4452352 67 37 13
-0.00383154 -0.1418886 -0.3396969 85 41 5
-0.00690547 -0.1941466 -0.4524078 129 72 24
0.2113437 -0.1213966 -0.5118371 81 42 21
0.01153813 -0.1265196 -0.4493338 123 86 43
0.2123683 -0.1408646 -0.4739253 21 3 1
0.0648196 -0.01073464 -0.5138864 69 49 33
0.1980233 -0.1213966 -0.5046646 85 55 32
0.03817887 -0.005611643 -0.4780239 148 111 41
0.01256276 -0.07221364 -0.3632637 92 62 49
0.2154423 -0.1060266 -0.5261821 110 66 29
0.0002670403 -0.1531606 -0.2966619 62 40 26
0.1027314 -0.03327664 -0.5313053 66 49 33
0.1191257 -0.04967164 -0.5333546 83 55 36
0.00539027 -0.09578064 -0.3642884 27 5 4
0.1109286 -0.04557264 -0.5292561 85 63 45
0.0002670403 -0.08758264 -0.4759746 104 37 3
0.0504746 -0.07733664 -0.4616295 135 108 67
0.09658357 -0.1265196 -0.4196192 130 95 59
0.02383385 -0.01380864 -0.2833415 6 6 6
0.2267133 -0.1388156 -0.5026153 47 27 18
0.2400337 -0.1101246 -0.5210589 57 15 1
0.121175 -0.2525506 -0.3427709 79 31 5
0.08018927 -0.04864664 -0.5056892 131 98 40
0.02895707 -0.1203716 -0.3263766 22 2 0
0.03408029 -0.1101246 -0.3120315 26 7 0
0.1877769 -0.1254956 -0.4810978 72 40 26
0.08223855 -0.04864664 -0.5056892 133 100 35
0.2349105 -0.1019276 -0.5220835 83 44 20
0.02690778 -0.2177126 -0.4554817 150 108 46
-0.00178224 -0.1879976 -0.4503585 105 41 0
0.1109286 -0.07938564 -0.4329395 39 27 18
0.199048 -0.1408646 -0.4688021 28 11 5
-0.01612726 -0.05274514 -0.4380627 117 55 3
0.09248499 -0.2464026 -0.379658 99 37 0
0.1724072 -0.1480376 -0.4452352 11 0 0
0.1765058 -0.1613576 -0.4278163 49 15 3
0.2318366 -0.09270564 -0.5251575 91 55 29
0.1396186 -0.1183226 -0.4503585 0 0 0
0.2072451 -0.1879976 -0.4636788 117 77 42
0.09658357 -0.06401664 -0.290514 29 17 12
0.02178457 -0.1900476 -0.4913442 151 105 30
0.1047807 -0.1275446 -0.4206438 102 72 40
0.1857276 -0.2095156 -0.4237177 30 6 1
-0.01407796 -0.1623826 -0.2884647 88 52 15
0.152939 -0.1193466 -0.4022002 6 4 2
0.2256887 -0.1490616 -0.4595803 15 6 1
0.00129169 -0.1019276 -0.4380627 111 63 22
0.01256276 -0.1162736 -0.4749499 94 34 7
0.09350964 -0.06606514 -0.4995414 106 75 34
0.03817887 -0.01585764 -0.4626542 137 99 47
-0.0099794 -0.08348464 -0.4933935 186 149 58
0.01871064 -0.04557264 -0.3745348 94 47 20
0.09555893 -0.03635064 -0.5241328 66 50 36
-0.00280689 -0.1029526 -0.5046646 179 144 77
0.09453428 -0.08245964 -0.4851964 30 16 0
0.1724072 -0.2464026 -0.4165452 59 21 5
0.2349105 -0.1336916 -0.4452352 49 18 0
0.09146035 -0.08245964 -0.4206438 13 3 1
0.04535137 -0.1992696 -0.4380627 97 36 0
0.1785551 -0.09065664 -0.3632637 62 49 36
0.0904357 -0.08450964 -0.4821224 64 41 18
-0.01612726 -0.09987864 -0.4954428 197 157 61
0.00641491 -0.1131996 -0.3581405 62 30 9
0.1539636 -0.1019276 -0.425767 5 5 2
0.01563671 -0.07221364 -0.3919538 85 67 57
-0.00690547 -0.1470116 -0.4452352 75 20 0
0.1939247 -0.2586986 -0.443186 75 44 21
0.04637602 -0.05991764 -0.4606049 67 50 28
0.199048 -0.1541846 -0.4657281 127 95 72
0.3291777 -0.1920966 -0.2946126 75 28 0
0.3322517 -0.09065664 -0.3612145 27 12 6
0.3968042 -0.1029526 -0.2997358 107 42 6
0.3383995 -0.1787756 -0.3202287 138 88 27
0.359917 -0.05274514 -0.3909291 97 66 41
0.3394242 -0.07221364 -0.3284258 92 70 43
0.3968042 -0.1213966 -0.304859 115 52 10
0.3414735 -0.04044964 -0.4595803 94 60 30
0.3681142 -0.04454864 -0.3028097 46 20 9
0.4295928 -0.06094164 -0.2823169 181 146 67
0.3138081 -0.05889364 -0.4974921 81 54 31
0.3814346 -0.005611643 -0.365313 58 44 30
0.316882 -0.09680464 -0.3560912 13 6 3
0.2974138 -0.1029526 -0.3407216 70 52 34
0.334301 -0.04659764 -0.4800731 78 62 49
0.3763114 -0.01585764 -0.3581405 63 37 22
0.3558185 -0.05889364 -0.3991263 107 72 41
0.3230299 -0.08348464 -0.4267917 90 60 33
0.3465967 -0.08450964 -0.2894894 83 28 2
0.3978289 -0.08860764 -0.3274012 179 148 85
0.3414735 -0.06401664 -0.336623 130 98 67
0.3353256 -0.2136146 -0.3028097 155 110 51
0.345572 -0.07016364 -0.4062988 51 29 21
0.2902413 -0.2320576 -0.2956372 85 33 0
0.3640156 -0.04864664 -0.2874401 35 18 10
0.3220052 -0.04557264 -0.4954428 142 110 44
0.2943398 -0.1121746 -0.4226931 13 2 0
0.2830688 -0.07118964 -0.5231082 43 29 21
0.3322517 -0.02200664 -0.4944182 166 137 57
0.3722128 -0.02815364 -0.4073234 81 64 48
0.362991 -0.1572596 -0.3120315 130 78 11
0.2810195 -0.2453776 -0.3202287 126 76 28
0.377336 -0.01483364 -0.3632637 68 47 32
0.423445 -0.1234456 -0.3089576 163 116 39
0.2554034 -0.1039776 -0.5138864 34 18 13
0.3701635 -0.006635643 -0.4278163 77 59 40
0.3588924 -0.05376964 -0.4144959 78 53 45
0.4172971 -0.02610464 -0.2792429 140 99 39
0.3814346 -0.01175864 -0.382732 77 61 41
0.2625759 -0.06709064 -0.5343793 50 33 27
0.4142232 -0.1193466 -0.3192041 142 85 19
0.2543787 -0.2556246 -0.3171548 134 91 45
0.2595019 -0.1244696 -0.4616295 49 25 13
0.2748716 -0.2371806 -0.3243273 118 75 31
0.359917 -0.05376964 -0.3868305 106 73 41
0.3988535 -0.1695546 -0.2864154 122 74 28
0.2461816 -0.1336916 -0.4708513 33 17 12
0.3752867 -0.02405464 -0.3940031 78 61 41
0.3035616 -0.2105396 -0.3089576 87 35 4
0.3845085 -0.1531606 -0.3120315 116 60 15
0.273847 -0.1193466 -0.4626542 41 19 8
0.3834839 -0.1787756 -0.3110069 171 130 63
0.3189313 -0.09885464 -0.4011756 47 29 19
0.3240545 -0.09168164 -0.3530173 31 16 11
0.3957796 -0.08348464 -0.293588 142 97 46
0.3240545 -0.06504064 -0.4606049 121 84 40
0.4316421 -0.1121746 -0.2782183 149 103 34
0.2912659 -0.2166886 -0.307933 108 66 26
0.3189313 -0.09168164 -0.3468694 70 48 25
0.4316421 -0.08758264 -0.2915387 160 119 37
0.2840934 -0.1070516 -0.4636788 92 52 27
0.3865578 -0.01483364 -0.307933 118 66 27
0.3138081 -0.07631264 -0.4647035 123 82 32
0.3968042 -0.1623826 -0.3140808 141 88 32
0.2728223 -0.04044964 -0.5343793 142 108 38
0.3404488 -0.07118964 -0.3345737 70 48 19
0.345572 -0.06504064 -0.3069083 81 60 41
0.2963891 -0.08143564 -0.4821224 111 74 24
0.3722128 -0.03225264 -0.397077 66 49 33
0.2523294 -0.1347166 -0.4964675 29 19 18
0.2758963 -0.1029526 -0.486221 68 34 16
0.2820441 -0.2453776 -0.3151055 121 66 15
0.2769209 -0.1193466 -0.4503585 12 4 1
0.2574527 -0.2566496 -0.3202287 121 84 37
0.331227 -0.05069564 -0.4677774 92 56 23
0.3107341 -0.08655864 -0.4513831 114 69 23
0.3363502 -0.08348464 -0.3899045 50 24 0
0.4285682 -0.1224206 -0.2843662 157 109 33
0.3066356 -0.1091006 -0.4073234 44 29 20
0.3722128 -0.01688264 -0.3355984 141 105 36
0.4070507 -0.1603326 -0.2987112 139 87 34
0.3732374 -0.02507964 -0.3099823 52 26 13
0.3988535 -0.02712964 -0.2771937 153 98 35
0.2871673 -0.2166886 -0.3304751 173 129 70
0.4254943 -0.1275446 -0.3028097 157 109 32
0.2769209 -0.1203716 -0.4390874 16 5 3
0.3138081 -0.05274514 -0.5015907 127 91 38
0.3291777 -0.1838996 -0.2956372 107 50 14
0.3517199 -0.03942564 -0.3325244 98 68 33
0.3988535 -0.1357416 -0.3120315 128 65 7
0.3414735 -0.07631264 -0.3110069 38 17 5
0.3066356 -0.2259106 -0.2956372 107 49 6
0.3240545 -0.09168164 -0.3335491 99 83 62
0.4152478 -0.06606514 -0.2956372 144 84 23
0.3988535 -0.1009036 -0.3069083 97 31 1
0.2676991 -0.2146386 -0.3202287 67 23 6
0.2779455 -0.2310336 -0.3058837 77 26 6
0.3148327 -0.09168164 -0.3212533 57 42 28
0.3332763 -0.05069564 -0.4636788 103 62 21
0.3527445 -0.06196764 -0.3735102 141 104 40
0.3353256 -0.08143564 -0.3899045 56 32 17
0.2861427 -0.1101246 -0.3396969 17 9 5
0.3763114 -0.01995664 -0.3745348 70 51 35
0.3394242 -0.08143564 -0.3017851 79 47 10
0.3261038 -0.09065664 -0.397077 26 14 7
0.2615512 -0.1244696 -0.4903196 39 26 22
0.3568431 -0.05274514 -0.2751444 70 28 5
0.2482309 -0.1234456 -0.4370381 22 6 2
0.3875824 -0.02610464 -0.2751444 127 66 15
0.2820441 -0.06913964 -0.5241328 43 30 25
0.3465967 -0.05786864 -0.3151055 40 20 2
0.4295928 -0.1193466 -0.2894894 156 108 36
0.3650403 -0.1982446 -0.2853908 134 92 42
0.2871673 -0.02917764 -0.5302807 161 128 46
0.2574527 -0.1244696 -0.454457 19 9 2
0.434716 -0.08348464 -0.2792429 168 125 41
0.4183217 -0.1480376 -0.2853908 134 79 28
0.3445474 -0.04557264 -0.3253519 60 31 10
0.359917 -0.2002936 -0.3038344 156 107 27
0.3435227 -0.04249864 -0.3233026 148 125 89
0.3968042 -0.1224206 -0.3069083 116 55 9
0.3670896 -0.06504064 -0.2864154 49 27 13
0.3906564 -0.1029526 -0.2976865 99 31 0
0.3537692 -0.06196764 -0.3940031 113 74 29
0.3373749 -0.04557264 -0.4616295 107 70 31
0.2625759 -0.07118964 -0.5343793 53 30 21
0.4152478 -0.04147364 -0.2812922 148 95 26
0.3947549 -0.04044964 -0.2833415 118 68 22
0.2482309 -0.1388156 -0.500566 28 15 13
0.3465967 -0.01380864 -0.4729006 151 120 53
0.3015123 -0.2136146 -0.3274012 135 88 33
0.4285682 -0.05786864 -0.2853908 178 142 67
0.3015123 -0.06913964 -0.4923689 41 21 10
0.3281531 -0.08963264 -0.3991263 23 12 7
0.2543787 -0.2576736 -0.3007605 150 122 69
0.3394242 -0.1828746 -0.2925633 107 48 11
0.3732374 -0.02712964 -0.3233026 94 67 42
0.3701635 -0.1951706 -0.3038344 163 120 53
0.359917 -0.2033676 -0.2833415 102 67 31
0.334301 -0.02815364 -0.4913442 174 147 82
0.3465967 -0.06606514 -0.4175699 71 38 22
0.4183217 -0.1275446 -0.3171548 158 111 27
0.345572 -0.02815364 -0.4524078 79 48 26
0.3045863 -0.07836064 -0.4769992 102 63 23
0.2461816 -0.2597226 -0.3181794 95 57 20
0.285118 -0.2289846 -0.3284258 117 55 9
0.3619663 -0.03020314 -0.3294505 114 77 27
0.3701635 -0.03327664 -0.3776088 66 46 28
0.2892166 -0.07528714 -0.5056892 23 9 6
0.2728223 -0.2464026 -0.3243273 127 77 29
0.2748716 -0.1213966 -0.4288409 20 6 1
0.2676991 -0.1162736 -0.4821224 48 20 12
0.2697484 -0.2402546 -0.3284258 111 57 18
0.2502802 -0.06196764 -0.293588 7 3 0
0.270773 -0.09680464 -0.5026153 17 7 6
0.3076602 -0.2197621 -0.2966619 87 42 2
0.4265189 -0.1070516 -0.3110069 174 130 53
0.3476213 -0.1849246 -0.2894894 106 41 1
0.3752867 -0.02507964 -0.4083481 88 72 52
0.3506953 -0.1490616 -0.2782183 6 1 5
0.3691388 -0.02405464 -0.3386723 124 88 31
0.3086849 -0.07631264 -0.3140808 97 50 18
0.2595019 -0.1295936 -0.4657281 48 21 8
0.3752867 -0.1787756 -0.3130562 163 119 42
0.3558185 -0.1849246 -0.3140808 127 66 2
0.2533541 -0.1142236 -0.4185945 11 0 0
0.3834839 -0.1890236 -0.2976865 145 101 46
0.4213957 -0.04864664 -0.2864154 177 138 62
0.4336914 -0.07118964 -0.2823169 170 128 42
0.2871673 -0.09475564 -0.4831471 101 60 26
0.2892166 -0.1039776 -0.4595803 90 52 22
0.3804099 -0.08860764 -0.2956372 87 26 1
0.3261038 -0.08758264 -0.4124466 52 33 20
0.3527445 -0.1982446 -0.3130562 164 115 39
0.362991 -0.2002936 -0.2966619 147 99 31
0.345572 -0.07016364 -0.3499434 82 59 34
0.3373749 -0.1992696 -0.2956372 125 70 28
0.2892166 -0.02200664 -0.5292561 171 139 55
0.3476213 -0.06913964 -0.3642884 97 65 26
0.3445474 -0.07323764 -0.293588 64 36 17
0.3045863 -0.02098114 -0.5200342 165 134 54
0.3701635 -0.1664806 -0.3181794 127 72 7
0.3353256 -0.2125896 -0.3069083 149 102 32
0.4265189 -0.1275446 -0.2792429 152 100 27
0.377336 -0.01995664 -0.397077 68 52 35
0.2482309 -0.09168164 -0.5241328 43 21 15
0.3445474 -0.04044964 -0.454457 106 70 29
0.4019274 -0.1429136 -0.3089576 133 72 13
0.3804099 -0.004586643 -0.3612145 68 49 32
0.3179066 -0.06196764 -0.4759746 88 52 22
0.4295928 -0.09475564 -0.304859 167 118 33
0.3670896 -0.04249864 -0.3960523 80 62 44
0.4275436 -0.06504064 -0.2894894 145 111 52
0.3701635 -0.1439386 -0.2782183 138 97 41
0.3681142 -0.1808256 -0.2792429 147 105 62
0.3742621 -0.1818506 -0.3110069 165 118 37
0.2861427 -0.04454864 -0.5292561 135 102 36
0.3722128 -0.03020314 -0.3161301 112 95 79
0.4285682 -0.05581864 -0.276169 175 141 68
0.4254943 -0.05581864 -0.276169 187 148 62
0.4091 -0.08655864 -0.3058837 149 112 70
0.3722128 -0.02917764 -0.411422 77 58 39
0.3814346 -0.1726286 -0.3161301 162 116 52
0.3004877 -0.2207866 -0.3007605 77 21 0
0.288192 -0.1162736 -0.4380627 28 14 6
0.359917 -0.01688264 -0.440112 76 51 35
0.3701635 -0.02405464 -0.3427709 143 107 40
0.3332763 -0.03839964 -0.486221 147 117 58
0.420371 -0.08450964 -0.307933 167 124 44
0.423445 -0.1183226 -0.3130562 163 115 33
0.2769209 -0.03737564 -0.5333546 158 125 45
0.4254943 -0.1336916 -0.2915387 153 109 38
0.3465967 -0.009710643 -0.471876 156 125 59
0.331227 -0.06401664 -0.4524078 128 91 35
0.285118 -0.1131996 -0.4534324 42 20 5
0.2994631 -0.2115656 -0.3099823 85 36 2
0.3189313 -0.01893164 -0.5108125 164 132 54
0.3220052 -0.2207866 -0.3130562 153 106 37
0.4306175 -0.1070516 -0.3007605 171 122 33
0.3117588 -0.1091006 -0.3950277 6 3 2
0.3681142 -0.02200664 -0.4267917 121 101 77
0.3189313 -0.1931216 -0.2976865 85 27 5
0.2533541 -0.08655864 -0.5241328 20 9 7
0.377336 -0.01483364 -0.3560912 48 25 9
0.3097095 -0.06299164 -0.4974921 84 52 26
0.2912659 -0.07733664 -0.4913442 53 28 13
0.334301 -0.1019276 -0.3294505 160 122 55
0.3189313 -0.1019276 -0.3663377 36 18 6
0.391681 -0.1172976 -0.3110069 138 84 33
0.4172971 -0.05684364 -0.2884647 182 147 78
0.4131985 -0.09168164 -0.3099823 164 130 79
0.2482309 -0.1060266 -0.5169603 61 36 24
0.3179066 -0.2238606 -0.3151055 139 88 30
0.3988535 -0.1695546 -0.290514 135 87 31
0.3937303 -0.1480376 -0.3058837 133 78 23
0.3957796 -0.1695546 -0.2823169 133 85 28
0.3609417 -0.05172064 -0.3991263 94 67 45
0.4101246 -0.08245964 -0.3017851 166 133 92
0.2840934 -0.07528714 -0.5169603 29 15 11
0.3302024 -0.09270564 -0.368387 81 57 33
0.4039767 -0.03942564 -0.2802676 145 101 47
0.348646 -0.07016364 -0.379658 107 75 28
0.4193464 -0.1306186 -0.3099823 150 93 21
0.3496706 -0.1777516 -0.3192041 174 125 54
0.3066356 -0.2238606 -0.2966619 101 40 0
0.3302024 -0.2156636 -0.3007605 142 95 39
0.2953645 -0.09475564 -0.3140808 46 27 15
0.3271284 -0.01483364 -0.4995414 174 145 64
0.2871673 -0.08041064 -0.4995414 33 15 8
0.2912659 -0.09680464 -0.4749499 115 72 32
0.2513048 -0.05786864 -0.3038344 20 11 5
0.302537 -0.2300086 -0.3192041 130 71 15
0.334301 -0.08553364 -0.397077 44 29 17
0.3209806 -0.2177126 -0.3212533 144 90 35
0.3424981 -0.05274514 -0.3202287 119 94 64
0.2533541 -0.1213966 -0.5118371 31 14 9
0.3834839 -0.1859486 -0.2843662 132 92 46
0.348646 -0.05581864 -0.3120315 37 13 3
0.3722128 -0.1193466 -0.290514 95 37 0
0.270773 -0.2341076 -0.3192041 92 38 4
0.3127834 -0.1931216 -0.3171548 132 84 27
0.3250792 -0.07733664 -0.4411367 127 84 30
0.4326668 -0.1080766 -0.2894894 171 125 47
0.3517199 -0.06504064 -0.382732 131 93 39
0.3394242 -0.01688264 -0.486221 166 136 58
0.3527445 -0.06299164 -0.4022002 88 51 26
0.4224203 -0.04762164 -0.2843662 173 129 66
0.3199559 -0.2238606 -0.3120315 149 103 44
0.2625759 -0.1193466 -0.5046646 22 12 11
0.2748716 -0.03737564 -0.5343793 159 124 43
0.362991 -0.1623826 -0.3140808 122 62 7
0.4295928 -0.07221364 -0.290514 181 141 54
0.2943398 -0.1162736 -0.4226931 18 7 1
0.2533541 -0.2484526 -0.3140808 104 47 5
0.3250792 -0.02712964 -0.5026153 171 141 57
0.4172971 -0.1418886 -0.304859 142 87 27
0.3414735 -0.07836064 -0.322278 151 111 69
0.3793853 -0.1859486 -0.2966619 153 107 50
0.3363502 -0.007661143 -0.4892949 178 150 67
0.3506953 -0.05172064 -0.3489187 121 89 44
0.2676991 -0.1162736 -0.4933935 33 16 12
0.2984384 -0.09680464 -0.3202287 22 11 9
0.3640156 -0.04352314 -0.3663377 124 87 31
0.3588924 -0.04967164 -0.3632637 134 95 31
0.4101246 -0.1480376 -0.3140808 160 108 25
0.3015123 -0.1029526 -0.4308902 50 30 11
0.3578678 -0.1306186 -0.2802676 33 5 1
0.2779455 -0.2464026 -0.3099823 123 76 34
0.3711881 -0.1910716 -0.3110069 154 109 30
0.3619663 -0.01790764 -0.4360135 78 60 43
0.3947549 -0.1377906 -0.2997358 124 62 10
0.4029521 -0.1367656 -0.3130562 132 74 17
0.2687237 -0.2464026 -0.3038344 127 84 45
0.3763114 -0.008685643 -0.4185945 69 53 35
0.2513048 -0.1306186 -0.4851964 74 52 31
0.3332763 -0.08450964 -0.3499434 133 107 72
0.4193464 -0.1459876 -0.2843662 130 83 31
0.2799948 -0.1162736 -0.3612145 91 72 54
0.2943398 -0.07323764 -0.5067139 42 29 24
0.3476213 -0.02610464 -0.4524078 74 42 25
0.434716 -0.09578064 -0.2792429 175 133 55
0.3886071 -0.03942564 -0.276169 91 39 5
0.3435227 -0.05889364 -0.3243273 83 60 35
0.2646252 -0.09373164 -0.5128618 37 20 12
0.345572 -0.07323764 -0.3745348 88 63 30
0.3855331 -0.1859486 -0.293588 136 85 24
0.3209806 -0.1931216 -0.2956372 111 59 22
0.3640156 -0.02712964 -0.3212533 121 80 18
0.3670896 -0.04249864 -0.4011756 85 66 47
0.288192 -0.2392306 -0.3007605 118 69 28
0.3609417 -0.05172064 -0.3929784 99 70 42
0.256428 -0.1009036 -0.514911 26 9 7
0.316882 -0.08655864 -0.4370381 107 68 33
0.3281531 -0.05581864 -0.4647035 119 79 33
0.3138081 -0.1050016 -0.3960523 39 28 18
0.2728223 -0.2402546 -0.3253519 127 78 31
0.3558185 -0.05274514 -0.3581405 130 91 26
0.3291777 -0.08553364 -0.2946126 66 26 8
0.3691388 -0.1449636 -0.2894894 125 67 2
0.3394242 -0.2105396 -0.2997358 151 108 49
0.3107341 -0.09373164 -0.3294505 88 62 41
0.4244696 -0.08041064 -0.3017851 153 110 32
0.331227 -0.007661143 -0.4964675 203 175 82
0.3906564 -0.1757026 -0.2987112 134 84 27
0.3107341 -0.1019276 -0.3591652 32 14 4
0.3701635 -0.1634066 -0.3151055 127 69 11
0.3035616 -0.09885464 -0.4442106 72 47 24
0.3558185 -0.04044964 -0.3202287 110 78 41
0.3220052 -0.09475564 -0.4052741 93 71 42
0.3670896 -0.02303064 -0.4288409 52 33 21
0.3947549 -0.1009036 -0.3038344 101 44 15
0.3281531 -0.2115656 -0.3202287 136 79 17
0.3968042 -0.1500866 -0.3110069 127 67 7
0.3804099 -0.009710643 -0.3694116 69 50 32
0.3250792 -0.1931216 -0.3161301 118 57 5
0.3404488 -0.1920966 -0.3202287 127 77 13
0.2994631 -0.06094164 -0.5118371 67 42 27
0.4009028 -0.1634066 -0.3038344 140 90 35
0.3670896 -0.1838996 -0.3161301 157 98 23
0.3220052 -0.09578064 -0.4083481 5 0 0
0.3537692 -0.01073464 -0.4513831 129 96 61
0.2892166 -0.04557264 -0.5282314 137 102 34
0.4295928 -0.1203716 -0.2874401 154 107 34
0.3230299 -0.05274514 -0.486221 78 48 29
0.3834839 -0.1234456 -0.3099823 133 67 5
0.2636005 -0.1224206 -0.4995414 46 34 30
0.4326668 -0.08245964 -0.2751444 167 126 47
0.2769209 -0.2474276 -0.3171548 134 80 29
0.3066356 -0.07118964 -0.4790485 80 47 13
0.3240545 -0.08758264 -0.3448202 31 18 6
0.4101246 -0.1347166 -0.3140808 157 107 31
0.2615512 -0.2443536 -0.3140808 86 32 0
0.377336 -0.1900476 -0.2884647 149 110 60
0.4091 -0.1531606 -0.3130562 159 106 37
0.3834839 -0.1838996 -0.2925633 145 98 40
0.4254943 -0.05274514 -0.2771937 184 146 52
0.2922906 -0.01688264 -0.5272068 162 129 49
0.4162725 -0.1541846 -0.2864154 110 47 13
0.3793853 -0.01585764 -0.3786334 80 62 40
0.3691388 -0.01893164 -0.4267917 101 79 56
0.3076602 -0.1111496 -0.4022002 31 21 20
0.3691388 -0.02507964 -0.3396969 136 102 43
0.3465967 -0.03020314 -0.4513831 92 56 30
0.3435227 -0.05786864 -0.3181794 112 86 55
0.2461816 -0.1306186 -0.4616295 21 7 0
0.4131985 -0.1562336 -0.3038344 129 80 31
0.3240545 -0.06913964 -0.4565063 120 79 32
0.406026 -0.1193466 -0.3161301 138 92 31
0.2810195 -0.08143564 -0.5077385 25 11 8
0.3517199 -0.03225264 -0.4411367 58 31 14
0.434716 -0.08758264 -0.2751444 152 109 34
0.2779455 -0.1162736 -0.4606049 61 40 23
0.3711881 -0.1377906 -0.3110069 118 60 6
0.2574527 -0.2566496 -0.3058837 142 98 46
0.2615512 -0.1224206 -0.4831471 41 23 18
0.2666745 -0.1193466 -0.4944182 37 21 15
0.4316421 -0.1070516 -0.2894894 174 129 45
0.334301 -0.08245964 -0.3263766 49 30 11
0.2533541 -0.1265196 -0.5118371 43 32 27
0.3722128 -0.01790764 -0.4196192 82 64 46
0.316882 -0.06913964 -0.4688021 126 87 37
0.3855331 -0.1685296 -0.3130562 148 101 35
0.3814346 -0.1879976 -0.2987112 146 96 35
0.3004877 -0.05069564 -0.5190096 159 128 53
0.3138081 -0.03635064 -0.5138864 145 113 40
0.3209806 -0.1941466 -0.3017851 97 47 13
0.3742621 -0.02712964 -0.3858059 67 51 36
0.2472062 -0.2566496 -0.3007605 118 79 37
0.2912659 -0.1111496 -0.3550666 48 29 12
0.288192 -0.06299164 -0.5220835 62 44 31
0.348646 -0.05786864 -0.350968 83 57 29
0.2533541 -0.08245964 -0.5282314 19 9 6
0.3015123 -0.1091006 -0.3776088 11 7 6
0.3107341 -0.2228356 -0.3243273 129 73 22
0.434716 -0.07631264 -0.2751444 167 124 40
0.285118 -0.1060266 -0.4626542 85 48 22
0.4019274 -0.08860764 -0.2976865 113 58 17
0.2994631 -0.05991764 -0.5118371 88 54 29
0.423445 -0.1367656 -0.2812922 155 102 22
0.256428 -0.2545996 -0.3161301 133 87 39
0.3506953 -0.1798016 -0.3233026 154 100 28
0.2748716 -0.2341076 -0.3233026 85 33 2
0.2779455 -0.02507964 -0.5343793 146 111 38
0.4275436 -0.05889364 -0.2771937 174 139 59
0.2595019 -0.1244696 -0.4534324 7 2 0
0.3035616 -0.09168164 -0.3007605 44 10 3
0.3086849 -0.1931216 -0.3171548 117 72 16
0.3056109 -0.1111496 -0.3899045 67 57 52
0.3947549 -0.1101246 -0.3028097 121 55 1
0.2543787 -0.1234456 -0.4206438 18 7 5
0.348646 -0.04249864 -0.3233026 47 20 7
0.2922906 -0.1152476 -0.4278163 31 15 5
0.3763114 -0.01073464 -0.3417462 132 94 33
0.3056109 -0.08655864 -0.4667528 123 83 34
0.3578678 -0.03327664 -0.4349888 89 62 41
0.3670896 -0.06299164 -0.2792429 127 78 10
0.2789702 -0.2330816 -0.3274012 118 69 28
0.3250792 -0.05479464 -0.4729006 84 48 17
0.4244696 -0.04659764 -0.276169 166 127 47
0.348646 -0.02200664 -0.457531 56 31 19
0.3701635 -0.03737564 -0.3140808 31 15 11
0.359917 -0.1951706 -0.2843662 138 75 18
0.316882 -0.06299164 -0.4749499 82 54 31
0.4019274 -0.1582836 -0.3130562 95 47 3
0.3086849 -0.2095156 -0.2915387 79 27 0
0.3281531 -0.09168164 -0.3817073 27 15 6
0.3783606 -0.005611643 -0.4103974 55 44 30
0.3732374 -0.1562336 -0.2802676 98 69 31
0.3722128 -0.008685643 -0.425767 80 61 42
0.3506953 -0.03430164 -0.443186 77 48 30
0.359917 -0.05581864 -0.2915387 41 15 6
0.3732374 -0.006635643 -0.304859 105 75 47
0.3558185 -0.02917764 -0.4390874 67 39 22
0.3640156 -0.04249864 -0.4165452 66 47 35
0.3209806 -0.07426264 -0.4534324 125 87 39
0.420371 -0.1429136 -0.2853908 144 94 31
0.3373749 -0.08348464 -0.3028097 7 0 0
0.3650403 -0.1828746 -0.2812922 131 85 36
0.3363502 -0.07528714 -0.4175699 88 52 25
0.270773 -0.09168164 -0.5077385 21 15 12
0.3199559 -0.09475564 -0.3560912 46 31 21
0.3209806 -0.05581864 -0.4831471 84 53 31
0.3066356 -0.09680464 -0.4329395 90 62 31
0.4039767 -0.1531606 -0.3151055 145 94 27
0.3855331 -0.1131996 -0.3007605 102 42 5
0.4254943 -0.06504064 -0.2966619 185 157 94
0.3619663 -0.1992696 -0.3038344 156 107 33
0.3506953 -0.02610464 -0.3069083 60 31 13
0.3845085 -0.1193466 -0.2966619 107 40 0
0.4039767 -0.06811464 -0.2925633 166 131 94
0.345572 -0.04044964 -0.4513831 118 79 37
0.3568431 -0.05479464 -0.4185945 56 25 14
0.3107341 -0.08553364 -0.457531 121 78 28
0.3681142 -0.03020314 -0.3468694 147 109 42
0.3148327 -0.08143564 -0.4524078 123 81 35
0.359917 -0.05376964 -0.4032249 49 25 8
0.302537 -0.1019276 -0.443186 77 52 24
0.334301 -0.08860764 -0.365313 42 24 10
0.2513048 -0.1121746 -0.5138864 33 12 8
0.3814346 -0.009710643 -0.3735102 68 51 34
0.3701635 -0.02815364 -0.350968 151 115 49
0.3220052 -0.1019276 -0.3837566 31 13 3
0.3783606 -0.01175864 -0.3981016 88 71 49
0.3875824 -0.1828746 -0.2966619 132 78 24
0.2789702 -0.1080766 -0.4729006 73 37 17
0.3547938 -0.004586643 -0.4513831 124 89 40
0.2543787 -0.2505016 -0.3017851 140 97 52
0.3670896 -0.1951706 -0.2833415 139 93 41
0.2933152 -0.1019276 -0.3304751 68 52 36
0.3230299 -0.006635643 -0.5015907 179 146 57
0.3681142 -0.04044964 -0.379658 72 47 27
0.3568431 -0.04454864 -0.3161301 102 78 51
0.2687237 -0.1162736 -0.4892949 36 14 8
0.3158574 -0.07631264 -0.4616295 127 87 34
0.3271284 -0.08553364 -0.4155206 41 20 10
0.3302024 -0.08860764 -0.382732 29 13 2
0.3097095 -0.1060266 -0.3642884 23 10 5
0.3496706 -0.2033676 -0.3089576 162 113 36
0.3650403 -0.1961946 -0.3110069 161 110 29
0.3783606 -0.01688264 -0.3909291 95 76 52
0.3711881 -0.1777516 -0.2771937 127 88 46
0.3517199 -0.01278464 -0.4698267 133 108 73
0.316882 -0.1982446 -0.3120315 106 46 9
0.3127834 -0.09065664 -0.4360135 105 74 39
0.3414735 -0.07016364 -0.3243273 86 61 35
0.4029521 -0.06913964 -0.2894894 126 60 8
0.3424981 -0.2084906 -0.2966619 139 90 32
0.2779455 -0.2433296 -0.3038344 131 98 57
0.4244696 -0.1121746 -0.3161301 160 111 30
0.2513048 -0.05376964 -0.3171548 13 6 3
0.270773 -0.07938564 -0.5272068 40 17 7
0.345572 -0.04557264 -0.4524078 109 73 35
0.3435227 -0.07631264 -0.3786334 89 65 36
0.3742621 -0.02610464 -0.3817073 55 42 30
0.3240545 -0.08245964 -0.4308902 85 51 21
0.2902413 -0.1070516 -0.4595803 90 60 35
0.3353256 -0.01995664 -0.4903196 180 151 65
0.3650403 -0.04557264 -0.3028097 66 42 18
0.4254943 -0.1357416 -0.293588 150 103 37
0.4029521 -0.03020314 -0.2751444 137 72 5
0.3117588 -0.09065664 -0.4390874 99 67 35
0.2943398 -0.1080766 -0.3560912 28 15 8
0.3588924 -0.04762164 -0.3550666 130 91 30
0.2943398 -0.1009036 -0.3314998 55 39 27
0.2461816 -0.1388156 -0.4964675 27 16 13
0.345572 -0.07221364 -0.3806827 111 80 38
0.4131985 -0.1562336 -0.3028097 119 62 18
0.3517199 -0.1787756 -0.3161301 112 50 0
0.3363502 -0.02610464 -0.4892949 167 135 57
0.3004877 -0.04762164 -0.5241328 97 67 35
0.2974138 -0.1039776 -0.3489187 79 61 41
0.3302024 -0.2033676 -0.290514 85 39 7
0.3271284 -0.05991764 -0.4626542 118 79 34
0.3281531 -0.09065664 -0.3888798 35 19 10
0.3506953 -0.2074666 -0.2915387 116 78 35
0.359917 -0.2013186 -0.2853908 159 120 64
0.359917 -0.04044964 -0.3181794 72 52 32
0.2769209 -0.03942564 -0.5333546 149 115 45
0.3650403 -0.06401664 -0.290514 47 24 10
0.3220052 -0.08963264 -0.4175699 75 50 26
0.377336 -0.01380864 -0.2966619 79 44 19
0.4091 -0.1490616 -0.3181794 148 95 15
0.3722128 -0.02405464 -0.3499434 127 89 35
0.4265189 -0.04864664 -0.2751444 197 168 98
0.302537 -0.09782914 -0.3437955 62 40 21
0.345572 -0.04762164 -0.3284258 101 72 37
0.2974138 -0.06811464 -0.5077385 28 19 15
0.3732374 -0.02712964 -0.3776088 69 52 36
0.3834839 -0.08245964 -0.2894894 87 23 0
0.334301 -0.07528714 -0.4216684 100 63 32
0.3383995 -0.01380864 -0.486221 161 131 52
0.3414735 -0.07938564 -0.3724855 55 36 18
0.4295928 -0.09168164 -0.3089576 173 127 42
0.2974138 -0.2361566 -0.3181794 133 82 32
0.3363502 -0.08450964 -0.3806827 88 67 40
0.3138081 -0.1091006 -0.3960523 35 25 15
0.3261038 -0.08655864 -0.3468694 107 89 71
0.3681142 -0.03737564 -0.3694116 67 40 22
0.3353256 -0.1029526 -0.3335491 137 95 31
0.4316421 -0.09885464 -0.293588 182 137 52
0.2605266 -0.1244696 -0.4585556 33 18 11
0.3332763 -0.2105396 -0.322278 154 105 39
0.3230299 -0.07221364 -0.4513831 128 88 37
0.273847 -0.2484526 -0.3202287 136 84 26
0.3547938 -0.04967164 -0.4278163 90 59 42
0.3045863 -0.1039776 -0.3581405 33 16 3
0.4183217 -0.1541846 -0.2925633 121 66 24
0.3465967 -0.03942564 -0.4513831 91 59 27
0.2963891 -0.2166886 -0.3274012 125 78 31
0.434716 -0.08758264 -0.2792429 165 121 40
0.3834839 -0.03532664 -0.2751444 124 82 45
0.3506953 -0.06709064 -0.3847813 131 92 34
0.3732374 -0.02405464 -0.3601898 75 50 38
0.3465967 -0.1941466 -0.3233026 168 121 49
0.3763114 -0.1849246 -0.2812922 148 108 63
0.3660649 -0.04352314 -0.4073234 76 58 40
0.4029521 -0.06811464 -0.290514 114 62 22
0.3127834 -0.1029526 -0.4042495 10 2 0
0.3588924 -0.05581864 -0.2987112 39 26 18
0.3998782 -0.08860764 -0.3028097 99 33 3
0.1160518 -0.1562336 -0.01386017 49 27 6
0.09658357 -0.1398406 -0.09788097 41 24 8
0.1478158 -0.06913964 -0.2577254 3 2 0
0.242083 -0.05479464 -0.1644828 5 0 0
0.1314215 -0.08758264 -0.2341586 14 10 5
0.06072104 -0.1490616 -0.04357484 21 11 5
0.1867522 -0.1316426 -0.1030042 60 47 28
0.0648196 -0.09987864 -0.2546515 70 52 36
0.2144176 -0.08860764 -0.2372325 21 5 1
0.0002670403 -0.07836064 -0.233134 101 88 80
0.09863286 -0.08963264 -0.2546515 31 13 2
0.01051348 -0.1470116 -0.02205733 76 49 15
0.2031465 -0.1162736 -0.06611701 66 49 29
0.2041712 -0.1039776 -0.2034193 26 15 10
0.05149925 -0.1408646 -0.1234971 37 13 6
0.02998171 -0.1029526 -0.2536268 36 17 11
-0.01510261 -0.1183226 -0.07328952 38 25 18
-0.01612726 -0.1562336 -0.2659226 59 39 20
0.1693333 -0.09680464 -0.2392818 37 22 15
0.1252736 -0.1172976 -0.1573103 37 29 23
0.1396186 -0.1439386 -0.1101767 42 22 8
0.08633713 -0.1418886 -0.06714166 27 17 11
0.1806044 -0.09885464 -0.2341586 37 20 11
0.1549883 -0.1705796 -0.02513126 58 42 24
0.2021219 -0.1275446 -0.1655075 58 35 10
0.05969639 -0.1490616 -0.04767342 41 30 23
0.1519143 -0.1367656 -0.1193985 21 11 9
0.1929001 -0.1275446 -0.07124024 53 38 22
0.1273229 -0.09987864 -0.2116164 46 28 10
0.1437172 -0.1439386 -0.1091521 47 24 5
0.04227744 -0.1019276 -0.2567008 25 8 0
0.0084642 -0.06401664 -0.2269861 5 4 2
0.2010972 -0.1254956 -0.08763454 30 22 15
0.1078547 -0.1080766 -0.1931729 83 62 34
-0.01100403 -0.1541846 -0.1337435 31 16 9
0.1375693 -0.1705796 -0.02922982 70 54 27
0.1929001 -0.1193466 -0.1798525 46 30 17
0.2000726 -0.1234456 -0.07841273 41 29 19
0.2441323 -0.02200664 -0.20137 4 2 3
0.02793243 -0.1326676 -0.2700211 39 16 7
0.07506604 -0.1101246 -0.20137 22 14 7
0.2308119 -0.07118964 -0.1624335 5 3 1
-0.01510261 -0.1490616 -0.2607993 65 49 34
0.2031465 -0.1213966 -0.04459949 26 13 8
0.1826537 -0.1439386 -0.04357484 46 34 21
0.2185162 -0.09270564 -0.2003454 18 5 2
0.2123683 -0.1111496 -0.0609938 63 46 30
0.1437172 -0.1347166 -0.1316942 11 7 4
0.2021219 -0.1111496 -0.1972714 23 12 7
0.2431076 -0.04147364 -0.187025 3 1 2
0.07199211 -0.1603326 -0.03025447 50 32 18
0.0832632 -0.1050016 -0.2321093 48 29 15
0.2267133 -0.1275446 -0.1142753 16 11 8
0.05969639 -0.1070516 -0.2505529 32 21 18
0.2226148 -0.1131996 -0.02922982 33 14 5
0.2369598 -0.1080766 -0.07124024 40 27 18
0.1437172 -0.1541846 -0.08046203 46 26 12
0.1457665 -0.1326676 -0.1368175 24 16 10
0.1109286 -0.1459876 -0.09480703 70 45 21
0.2113437 -0.1234456 -0.0917331 40 31 27
0.2185162 -0.1336916 -0.1521871 104 72 34
0.02895707 -0.1244696 -0.2638733 36 17 7
0.1478158 -0.1490616 -0.08660989 34 17 7
0.07506604 -0.1091006 -0.23006 28 18 15
0.03305565 -0.1511106 -0.0425502 52 27 12
0.1877769 -0.1367656 -0.1214478 49 36 22
0.04535137 -0.1408646 -0.112226 64 48 33
0.13552 -0.1213966 -0.1501378 15 11 7
0.1498651 -0.1470116 -0.08968382 41 23 8
0.0668689 -0.1398406 -0.1101767 49 26 10
0.2359351 -0.1234456 -0.1880496 44 24 11
0.1754811 -0.1388156 -0.07226487 31 19 14
0.07916462 -0.1408646 -0.1101767 60 34 18
0.1570376 -0.06401664 -0.2648979 4 3 1
0.06174567 -0.1511106 -0.03947627 55 43 31
0.1898262 -0.1367656 -0.1173492 25 17 9
0.1508897 -0.09885464 -0.2198136 33 18 8
0.1293722 -0.09885464 -0.2167397 62 44 22
0.2072451 -0.1644316 -0.03025447 55 27 1
-0.00690547 -0.07221364 -0.2249368 40 30 20
0.02075992 -0.1511106 -0.02820519 77 54 25
0.1693333 -0.07938564 -0.2536268 13 6 3
0.1980233 -0.1336916 -0.1050535 33 26 18
0.1437172 -0.1664806 -0.04664877 46 33 27
0.1652347 -0.1142236 -0.1819018 38 22 12
0.2431076 -0.07118964 -0.1214478 52 42 33
0.04432674 -0.1326676 -0.2105918 57 40 26
0.2308119 -0.1265196 -0.1819018 55 31 10
0.1754811 -0.1582836 -0.0425502 29 17 13
0.07506604 -0.09065664 -0.2659226 59 37 23
0.04022816 -0.1449636 -0.05382129 61 43 25
0.05252388 -0.1439386 -0.1081274 110 91 75
0.1560129 -0.1091006 -0.1941975 37 18 5
0.1416679 -0.08963264 -0.2310847 13 6 3
0.01256276 -0.1418886 -0.1193985 38 23 11
0.08018927 -0.1377906 -0.08558524 75 52 27
0.195974 -0.1685296 -0.02103267 39 20 9
0.1109286 -0.1664806 -0.05689522 67 44 18
0.2400337 -0.01380864 -0.1982961 10 6 5
0.1611361 -0.1398406 -0.1019795 49 31 17
0.2390091 -0.01790764 -0.1941975 2 1 4
0.06584425 -0.1142236 -0.218789 27 16 12
0.1273229 -0.1449636 -0.08353596 43 27 10
0.2021219 -0.1295936 -0.03435305 31 18 9
0.2359351 -0.1347166 -0.02922982 19 4 0
0.09350964 -0.09475564 -0.2485036 39 21 7
0.02793243 -0.1357416 -0.169606 11 0 0
0.1806044 -0.1685296 -0.02000803 36 20 12
0.2349105 -0.1162736 -0.0917331 33 27 20
0.03715423 -0.1511106 -0.03435305 62 42 21
0.03920351 -0.06811464 -0.2700211 6 1 1
0.2072451 -0.1644316 -0.02308197 82 54 23
0.2379844 -0.02098114 -0.1860003 5 2 3
-0.00280689 -0.1388156 -0.1685814 56 29 16
0.1693333 -0.07323764 -0.2597747 10 5 4
0.199048 -0.1623826 -0.0353777 109 89 62
0.1754811 -0.1213966 -0.1655075 74 52 25
0.1775304 -0.1367656 -0.1030042 34 21 12
0.2328612 -0.08758264 -0.1993207 23 7 1
0.1488404 -0.1224206 -0.1501378 7 4 5
0.01153813 -0.1470116 -0.09583168 46 31 23
0.1836783 -0.07118964 -0.2679719 8 4 3
-0.0007575897 -0.1367656 -0.0753388 13 3 2
0.2431076 -0.07016364 -0.1716553 1 0 0
0.1109286 -0.08348464 -0.2495283 26 11 3
0.2410584 -0.06811464 -0.1132506 91 82 77
0.2051958 -0.1316426 -0.1542364 86 61 33
0.08941106 -0.1091006 -0.2044439 50 34 16
0.2359351 -0.1060266 -0.06611701 41 29 15
0.1898262 -0.1285686 -0.04869806 23 11 6
0.1683086 -0.1685296 -0.03127912 97 80 60
0.2236394 -0.03737564 -0.1419407 0 0 1
0.00539027 -0.1439386 -0.04152556 75 49 22
0.10683 -0.09885464 -0.2249368 32 18 11
0.2431076 -0.07323764 -0.1972714 15 2 0
0.1324461 -0.1449636 -0.1050535 55 28 11
-0.00588082 -0.1429136 -0.1480885 67 44 23
0.2390091 -0.007661143 -0.187025 5 3 4
0.1683086 -0.1459876 -0.05791987 21 10 7
0.2062205 -0.1234456 -0.08558524 19 14 11
0.210319 -0.1172976 -0.0773881 42 32 21
0.08736177 -0.1439386 -0.112226 29 17 7
0.2400337 -0.03122764 -0.1593596 5 5 6
0.09248499 -0.08758264 -0.2577254 49 27 10
0.1457665 -0.07221364 -0.2515776 4 3 1
0.2021219 -0.1664806 -0.02205733 61 39 21
0.07609069 -0.1091006 -0.1941975 41 27 15
-0.00178224 -0.1552096 -0.112226 59 42 26
0.03715423 -0.1213966 -0.2208382 114 97 69
0.2195408 -0.1357416 -0.1245217 15 11 6
0.1590868 -0.07836064 -0.2526022 12 5 6
0.167284 -0.1408646 -0.09480703 37 23 12
0.1457665 -0.1634066 -0.05484593 53 33 19
-0.01100403 -0.1572596 -0.1296449 23 9 3
0.1324461 -0.1521361 -0.08046203 25 10 1
0.1980233 -0.09578064 -0.2382572 33 15 7
0.1488404 -0.1726286 -0.02410661 73 49 27
0.2369598 -0.1193466 -0.1962468 72 42 14
0.02075992 -0.1285686 -0.1839511 20 13 9
0.1416679 -0.09680464 -0.2167397 23 13 7
0.138594 -0.1101246 -0.1788278 42 20 3
0.1099039 -0.1224206 -0.1624335 15 11 9
0.2287626 -0.1224206 -0.1060781 16 11 9
0.1273229 -0.1183226 -0.1593596 10 2 0
0.2318366 -0.1398406 -0.140916 111 85 55
0.1795797 -0.1367656 -0.09993026 49 34 19
0.2195408 -0.1091006 -0.06816631 15 10 6
0.1457665 -0.1172976 -0.1573103 31 26 18
0.1150272 -0.1459876 -0.1204231 53 42 30
0.1590868 -0.1439386 -0.0917331 53 36 18
0.2349105 -0.1398406 -0.1306696 25 17 8
0.1580622 -0.1490616 -0.0773881 25 10 6
0.1570376 -0.1326676 -0.126571 14 10 6
0.2287626 -0.08245964 -0.2700211 13 3 5
0.2287626 -0.07118964 -0.1593596 15 10 5
-0.0007575897 -0.1470116 -0.1337435 24 10 6
0.01768599 -0.1439386 -0.1152999 22 13 11
0.1078547 -0.1408646 -0.1347682 65 47 29
0.0084642 -0.1500866 -0.02308197 83 55 23
0.167284 -0.06504064 -0.2730951 5 4 2
0.01153813 -0.1480376 -0.02308197 27 13 0
0.05559781 -0.1050016 -0.2567008 33 22 19
0.1539636 -0.09168164 -0.2362079 26 12 6
-0.01510261 -0.1398406 -0.1644828 27 18 11
0.01768599 -0.1388156 -0.1030042 32 18 15
0.1724072 -0.1695546 -0.01795874 50 33 20
0.01051348 -0.1459876 -0.02718054 105 78 49
-0.00588082 -0.1388156 -0.1716553 39 22 11
0.00334097 -0.1490616 -0.1081274 63 44 27
0.1508897 -0.1367656 -0.1183739 26 14 7
0.2195408 -0.1254956 -0.1808771 75 45 19
-0.0007575897 -0.1388156 -0.04152556 62 47 24
0.02383385 -0.05376964 -0.2259615 16 13 11
0.02690778 -0.1295936 -0.261824 36 10 0
0.02793243 -0.03532664 -0.2567008 18 11 7
0.1191257 -0.1695546 -0.0333284 47 34 19
0.01153813 -0.08041064 -0.218789 15 7 1
0.1406433 -0.1418886 -0.1152999 44 25 13
0.00129169 -0.1449636 -0.06304308 42 28 15
0.1775304 -0.1234456 -0.1562857 60 43 26
0.1683086 -0.1275446 -0.1439899 16 8 5
0.2441323 -0.09270564 -0.1573103 60 44 27
0.2318366 -0.1347166 -0.1573103 77 49 18
0.0668689 -0.1142236 -0.2228875 26 15 12
0.05662246 -0.1459876 -0.02820519 77 49 22
0.2369598 -0.1470116 -0.01590947 31 8 0
0.1549883 -0.1070516 -0.2034193 47 28 18
0.2062205 -0.1254956 -0.0937824 28 21 16
0.00436562 -0.1480376 -0.01283554 103 72 34
0.1283475 -0.1152476 -0.1624335 55 47 37
0.1099039 -0.07118964 -0.2710458 28 13 6
0.1908508 -0.1603326 -0.03742698 87 58 23
0.124249 -0.1101246 -0.1849757 67 46 22
0.1303968 -0.1009036 -0.2044439 59 33 13
0.02588314 -0.1131996 -0.2638733 71 40 11
0.1785551 -0.1388156 -0.08353596 46 28 13
0.13552 -0.08860764 -0.233134 15 10 7
0.01051348 -0.1429136 -0.1296449 24 13 9
0.09760821 -0.1634066 -0.0353777 30 21 13
0.01666134 -0.1398406 -0.08251131 31 16 9
0.1918755 -0.1234456 -0.1665321 51 30 12
0.02793243 -0.1367656 -0.2382572 99 56 13
0.00948883 -0.1418886 -0.04664877 94 67 32
0.05969639 -0.1388156 -0.1173492 64 39 18
0.04125281 -0.1398406 -0.09788097 66 49 33
0.2349105 -0.1408646 -0.1347682 51 42 32
0.1929001 -0.1367656 -0.1224724 20 12 10
0.1129779 -0.1449636 -0.09993026 68 42 19
0.1396186 -0.1377906 -0.1234971 20 12 9
0.02485851 -0.1367656 -0.09685633 40 22 15
0.01768599 -0.1377906 -0.1655075 18 9 4
0.2390091 -0.1172976 -0.1019795 34 27 21
0.05662246 -0.1500866 -0.02922982 75 54 24
0.06789355 -0.1552096 -0.01590947 49 36 18
0.227738 -0.08553364 -0.2679719 11 0 1
0.1273229 -0.1705796 -0.0333284 73 53 32
0.2062205 -0.1183226 -0.1900989 33 16 6
0.1908508 -0.1070516 -0.2023947 24 10 7
0.1252736 -0.1736526 -0.02103267 111 85 54
0.2113437 -0.1326676 -0.1521871 95 72 40
0.00743955 -0.1439386 -0.05382129 67 49 30
0.1601115 -0.1521361 -0.06201843 25 11 6
0.2369598 -0.09680464 -0.1460392 101 79 57
0.1406433 -0.1357416 -0.1286203 17 11 6
-0.00280689 -0.05786864 -0.2116164 18 11 5
0.1396186 -0.1080766 -0.1890743 81 51 21
0.08428784 -0.1357416 -0.1419407 18 11 6
0.08018927 -0.1060266 -0.1921482 62 43 24
0.00231634 -0.07016364 -0.2269861 7 3 0
0.0504746 -0.1152476 -0.2310847 38 23 21
0.02895707 -0.1377906 -0.09788097 114 91 62
-0.00895475 -0.06299164 -0.2228875 18 13 11
0.01358741 -0.1377906 -0.1716553 28 16 10
0.00436562 -0.1050016 -0.2720704 55 34 14
0.2072451 -0.1275446 -0.0353777 50 31 18
0.01051348 -0.1500866 -0.01590947 97 65 29
0.2318366 -0.05274514 -0.1306696 3 1 5
0.04637602 -0.1398406 -0.06919094 81 63 43
0.1437172 -0.1203716 -0.1521871 27 20 12
0.03100636 -0.1347166 -0.2515776 55 35 16
0.2000726 -0.1172976 -0.0609938 57 43 27
0.242083 -0.06811464 -0.1675568 5 0 0
0.07813997 -0.1531606 -0.03127912 40 28 16
0.09555893 -0.1121746 -0.2054686 63 44 18
-0.00485617 -0.1459876 -0.1398914 36 15 6
0.2328612 -0.07631264 -0.2679719 10 4 4
0.2410584 -0.03430164 -0.1839511 6 1 3
0.01666134 -0.1418886 -0.08968382 31 20 9
0.05969639 -0.1367656 -0.126571 42 23 11
0.1693333 -0.1388156 -0.09993026 45 30 15
0.2410584 -0.02200664 -0.1941975 5 2 5
0.2369598 -0.04147364 -0.1819018 2 0 3
0.1027314 -0.1634066 -0.051772 44 26 10
0.2359351 -0.06094164 -0.1747293 0 0 0
0.06789355 -0.1398406 -0.01283554 41 27 16
0.07199211 -0.1408646 -0.01386017 37 23 13
-0.00690547 -0.1480376 -0.02615589 90 65 37
0.1898262 -0.1285686 -0.1521871 59 40 17
0.1806044 -0.1593076 -0.03947627 22 13 11
0.2369598 -0.1418886 -0.02410661 27 5 0
0.02793243 -0.1377906 -0.1644828 21 11 5
0.1549883 -0.1183226 -0.1634582 65 47 27
0.2431076 -0.06913964 -0.1982961 72 55 33
0.08018927 -0.1429136 -0.01590947 62 44 30
0.1283475 -0.1716036 -0.03025447 40 27 17
0.1683086 -0.1111496 -0.1921482 32 19 12
-0.00588082 -0.1480376 -0.1347682 31 12 5
0.2369598 -0.08143564 -0.1603843 30 13 5
0.04432674 -0.1193466 -0.2413311 39 23 16
0.02075992 -0.02200664 -0.2648979 6 5 11
0.1652347 -0.08450964 -0.2485036 15 5 3
0.1590868 -0.1367656 -0.1183739 21 11 7
0.199048 -0.1552096 -0.03947627 104 79 49
0.032031 -0.1367656 -0.1214478 107 67 35
0.02178457 -0.1449636 -0.04459949 80 52 23
0.06174567 -0.1060266 -0.2464543 27 15 15
0.01461206 -0.1449636 -0.03230376 73 49 23
0.1344954 -0.06913964 -0.2526022 6 5 3
0.1836783 -0.1695546 -0.0169341 38 21 11
0.02998171 -0.1398406 -0.112226 21 5 0
0.1908508 -0.1357416 -0.126571 25 16 15
0.1601115 -0.1572596 -0.04869806 57 40 24
0.2123683 -0.09578064 -0.01590947 13 0 0
0.2359351 -0.07118964 -0.2730951 11 5 5
-0.01305333 -0.1623826 -0.2700211 111 87 54
0.2390091 -0.1234456 -0.1101767 30 20 15
0.2092944 -0.1613576 -0.02513126 82 52 24
0.06891818 -0.1521361 -0.04152556 27 15 10
0.02793243 -0.1480376 -0.0169341 42 23 10
0.2174915 -0.1347166 -0.02922982 28 9 0
0.1416679 -0.1347166 -0.1347682 26 19 12
0.2359351 -0.1029526 -0.05791987 57 37 20
0.1017068 -0.08143564 -0.2587501 37 20 10
0.1949494 -0.09680464 -0.2423558 30 15 11
0.2144176 -0.1213966 -0.03127912 101 81 62
0.1478158 -0.1152476 -0.1634582 16 11 6
0.2256887 -0.09680464 -0.1491132 92 74 50
0.03510494 -0.1388156 -0.1050535 52 33 18
0.1744565 -0.09987864 -0.233134 34 18 9
0.04740067 -0.1213966 -0.2003454 104 83 62
0.2082698 -0.1050016 -0.2003454 23 9 6
0.0648196 -0.1439386 -0.04459949 31 15 7
0.2236394 -0.1336916 -0.1562857 80 47 13
0.01358741 -0.1418886 -0.05996915 47 35 24
0.04125281 -0.1490616 -0.04562413 50 37 25
0.1939247 -0.09270564 -0.2290354 23 10 6
0.1047807 -0.1644316 -0.02308197 52 39 25
0.03510494 -0.07528714 -0.2720704 4 0 1
-0.00485617 -0.1582836 -0.1101767 27 11 2
0.08428784 -0.1418886 -0.1019795 42 24 14
0.02280921 -0.1398406 -0.155261 27 13 5
0.02895707 -0.1470116 -0.01386017 51 26 6
0.1969987 -0.1203716 -0.051772 16 6 5
0.2215901 -0.1172976 -0.04357484 41 16 5
0.1590868 -0.09782914 -0.2146904 39 23 10
0.01153813 -0.03942564 -0.2177643 33 23 20
0.1898262 -0.09885464 -0.2403065 35 16 10
0.242083 -0.03430164 -0.1890743 2 1 4
-0.01510261 -0.07221364 -0.2290354 27 18 13
-0.00280689 -0.1439386 -0.03435305 60 43 27
0.2441323 -0.05786864 -0.1593596 7 3 0
0.2226148 -0.03532664 -0.1378421 5 3 1
0.1273229 -0.07426264 -0.2495283 7 3 2
0.02998171 -0.08963264 -0.2515776 80 53 30
0.00641491 -0.1449636 -0.1316942 25 14 10
0.032031 -0.1459876 -0.0589445 21 14 14
0.1232243 -0.1121746 -0.1798525 55 38 20
0.2144176 -0.1316426 -0.1183739 16 11 8
0.1888015 -0.1623826 -0.0333284 50 33 19
0.0668689 -0.1019276 -0.2495283 53 37 24
0.242083 -0.1101246 -0.09070847 19 14 11
0.2082698 -0.1244696 -0.03742698 52 33 16
0.152939 -0.1101246 -0.1921482 34 18 10
0.1908508 -0.1295936 -0.06919094 37 23 15
0.04125281 -0.1377906 -0.08968382 61 43 22
0.03920351 -0.1224206 -0.2249368 66 45 21
0.1426925 -0.1275446 -0.1439899 15 9 6
0.2215901 -0.1091006 -0.0189834 24 5 1
0.1314215 -0.1162736 -0.1562857 16 12 9
0.2369598 -0.1080766 -0.07124024 44 37 26
0.06584425 -0.1142236 -0.2136657 34 16 5
0.2410584 -0.1080766 -0.07226487 14 10 6
0.2246641 -0.05889364 -0.140916 10 5 5
-0.00280689 -0.1480376 -0.02308197 97 59 15
0.2369598 -0.03225264 -0.169606 5 2 5
0.01871064 -0.1511106 -0.01795874 65 39 14
0.04944995 -0.1459876 -0.02513126 85 59 24
-0.00280689 -0.05376964 -0.2126411 18 10 9
0.2000726 -0.1244696 -0.1737046 71 46 22
0.032031 -0.1388156 -0.09890561 50 34 21
0.2123683 -0.1111496 -0.06304308 69 52 37
0.1109286 -0.1172976 -0.169606 9 3 0
0.1324461 -0.1244696 -0.1480885 22 16 12
0.2308119 -0.08041064 -0.2464543 15 3 1
0.13552 -0.1254956 -0.1450146 16 7 5
0.07916462 -0.1388156 -0.1286203 37 21 8
0.10683 -0.1019276 -0.2105918 46 29 10
0.03817887 -0.1521361 -0.03435305 35 24 17
0.1888015 -0.1111496 -0.1962468 24 13 9
0.2441323 -0.006635643 -0.2075179 5 4 2
0.07916462 -0.1398406 -0.09583168 48 30 18
0.2379844 -0.01175864 -0.1819018 6 4 5
0.1017068 -0.1039776 -0.2105918 46 23 10
-0.00588082 -0.1572596 -0.1193985 24 10 2
0.04535137 -0.1111496 -0.2638733 17 6 4
0.1416679 -0.1060266 -0.1982961 80 55 21
0.1344954 -0.1746781 -0.02103267 67 49 32
-0.01510261 -0.1224206 -0.0609938 59 44 31
0.07916462 -0.09373164 -0.2546515 51 29 15
0.2082698 -0.1265196 -0.1737046 79 52 26
0.1918755 -0.07733664 -0.2689965 31 23 16
0.1601115 -0.09168164 -0.2403065 30 16 10
0.2185162 -0.1183226 -0.04459949 54 30 21
0.199048 -0.1285686 -0.1603843 80 53 21
0.08633713 -0.1429136 -0.1152999 39 23 10
0.2236394 -0.08655864 -0.2146904 37 27 16
0.08941106 -0.1050016 -0.2290354 62 44 28
0.2308119 -0.07938564 -0.2659226 14 4 5
0.06891818 -0.1470116 -0.03230376 95 79 62
-0.00588082 -0.1459876 -0.0333284 78 58 34
0.2000726 -0.1326676 -0.03230376 21 9 4
0.1611361 -0.1418886 -0.09685633 44 28 15
0.08838642 -0.1347166 -0.1439899 33 28 23
0.1293722 -0.06606514 -0.2597747 6 3 2
0.1560129 -0.06709064 -0.2628486 5 4 2
0.1642101 -0.09373164 -0.2392818 29 14 8
0.1467911 -0.1111496 -0.1808771 54 39 20
0.06174567 -0.1459876 -0.0589445 78 46 18
0.213393 -0.1275446 -0.03025447 36 17 2
0.1785551 -0.1367656 -0.1009549 70 54 36
0.2441323 -0.07733664 -0.1706307 15 5 2
0.1519143 -0.08963264 -0.2362079 19 7 1
0.0996575 -0.1080766 -0.1972714 71 47 20
0.1017068 -0.1050016 -0.2054686 62 40 20
0.138594 -0.1121746 -0.169606 39 24 10
0.1795797 -0.1654556 -0.02513126 32 19 10
0.1631854 -0.1470116 -0.07328952 32 22 17
0.08428784 -0.1377906 -0.07431417 59 44 29
0.05559781 -0.1388156 -0.1204231 54 30 14
0.1836783 -0.09885464 -0.2382572 28 12 5
0.1949494 -0.1418886 -0.04050091 30 17 6
0.08223855 -0.1603326 -0.02000803 24 15 11
0.1631854 -0.1275446 -0.1347682 13 5 1
0.06277032 -0.1408646 -0.01795874 75 52 28
0.2308119 -0.1111496 -0.0773881 34 25 21
0.1027314 -0.1398406 -0.1398914 40 22 10
0.02998171 -0.1439386 -0.07226487 78 65 51
-0.00178224 -0.1439386 -0.04664877 60 47 30
0.1232243 -0.1490616 -0.07328952 66 44 26
0.07199211 -0.1541846 -0.0169341 112 84 49
0.2349105 -0.1357416 -0.1521871 105 79 43
0.09146035 -0.07938564 -0.2679719 25 7 1
0.0904357 -0.1470116 -0.01590947 50 30 16
-0.01100403 -0.1500866 -0.1306696 18 9 5
0.2256887 -0.1070516 -0.04050091 79 47 26
0.06789355 -0.1521361 -0.0353777 66 47 24
0.02178457 -0.08450964 -0.2730951 1 0 0
0.1119532 -0.1060266 -0.1962468 69 51 26
0.09350964 -0.1552096 -0.05689522 28 15 11
0.00129169 -0.1398406 -0.1685814 42 21 6
0.07404141 -0.1357416 -0.1316942 23 10 5
0.1232243 -0.09475564 -0.2208382 48 31 17
0.2359351 -0.007661143 -0.1829264 11 7 6
0.01871064 -0.1449636 -0.04459949 112 84 47
0.1447418 -0.1142236 -0.1665321 26 13 5
0.1662594 -0.09782914 -0.2362079 33 18 10
0.1396186 -0.08963264 -0.2310847 14 7 4
0.0002670403 -0.04967164 -0.2167397 23 13 13
0.2328612 -0.1213966 -0.09583168 70 60 49
0.2256887 -0.04147364 -0.1296449 1 1 3
0.1785551 -0.07221364 -0.2597747 8 4 3
0.1877769 -0.1347166 -0.04357484 47 26 7
0.1437172 -0.1111496 -0.1747293 51 32 12
0.1406433 -0.1644316 -0.05689522 45 30 19
0.04227744 -0.1080766 -0.2689965 29 16 8
0.2256887 -0.05479464 -0.140916 11 6 5
0.1017068 -0.1449636 -0.06919094 65 50 35
0.2256887 -0.1408646 -0.1337435 16 11 8
0.1560129 -0.1131996 -0.1798525 56 38 21
0.1437172 -0.1480376 -0.0937824 57 33 9
-0.01510261 -0.1511106 -0.1398914 33 15 9
0.1027314 -0.1408646 -0.09993026 39 22 3
-0.01100403 -0.1480376 -0.01590947 98 65 24
0.01256276 -0.05786864 -0.2372325 7 3 2
0.1498651 -0.1685296 -0.03230376 43 31 23
0.1006821 -0.1275446 -0.158335 21 13 6
0.1703579 -0.09168164 -0.2454297 27 16 9
0.07916462 -0.1060266 -0.233134 39 26 16
0.1580622 -0.1623826 -0.04050091 34 23 14
0.1324461 -0.1357416 -0.1398914 49 40 35
0.2297873 -0.1490616 -0.01386017 23 5 0
0.1406433 -0.1757026 -0.0189834 94 74 43
0.02998171 -0.07528714 -0.23006 94 78 55
0.04637602 -0.09168164 -0.2464543 41 21 5
0.06379497 -0.1050016 -0.2454297 36 22 16
0.01768599 -0.1470116 -0.0169341 54 37 22
0.1908508 -0.1316426 -0.04767342 18 7 5
0.0648196 -0.1531606 -0.03127912 106 79 36
0.01666134 -0.1193466 -0.2587501 117 78 44
0.1662594 -0.1418886 -0.08558524 27 13 2
0.1877769 -0.1357416 -0.08968382 59 42 26
0.1396186 -0.1336916 -0.1378421 30 22 17
0.1775304 -0.1377906 -0.05996915 52 27 9
0.2861427 -0.05479464 -0.05996915 46 30 16
0.2994631 -0.1244696 -0.1378421 117 92 57
0.2769209 -0.06196764 -0.1849757 23 15 11
0.3752867 -0.02815364 -0.02308197 180 146 69
0.2974138 -0.03839964 -0.07943738 44 31 23
0.3640156 -0.04352314 -0.2700211 114 65 31
0.359917 -0.06606514 -0.1829264 72 42 24
0.3271284 -0.04659764 -0.1941975 50 27 16
0.377336 -0.07323764 -0.05689522 114 67 18
0.2615512 -0.07733664 -0.2085425 14 2 0
0.3681142 -0.02610464 -0.03025447 130 92 36
0.4213957 -0.03942564 -0.2730951 208 171 75
0.2820441 -0.07323764 -0.0753388 31 19 9
0.4172971 -0.03839964 -0.2515776 163 120 47
0.3927057 -0.01073464 -0.2075179 135 101 54
0.2789702 -0.2146386 -0.02103267 92 45 9
0.391681 -0.008685643 -0.2064932 162 116 37
0.2717977 -0.1183226 -0.2064932 44 16 3
0.2482309 -0.1377906 -0.1655075 78 47 21
0.362991 -0.09168164 -0.1900989 156 118 42
0.3886071 -0.04147364 -0.2126411 146 105 29
0.2697484 -0.06709064 -0.2146904 61 37 24
0.3722128 -0.04659764 -0.1921482 110 76 44
0.3527445 -0.006635643 -0.2085425 78 36 8
0.3465967 -0.05991764 -0.2515776 41 16 10
0.2830688 -0.2105396 -0.02205733 102 51 13
0.3660649 -0.1787756 -0.03845163 124 78 39
0.3148327 -0.008685643 -0.2146904 70 47 32
0.3086849 -0.1951706 -0.04767342 99 54 18
0.3865578 -0.07528714 -0.04562413 170 131 51
0.3107341 -0.05889364 -0.05279664 125 88 42
0.3834839 -0.05684364 -0.0353777 208 168 80
0.3527445 -0.1121746 -0.20137 120 88 49
0.3066356 -0.02303064 -0.1142753 27 13 5
0.3845085 -0.1480376 -0.06304308 162 116 38
0.3127834 -0.2074666 -0.04459949 111 63 18
0.3506953 -0.01995664 -0.02820519 105 67 36
0.3568431 -0.1777516 -0.0169341 140 98 41
0.2502802 -0.1111496 -0.1112013 26 21 18
0.3097095 -0.1050016 -0.2372325 41 15 5
0.4080753 -0.01073464 -0.2720704 147 106 42
0.4172971 -0.03532664 -0.2485036 155 109 35
0.2974138 -0.03942564 -0.04869806 49 33 23
0.420371 -0.1050016 -0.2536268 141 95 42
0.3998782 -0.07118964 -0.2198136 49 31 18
0.3752867 -0.04557264 -0.1900989 135 108 62
0.2963891 -0.01175864 -0.06509236 54 41 26
0.3496706 -0.01175864 -0.02513126 101 56 22
0.2922906 -0.05376964 -0.1941975 18 5 0
0.3978289 -0.004586643 -0.2095672 158 118 57
0.2861427 -0.2259106 -0.01283554 122 70 36
0.3752867 -0.07528714 -0.2034193 147 109 32
0.2513048 -0.1316426 -0.02308197 28 1 0
0.3732374 -0.1224206 -0.0773881 157 114 63
0.3056109 -0.2218116 -0.01795874 147 102 46
0.3711881 -0.04352314 -0.1911236 80 48 28
0.3189313 -0.1029526 -0.2515776 48 16 3
0.3056109 -0.07016364 -0.03025447 26 3 0
0.3271284 -0.1234456 -0.2085425 72 37 9
0.4265189 -0.1142236 -0.2577254 158 106 34
0.3476213 -0.09987864 -0.06201843 138 99 60
0.3506953 -0.1111496 -0.187025 156 122 49
0.3783606 -0.07938564 -0.05791987 127 78 21
0.331227 -0.1275446 -0.05587057 108 65 33
0.3937303 -0.1091006 -0.2505529 151 98 31
0.2769209 -0.1111496 -0.1675568 39 23 10
0.3875824 -0.06606514 -0.2587501 105 67 36
0.3588924 -0.08450964 -0.06406773 132 99 59
0.2513048 -0.1459876 -0.02308197 59 24 5
0.3558185 -0.1931216 -0.03127912 120 62 24
0.3127834 -0.04659764 -0.233134 62 27 6
0.3353256 -0.04147364 -0.1931729 75 47 31
0.4306175 -0.1070516 -0.2679719 185 140 46
0.3681142 -0.02303064 -0.1952221 115 82 49
0.3927057 -0.02712964 -0.2064932 174 137 50
0.2543787 -0.1009036 -0.0609938 33 18 5
0.3220052 -0.09680464 -0.158335 49 31 20
0.3281531 -0.01688264 -0.02410661 136 105 64
0.3076602 -0.01278464 -0.2116164 47 18 2
0.4080753 -0.003562643 -0.2259615 157 110 55
0.3076602 -0.1398406 -0.1439899 147 107 59
0.3086849 -0.1336916 -0.1716553 127 95 42
0.3220052 -0.09065664 -0.0425502 147 111 59
0.3496706 -0.1152476 -0.06919094 118 82 49
0.3117588 -0.08245964 -0.03640233 31 13 7
0.3691388 -0.1675056 -0.08660989 140 91 33
0.3035616 -0.03122764 -0.09480703 94 78 62
0.3732374 -0.04352314 -0.03742698 160 124 60
0.377336 -0.02303064 -0.01795874 184 155 80
0.3302024 -0.1050016 -0.2413311 57 18 5
0.3363502 -0.1336916 -0.2310847 176 153 95
0.3035616 -0.005611643 -0.08148666 104 75 34
0.3855331 -0.05684364 -0.02615589 151 120 59
0.3875824 -0.04147364 -0.2085425 181 150 67
0.3261038 -0.1828746 -0.05074735 95 47 16
0.3896317 -0.1131996 -0.07124024 174 134 48
0.391681 -0.09475564 -0.04562413 181 141 55
0.3189313 -0.07528714 -0.03947627 158 127 69
0.4162725 -0.01688264 -0.2659226 196 163 75
0.4275436 -0.1060266 -0.2628486 160 120 54
0.2974138 -0.02712964 -0.01283554 66 51 33
0.3691388 -0.1070516 -0.0753388 148 115 75
0.3476213 -0.1050016 -0.247479 149 111 44
0.3097095 -0.1336916 -0.1931729 119 77 26
0.3814346 -0.07016364 -0.05279664 176 144 64
0.3855331 -0.07118964 -0.01590947 172 129 43
0.3691388 -0.1664806 -0.08046203 145 91 26
0.3896317 -0.09885464 -0.05484593 173 133 49
0.4275436 -0.08450964 -0.2567008 168 127 37
0.3814346 -0.04352314 -0.1972714 176 141 61
0.3158574 -0.1121746 -0.04562413 46 18 5
0.3742621 -0.07528714 -0.1952221 171 135 54
0.3763114 -0.05274514 -0.03947627 153 117 54
0.302537 -0.1244696 -0.2075179 53 29 11
0.3701635 -0.05274514 -0.187025 107 70 33
0.3896317 -0.09065664 -0.02000803 166 128 54
0.3824592 -0.1511106 -0.07226487 142 99 29
0.3506953 -0.1798016 -0.07021559 124 69 22
0.3875824 -0.08245964 -0.02103267 171 134 58
0.3578678 -0.1869736 -0.02922982 120 71 30
0.3383995 -0.09270564 -0.2700211 67 27 8
0.3568431 -0.06401664 -0.04869806 113 66 33
0.2943398 -0.04659764 -0.1911236 30 10 0
0.3732374 -0.1552096 -0.02410661 138 90 31
0.3414735 -0.1162736 -0.1685814 125 94 53
0.3845085 -0.07733664 -0.05689522 160 123 52
0.3824592 -0.08450964 -0.06304308 144 107 44
0.2636005 -0.1111496 -0.1501378 63 41 18
0.2625759 -0.2197621 -0.01283554 128 85 46
0.3189313 -0.04044964 -0.1952221 18 0 0
0.4162725 -0.007661143 -0.2628486 184 148 66
0.3353256 -0.03122764 -0.03025447 138 102 53
0.3670896 -0.07323764 -0.1860003 149 112 50
0.2820441 -0.2269346 -0.01590947 122 72 31
0.2994631 -0.2269346 -0.02718054 133 88 44
0.3722128 -0.06504064 -0.187025 172 139 64
0.2861427 -0.1429136 -0.1450146 91 65 32
0.3834839 -0.01175864 -0.2044439 126 86 34
0.4050014 -0.01380864 -0.2249368 143 101 42
0.331227 -0.07733664 -0.169606 31 11 6
0.2728223 -0.1234456 -0.2023947 38 16 4
0.3609417 -0.03942564 -0.0353777 108 57 17
0.3220052 -0.01278464 -0.2136657 75 49 28
0.3496706 -0.006635643 -0.02205733 103 62 27
0.3148327 -0.1285686 -0.2003454 76 39 2
0.3763114 -0.02815364 -0.0189834 191 157 76
0.4121739 -0.1531606 -0.2638733 130 72 22
0.4172971 -0.1398406 -0.2679719 143 86 24
0.2933152 -0.04659764 -0.1142753 40 33 33
0.3476213 -0.1101246 -0.1757539 140 106 47
0.3814346 -0.04762164 -0.1982961 189 155 70
0.3845085 -0.06709064 -0.01590947 178 142 64
0.3896317 -0.09065664 -0.0589445 185 145 57
0.3517199 -0.1121746 -0.2095672 44 30 15
0.3445474 -0.1982446 -0.0609938 117 62 16
0.3670896 -0.01483364 -0.1993207 148 118 47
0.3978289 -0.02098114 -0.2085425 172 133 51
0.4029521 -0.08245964 -0.2536268 44 11 3
0.4244696 -0.04659764 -0.2556761 182 142 57
0.3906564 -0.09270564 -0.05484593 198 160 68
0.3906564 -0.1050016 -0.06714166 184 146 61
0.3373749 -0.07118964 -0.04152556 138 103 61
0.3506953 -0.1920966 -0.02615589 113 62 20
0.4050014 -0.1347166 -0.2597747 99 47 11
0.2963891 -0.04659764 -0.1931729 18 0 0
0.377336 -0.03839964 -0.02615589 174 136 56
0.4213957 -0.09987864 -0.2526022 157 114 31
0.3722128 -0.05786864 -0.1860003 124 88 43
0.4244696 -0.03327664 -0.2567008 177 147 72
0.3681142 -0.1634066 -0.02103267 141 96 33
0.4254943 -0.06299164 -0.2454297 185 141 55
0.2646252 -0.09065664 -0.07431417 39 28 17
0.2892166 -0.08348464 -0.2198136 44 23 12
0.331227 -0.02507964 -0.2054686 44 12 4
0.2984384 -0.06504064 -0.2239122 62 34 17
0.3537692 -0.05172064 -0.03947627 118 83 52
0.3783606 -0.04352314 -0.02615589 202 164 75
0.3465967 -0.1152476 -0.1860003 164 132 57
0.3056109 -0.1408646 -0.1532117 113 84 52
0.3476213 -0.1429136 -0.0773881 82 23 0
0.3927057 -0.02098114 -0.2023947 163 121 46
0.3793853 -0.07528714 -0.2105918 77 52 23
0.3506953 -0.1859486 -0.06611701 121 74 24
0.2902413 -0.04044964 -0.02410661 117 80 39
0.377336 -0.1234456 -0.07943738 164 118 37
0.3701635 -0.1572596 -0.0169341 121 72 30
0.2666745 -0.07836064 -0.051772 53 34 18
0.3035616 -0.2002936 -0.04152556 108 46 9
0.3845085 -0.1183226 -0.07021559 143 101 37
0.3158574 -0.1326676 -0.1808771 145 110 45
0.3506953 -0.06709064 -0.04767342 89 45 15
0.3506953 -0.09270564 -0.1716553 171 130 67
0.3302024 -0.08860764 -0.1644828 78 60 41
0.2861427 -0.06299164 -0.051772 98 74 49
0.3558185 -0.08860764 -0.2259615 49 31 15
0.2861427 -0.05786864 -0.0773881 20 11 3
0.2943398 -0.1408646 -0.169606 95 63 26
0.3015123 -0.07016364 -0.2239122 59 33 18
0.2963891 -0.1429136 -0.1614089 74 48 23
0.3742621 -0.02610464 -0.1972714 73 26 7
0.3506953 -0.03737564 -0.1962468 47 18 11
0.3886071 -0.09168164 -0.05484593 161 121 42
0.3158574 -0.2033676 -0.04152556 116 73 22
0.3076602 -0.1879976 -0.05279664 120 78 35
0.3281531 -0.1265196 -0.187025 147 113 45
0.377336 -0.05172064 -0.1911236 171 138 70
0.3752867 -0.1654556 -0.06406773 156 111 43
0.2697484 -0.06913964 -0.2105918 36 18 10
0.2912659 -0.05069564 -0.2259615 82 55 28
0.2789702 -0.1244696 -0.1255464 11 6 5
0.3763114 -0.03635064 -0.03025447 162 126 59
0.2646252 -0.08450964 -0.05587057 33 18 10
0.2861427 -0.1326676 -0.1941975 46 26 14
0.3527445 -0.05889364 -0.04459949 85 46 21
0.3865578 -0.1009036 -0.01283554 158 115 40
0.3332763 -0.2043926 -0.02615589 134 93 44
0.2974138 -0.08245964 -0.04972271 18 6 3
0.2912659 -0.04967164 -0.05996915 47 28 11
0.3752867 -0.1347166 -0.07841273 145 101 41
0.3855331 -0.04044964 -0.1993207 188 154 72
0.3394242 -0.1203716 -0.187025 153 119 48
0.3804099 -0.1541846 -0.07124024 161 111 31
0.288192 -0.06196764 -0.08046203 73 60 47
0.3383995 -0.07733664 -0.1716553 26 5 1
0.2461816 -0.09782914 -0.1050535 84 72 60
0.391681 -0.1060266 -0.02718054 166 124 47
0.3291777 -0.1183226 -0.158335 49 31 15
0.3127834 -0.1306186 -0.04664877 105 67 27
0.348646 -0.05376964 -0.1839511 57 34 23
0.3097095 -0.01688264 -0.2054686 24 2 0
0.2861427 -0.1961946 -0.03845163 114 65 24
0.3076602 -0.006635643 -0.08763454 136 105 43
0.2974138 -0.04967164 -0.1050535 5 1 2
0.3845085 -0.05376964 -0.215715 88 59 18
0.270773 -0.1080766 -0.1511625 53 34 15
0.2728223 -0.2043926 -0.02205733 130 96 48
0.3209806 -0.1275446 -0.1982961 109 69 22
0.3937303 -0.04454864 -0.2259615 166 132 60
0.2830688 -0.04864664 -0.2228875 98 82 66
0.3568431 -0.1203716 -0.07636345 89 35 6
0.362991 -0.003562643 -0.01590947 107 61 23
0.3189313 -0.05684364 -0.1747293 41 27 20
0.2953645 -0.06299164 -0.1829264 60 42 31
0.3711881 -0.08655864 -0.2105918 110 77 28
0.4336914 -0.08143564 -0.2597747 165 122 44
0.3302024 -0.2084906 -0.04357484 87 57 27
0.2728223 -0.2156636 -0.0169341 111 66 28
0.3476213 -0.006635643 -0.2105918 75 34 11
0.2902413 -0.04967164 -0.06816631 49 41 24
0.3886071 -0.1336916 -0.0425502 166 115 38
0.2595019 -0.1193466 -0.02513126 23 4 0
0.273847 -0.07016364 -0.1808771 10 2 5
0.2922906 -0.1039776 -0.2546515 36 11 0
0.3640156 -0.05376964 -0.187025 79 52 36
0.3640156 -0.1449636 -0.06509236 155 114 44
0.3752867 -0.1582836 -0.03435305 145 98 28
0.3383995 -0.1142236 -0.2341586 149 114 50
0.3732374 -0.1131996 -0.2464543 25 11 7
0.3722128 -0.006635643 -0.2044439 131 92 32
0.4326668 -0.06606514 -0.2659226 177 134 47
0.3896317 -0.08963264 -0.05074735 181 141 57
0.2953645 -0.04659764 -0.1101767 35 23 16
0.377336 -0.06299164 -0.2413311 134 80 27
0.3670896 -0.09065664 -0.07021559 156 124 83
0.2861427 -0.1111496 -0.1675568 44 27 15
0.377336 -0.1634066 -0.07226487 149 95 23
0.391681 -0.03430164 -0.2116164 200 168 75
0.3015123 -0.1131996 -0.1501378 49 23 7
0.3763114 -0.06196764 -0.1900989 181 148 67
0.2871673 -0.06811464 -0.09890561 31 27 26
0.2728223 -0.06811464 -0.2167397 18 5 0
0.3568431 -0.1224206 -0.08046203 127 82 51
0.2697484 -0.06401664 -0.2177643 36 23 9
0.2646252 -0.09270564 -0.0609938 47 27 13
0.3845085 -0.1091006 -0.2423558 69 39 20
0.3865578 -0.1326676 -0.0333284 173 128 51
0.3906564 -0.08041064 -0.02615589 148 108 37
0.362991 -0.06913964 -0.05484593 124 81 39
0.3424981 -0.1009036 -0.05996915 114 67 37
0.3804099 -0.05479464 -0.0148848 168 132 53
0.2963891 -0.005611643 -0.05587057 96 81 64
0.4121739 -0.008685643 -0.2505529 203 168 84
0.3158574 -0.1613576 -0.04972271 124 83 36
0.3138081 -0.1039776 -0.2351833 42 16 6
0.288192 -0.05274514 -0.07431417 54 41 26
0.3527445 -0.009710643 -0.2095672 97 41 0
0.3261038 -0.01688264 -0.0189834 82 51 23
0.434716 -0.08758264 -0.2669472 175 128 42
0.3414735 -0.2033676 -0.03845163 106 57 15
0.3855331 -0.06811464 -0.0148848 168 131 59
0.3045863 -0.02815364 -0.1112013 21 8 4
0.285118 -0.06606514 -0.08148666 59 47 38
0.3855331 -0.08553364 -0.05382129 174 135 44
0.3271284 -0.1254956 -0.1747293 159 119 62
0.3261038 -0.01483364 -0.0169341 49 19 2
0.3230299 -0.1920966 -0.04767342 104 47 3
0.3281531 -0.1265196 -0.1931729 130 90 29
0.359917 -0.1388156 -0.08763454 145 84 35
0.3424981 -0.1664806 -0.07021559 131 98 57
0.3281531 -0.1080766 -0.05279664 133 85 37
0.2595019 -0.1429136 -0.1521871 104 74 39
0.359917 -0.1828746 -0.07226487 139 86 28
0.2584773 -0.1347166 -0.1788278 49 29 15
0.3824592 -0.1193466 -0.0753388 177 145 92
0.3998782 -0.08655864 -0.2228875 94 72 52
0.2974138 -0.1162736 -0.2146904 52 23 2
0.362991 -0.01483364 -0.2023947 121 83 38
0.3045863 -0.1398406 -0.169606 92 57 20
0.2994631 -0.1982446 -0.04767342 105 69 27
0.2871673 -0.2156636 -0.02103267 111 57 23
0.4080753 -0.02098114 -0.23006 108 67 33
0.285118 -0.06504064 -0.07841273 22 13 6
0.3742621 -0.1439386 -0.01386017 126 69 24
0.2584773 -0.1439386 -0.1521871 111 82 48
0.288192 -0.2013186 -0.02615589 107 55 13
0.3988535 -0.1459876 -0.2587501 120 72 32
0.3322517 -0.1254956 -0.1941975 134 92 27
0.2646252 -0.09065664 -0.2105918 36 17 8
0.3701635 -0.08245964 -0.2034193 133 98 35
0.3404488 -0.09680464 -0.1655075 42 21 7
0.3394242 -0.09065664 -0.05279664 134 101 71
0.3681142 -0.1685296 -0.02103267 173 135 72
0.2984384 -0.05684364 -0.2259615 62 33 16
0.2830688 -0.08758264 -0.2167397 33 11 7
0.3588924 -0.02303064 -0.1972714 113 82 52
0.3527445 -0.1982446 -0.04562413 136 87 46
0.3097095 -0.008685643 -0.1173492 27 10 5
0.2810195 -0.04864664 -0.1193985 3 1 5
0.4101246 -0.1511106 -0.2669472 133 73 15
0.3404488 -0.1142236 -0.1634582 79 56 23
0.362991 -0.01483364 -0.20137 130 94 53
0.3189313 -0.2115656 -0.0148848 148 111 52
0.3004877 -0.03737564 -0.08660989 31 22 18
0.302537 -0.1869736 -0.051772 111 68 25
0.2861427 -0.07016364 -0.09993026 10 7 9
0.4080753 -0.01688264 -0.2341586 144 94 34
0.3097095 -0.1060266 -0.2290354 68 39 22
0.3783606 -0.1336916 -0.08353596 181 151 101
0.2892166 -0.2002936 -0.02820519 99 43 8
0.3937303 -0.03430164 -0.215715 158 119 42
0.3004877 -0.1111496 -0.2495283 31 11 5
0.3875824 -0.08758264 -0.06201843 160 124 53
0.362991 -0.1736526 -0.02410661 142 102 43
0.3435227 -0.09270564 -0.0589445 119 76 43
0.359917 -0.1767276 -0.02308197 138 95 39
0.3568431 -0.1070516 -0.07124024 121 92 52
0.3865578 -0.09065664 -0.2628486 72 30 13
0.3291777 -0.1726286 -0.06509236 66 16 0
0.3045863 -0.008685643 -0.1306696 20 13 13
0.3701635 -0.006635643 -0.01283554 143 111 54
0.3015123 -0.1060266 -0.155261 50 31 16
0.3998782 -0.02098114 -0.2228875 166 127 58
0.4029521 -0.1582836 -0.2720704 117 67 27
0.2994631 -0.06913964 -0.04664877 33 18 11
0.3650403 -0.1080766 -0.06714166 177 138 60
0.2543787 -0.1408646 -0.1593596 72 44 20
0.285118 -0.1398406 -0.1357928 54 43 32
0.3465967 -0.1039776 -0.1624335 123 98 70
0.3465967 -0.1787756 -0.06919094 108 53 10
0.3353256 -0.005611643 -0.01795874 96 57 22
0.420371 -0.02712964 -0.2597747 161 124 48
0.2963891 -0.1009036 -0.2587501 60 36 15
0.4316421 -0.09270564 -0.2607993 170 129 47
0.3291777 -0.1244696 -0.2310847 114 74 26
0.3814346 -0.09578064 -0.06816631 166 126 52
0.3896317 -0.07631264 -0.0333284 163 125 46
0.391681 -0.09373164 -0.03230376 165 125 43
0.2758963 -0.1111496 -0.1501378 62 40 21
0.3845085 -0.1429136 -0.05484593 161 115 36
0.3578678 -0.1531606 -0.08763454 124 63 9
0.2656498 -0.1060266 -0.2105918 26 5 0
0.4131985 -0.1500866 -0.2638733 137 82 27
0.391681 -0.1234456 -0.05074735 163 120 40
0.2830688 -0.1398406 -0.1398914 116 99 71
0.334301 -0.01278464 -0.2105918 66 30 11
0.2625759 -0.1459876 -0.1357928 74 60 42
0.377336 -0.04044964 -0.02205733 178 140 55
0.2769209 -0.09885464 -0.1593596 36 18 5
0.406026 -0.1275446 -0.261824 111 60 15
0.3865578 -0.1377906 -0.05074735 167 122 43
0.288192 -0.05479464 -0.07841273 27 14 11
0.3394242 -0.07221364 -0.1747293 44 24 15
0.3701635 -0.1746781 -0.05382129 143 95 38
0.3578678 -0.1941466 -0.06201843 124 69 20
0.331227 -0.05274514 -0.0333284 157 126 69
0.3588924 -0.08553364 -0.2341586 40 27 20
0.3404488 -0.09987864 -0.05484593 99 54 27
0.3004877 -0.04249864 -0.1050535 11 7 4
0.2717977 -0.08553364 -0.2146904 26 7 1
0.2922906 -0.02917764 -0.0169341 60 37 22
0.3527445 -0.01175864 -0.2054686 69 27 4
0.3886071 -0.08348464 -0.04664877 172 134 52
0.4172971 -0.01790764 -0.2464543 205 167 69
0.420371 -0.02610464 -0.2730951 205 171 75
0.2912659 -0.2187376 -0.02615589 142 95 44
0.4121739 -0.05991764 -0.247479 44 10 7
0.3691388 -0.08758264 -0.2003454 147 111 41
0.3619663 -0.1111496 -0.07124024 142 98 57
0.3435227 -0.06299164 -0.2536268 41 13 5
0.2953645 -0.2177126 -0.02820519 135 89 37
0.3363502 -0.1849246 -0.05382129 99 45 10
0.3383995 -0.2043926 -0.03640233 112 70 24
0.2799948 -0.04864664 -0.1224724 2 0 3
0.4265189 -0.04762164 -0.2485036 194 151 62
0.3445474 -0.2043926 -0.05791987 140 102 49
0.3394242 -0.1972201 -0.02103267 118 70 29
0.3261038 -0.09373164 -0.2669472 42 13 7
0.3619663 -0.1941466 -0.03127912 112 57 11
0.3179066 -0.1091006 -0.1542364 182 163 120
0.3148327 -0.1142236 -0.1511625 44 27 15
0.3045863 -0.1060266 -0.2577254 35 11 2
0.3711881 -0.03839964 -0.0353777 136 96 39
0.3640156 -0.05581864 -0.1849757 65 39 19
0.3742621 -0.1091006 -0.244405 33 18 7
0.3886071 -0.1347166 -0.05074735 165 122 41
0.3824592 -0.1459876 -0.051772 142 97 25
0.3681142 -0.1664806 -0.02410661 139 92 27
0.3609417 -0.1838996 -0.06919094 149 100 41
0.3568431 -0.1767276 -0.01795874 133 91 35
0.3476213 -0.004586643 -0.02205733 104 57 21
0.4019274 -0.01380864 -0.218789 147 102 30
0.2595019 -0.1254956 -0.01283554 52 18 6
0.3988535 -0.03635064 -0.2269861 75 54 37
0.362991 -0.1859486 -0.0609938 136 87 22
0.3906564 -0.1316426 -0.06509236 170 131 51
0.2523294 -0.08553364 -0.1767786 9 0 0
0.4142232 -0.1500866 -0.2679719 140 83 25
0.3496706 -0.04557264 -0.03435305 105 66 40
0.3435227 -0.09578064 -0.2648979 108 65 23
0.3670896 -0.1777516 -0.07226487 142 86 21
0.331227 -0.2084906 -0.04664877 131 85 35
0.2574527 -0.09475564 -0.169606 22 9 2
0.3834839 -0.07016364 -0.05689522 181 145 75
0.2461816 -0.07426264 -0.1788278 31 18 6
0.3783606 -0.1439386 -0.02410661 135 82 26
0.4306175 -0.09885464 -0.2597747 163 120 38
0.2502802 -0.07118964 -0.1204231 24 16 11
0.3793853 -0.1511106 -0.0353777 157 112 45
0.3322517 -0.2023436 -0.01795874 141 95 34
0.3691388 -0.01175864 -0.2023947 127 86 23
0.3886071 -0.08041064 -0.04152556 159 119 43
0.3896317 -0.1347166 -0.04869806 167 124 44
0.3886071 -0.1316426 -0.06714166 172 131 47
0.3814346 -0.08553364 -0.2638733 85 47 22
0.3148327 -0.1336916 -0.1890743 132 97 38
0.348646 -0.1992696 -0.06304308 125 77 33
0.2482309 -0.1029526 -0.06304308 60 45 33
0.3865578 -0.06504064 -0.0353777 158 120 44
0.2461816 -0.03430164 -0.1532117 3 1 2
0.2871673 -0.02815364 -0.05689522 11 5 1
0.3906564 -0.1254956 -0.051772 162 120 53
0.273847 -0.1039776 -0.2136657 20 3 0
0.3015123 -0.1398406 -0.1737046 136 101 55
0.2461816 -0.01688264 -0.2054686 10 7 7
0.2994631 -0.004586643 -0.07328952 42 27 16
0.2943398 -0.1254956 -0.2095672 42 20 6
0.3896317 -0.009710643 -0.2064932 133 87 27
0.3056109 -0.01380864 -0.2075179 27 3 0
0.2994631 -0.2269346 -0.02103267 144 104 49
0.3588924 -0.1890236 -0.06509236 143 88 26
0.3465967 -0.1091006 -0.1665321 121 95 58
0.3558185 -0.09373164 -0.0589445 115 65 13
0.2953645 -0.2105396 -0.02922982 101 42 5
0.2922906 -0.04454864 -0.1163246 1 1 3
0.3927057 -0.1213966 -0.04767342 185 134 36
0.3855331 -0.1408646 -0.0589445 173 129 49
0.2922906 -0.1377906 -0.1347682 60 46 36
0.4316421 -0.05786864 -0.2710458 181 150 82
0.2554034 -0.1193466 -0.04152556 18 7 3
0.4213957 -0.01585764 -0.2536268 184 151 69
0.4172971 -0.08553364 -0.2485036 88 44 16
0.2472062 -0.1080766 -0.08865917 16 13 5
0.2513048 -0.07016364 -0.112226 5 3 5
0.3445474 -0.1162736 -0.06816631 132 96 57
0.3261038 -0.04864664 -0.187025 65 47 36
0.3845085 -0.1234456 -0.02103267 154 108 40
0.3107341 -0.1388156 -0.1501378 131 96 52
0.2974138 -0.07323764 -0.2218629 62 33 9
0.2717977 -0.1183226 -0.02922982 50 19 3
0.3281531 -0.2064426 -0.0169341 144 103 42
0.3045863 -0.1080766 -0.2423558 38 14 7
0.2779455 -0.1111496 -0.1665321 35 18 3
0.3988535 -0.01278464 -0.2136657 163 121 49
0.2820441 -0.06196764 -0.2198136 26 5 0
0.3793853 -0.1070516 -0.06714166 135 92 23
0.2830688 -0.1367656 -0.1839511 81 49 21
0.2830688 -0.1254956 -0.1275956 11 5 0
0.3783606 -0.08963264 -0.2464543 28 10 2
0.2584773 -0.06811464 -0.1142753 5 3 4
0.3435227 -0.1203716 -0.2146904 54 23 11
0.3855331 -0.1234456 -0.02205733 155 111 40
0.3465967 -0.1050016 -0.0609938 78 30 7
0.3906564 -0.1111496 -0.0425502 174 134 52
0.3107341 -0.1213966 -0.1511625 52 30 13
0.3640156 -0.02815364 -0.03127912 108 67 19
0.3660649 -0.1634066 -0.08660989 145 92 33
0.288192 -0.08041064 -0.2208382 40 16 2
0.331227 -0.08963264 -0.04664877 75 24 0
0.3547938 -0.04249864 -0.1921482 65 37 27
0.2953645 -0.01175864 -0.07226487 35 21 7
0.3875824 -0.09270564 -0.06611701 198 164 75
0.4101246 -0.009710643 -0.2310847 188 154 87
0.4316421 -0.06196764 -0.2669472 184 147 64
0.3322517 -0.005611643 -0.01386017 90 50 16
0.2830688 -0.06196764 -0.1808771 10 0 0
0.288192 -0.06401664 -0.1081274 17 14 13
0.3435227 -0.1142236 -0.2075179 158 127 82
0.2595019 -0.08758264 -0.20137 15 2 2
0.3240545 -0.1654556 -0.04459949 86 40 9
0.3783606 -0.1398406 -0.0189834 142 94 32
0.2728223 -0.1398406 -0.158335 64 41 20
0.345572 -0.06709064 -0.2659226 36 18 7
0.3199559 -0.1316426 -0.1798525 143 109 43
0.3558185 -0.1869736 -0.06714166 156 105 42
0.2697484 -0.1060266 -0.1644828 42 24 13
0.3568431 -0.09270564 -0.1819018 174 138 60
0.3373749 -0.1787756 -0.05996915 70 26 6
0.3793853 -0.06606514 -0.04972271 131 90 32
0.3896317 -0.06299164 -0.02922982 170 140 89
0.362991 -0.1009036 -0.1941975 157 123 61
0.3383995 -0.1757026 -0.06611701 97 40 5
0.3035616 -0.1336916 -0.1337435 112 80 47
0.3763114 -0.03839964 -0.1952221 137 99 51
0.4295928 -0.05684364 -0.2659226 172 131 55
0.3107341 -0.2074666 -0.03947627 127 78 28
0.316882 -0.08348464 -0.04152556 144 111 62
0.4193464 -0.04762164 -0.2454297 91 47 31
0.3537692 -0.09680464 -0.2218629 49 33 15
0.2687237 -0.07426264 -0.2105918 20 5 3
0.2892166 -0.06913964 -0.1747293 3 0 0
0.3650403 -0.1039776 -0.07124024 117 65 16
0.3640156 -0.09373164 -0.1931729 165 130 54
0.3424981 -0.1767276 -0.06816631 122 72 30
0.3834839 -0.1152476 -0.06714166 147 105 41
0.2697484 -0.08245964 -0.05279664 6 0 0
0.3148327 -0.08348464 -0.03947627 111 74 31
0.3465967 -0.1213966 -0.2239122 167 137 83
0.3465967 -0.1347166 -0.07943738 100 48 16
0.4172971 -0.01995664 -0.2485036 194 158 67
0.2595019 -0.1388156 -0.1706307 47 26 12
0.4183217 -0.04044964 -0.2413311 177 138 49
0.3465967 -0.1152476 -0.2075179 114 72 23
0.3056109 -0.2197621 -0.02410661 147 105 44
0.2902413 -0.06094164 -0.09275775 22 20 21
0.3732374 -0.02815364 -0.03025447 142 104 43
0.3404488 -0.2054166 -0.03640233 138 94 45
0.2799948 -0.08143564 -0.08968382 24 19 15
0.3793853 -0.1193466 -0.07021559 131 87 26
0.3445474 -0.1582836 -0.0773881 98 38 0
0.3855331 -0.1439386 -0.07124024 180 136 48
0.4172971 -0.1070516 -0.2536268 131 77 35
0.3865578 -0.08245964 -0.0169341 165 126 52
0.2912659 -0.2064426 -0.02820519 94 33 0
0.423445 -0.1131996 -0.2577254 129 85 46
0.3701635 -0.008685643 -0.2044439 118 72 12
0.3886071 -0.03737564 -0.2044439 168 135 52
0.2943398 -0.04044964 -0.1132506 7 4 7
0.2543787 -0.1070516 -0.1081274 17 13 10
0.3834839 -0.03737564 -0.1993207 164 129 47
0.4039767 -0.1224206 -0.2587501 92 39 9
0.2984384 -0.003562643 -0.2054686 21 1 0
0.3804099 -0.1552096 -0.07226487 159 113 39
0.3261038 -0.2074666 -0.0148848 143 101 41
0.359917 -0.01995664 -0.02820519 118 77 38
0.2974138 -0.02610464 -0.0773881 67 52 39
0.4326668 -0.05172064 -0.2587501 199 171 88
0.2953645 -0.07938564 -0.04972271 13 3 1
0.377336 -0.1531606 -0.03435305 140 91 24
0.3465967 -0.06094164 -0.1798525 36 13 4
0.288192 -0.2361566 -0.0169341 132 92 38
0.3742621 -0.1603326 -0.03127912 146 102 35
0.3701635 -0.1716036 -0.04459949 139 93 36
0.345572 -0.05479464 -0.1860003 129 107 82
0.2974138 -0.007661143 -0.05996915 47 31 18
0.2994631 -0.04454864 -0.09788097 21 14 7
0.3752867 -0.02712964 -0.0189834 157 123 46
0.3004877 -0.1336916 -0.1911236 75 37 5
0.2574527 -0.1101246 -0.1132506 12 8 6
0.2523294 -0.03020314 -0.2146904 18 9 5
0.4316421 -0.07221364 -0.2720704 148 98 23
0.2840934 -0.04864664 -0.1163246 1 1 3
0.406026 -0.03839964 -0.2413311 140 96 37
0.2758963 -0.08860764 -0.08763454 40 31 24
0.3056109 -0.01175864 -0.04459949 22 16 13
0.3261038 -0.1675056 -0.04972271 75 27 5
0.3537692 -0.03839964 -0.2669472 88 40 7
0.345572 -0.2033676 -0.04357484 124 78 32
0.345572 -0.2043926 -0.051772 135 98 54
0.4131985 -0.04967164 -0.2433804 74 37 26
0.2461816 -0.08655864 -0.1655075 27 11 7
0.4019274 -0.1285686 -0.2638733 102 47 13
0.2953645 -0.03942564 -0.1163246 5 5 4
0.2646252 -0.09680464 -0.09070847 62 50 44
0.3476213 -0.005611643 -0.02205733 83 37 5
0.3927057 -0.09065664 -0.2198136 31 23 16
0.3097095 -0.1347166 -0.1788278 147 114 57
0.3383995 -0.1951706 -0.0169341 127 80 35
0.3127834 -0.02815364 -0.02000803 102 72 39
0.3506953 -0.1388156 -0.0753388 130 77 37
0.3711881 -0.1295936 -0.08046203 147 101 44
0.3158574 -0.2146386 -0.0189834 136 91 40
0.3814346 -0.02712964 -0.1972714 176 151 102
0.3476213 -0.1367656 -0.07636345 161 124 74
0.3363502 -0.06504064 -0.03845163 103 66 21
0.2943398 -0.1316426 -0.1316942 9 6 5
0.2615512 -0.08245964 -0.2085425 9 0 0
0.4131985 -0.01278464 -0.2556761 204 171 76
0.2830688 -0.07016364 -0.08251131 51 43 36
0.3056109 -0.09168164 -0.03947627 135 99 55
0.3865578 -0.1234456 -0.02205733 175 135 56
0.3927057 -0.1070516 -0.05074735 168 131 57
0.3886071 -0.1367656 -0.06304308 185 145 55
0.2451569 -0.1357416 -0.169606 56 29 11
0.4285682 -0.04967164 -0.2464543 161 132 75
0.3158574 -0.07528714 -0.03742698 148 111 57
0.3363502 -0.01278464 -0.02513126 147 121 79
0.2605266 -0.08655864 -0.2064932 15 0 0
0.3886071 -0.08348464 -0.05382129 189 152 65
0.3896317 -0.09475564 -0.06714166 183 147 64
0.3281531 -0.1746781 -0.051772 72 25 5
0.3373749 -0.09475564 -0.1634582 31 13 5
0.2799948 -0.004586643 -0.02820519 44 28 23
-0.552016 0.2710424 0.15828 59 33 18
-0.5786568 0.2607964 0.1961918 98 62 33
-0.5622624 0.2669434 0.1756989 66 34 13
-0.5612378 0.2628444 0.1777482 79 43 16
-0.5622624 0.2720664 0.1675018 55 31 16
-0.569435 0.2679679 0.1808222 65 34 14
-0.5960757 0.2659194 0.204389 89 55 22
-0.5776321 0.2628444 0.1900439 111 69 28
-0.5858292 0.2720664 0.1879947 75 48 29
-0.5571392 0.2659194 0.1634032 108 66 32
-0.569435 0.2659194 0.1787729 114 68 27
-0.6093961 0.2648944 0.2166847 103 66 31
-0.6022235 0.2669434 0.2095122 88 54 23
-0.552016 0.2669434 0.1531568 111 67 31
-0.5561146 0.2607964 0.1767236 73 40 15
-0.5489421 0.2720664 0.1521321 51 29 15
-0.6011989 0.2659194 0.2105368 109 71 36
-0.5427942 0.2628444 0.1634032 69 37 15
-0.5550899 0.2638704 0.1623786 104 59 20
-0.5448435 0.2607964 0.1511075 101 54 15
-0.5540653 0.2679679 0.1675018 71 39 18
-0.5991496 0.2597714 0.2115615 98 63 27
-0.5919771 0.2607964 0.2084875 85 54 28
-0.5458681 0.2720664 0.1388118 140 121 97
-0.5499667 0.2597714 0.1593046 106 60 20
-0.5612378 0.2648944 0.1695511 109 67 29
-0.58378 0.2669434 0.1931179 102 63 30
-0.5817307 0.2669434 0.1920932 78 44 18
-0.6175932 0.2659194 0.2156601 108 63 28
-0.5407449 0.2597714 0.1480335 104 58 18
-0.5397203 0.2710424 0.143935 70 48 33
-0.5345971 0.2700174 0.1408611 70 40 22
-0.5018084 0.2607964 0.1172942 75 42 22
-0.4987345 0.2628444 0.1080725 50 27 15
-0.5284492 0.2659194 0.1418857 69 35 14
-0.5356217 0.2679679 0.1470089 67 35 14
-0.4833648 0.2597714 0.09475207 45 29 21
-0.4802909 0.2597714 0.09680137 44 22 12
-0.4936113 0.2618204 0.1019246 44 30 21
-0.5151288 0.2669434 0.1142203 90 74 60
-0.5386957 0.2710424 0.1388118 42 24 15
-0.4823402 0.2597714 0.09475207 50 23 11
-0.5110302 0.2659194 0.1172942 52 28 15
-0.537671 0.2618204 0.1408611 94 49 13
-0.5100056 0.2669434 0.1111464 68 52 42
-0.5141042 0.2597714 0.1347132 72 37 13
-0.5325477 0.2638704 0.1521321 78 45 21
-0.4874634 0.2597714 0.1019246 46 21 9
-0.5223013 0.2618204 0.1408611 69 33 8
-0.5489421 0.1726764 0.2238572 92 61 35
-0.5550899 0.1911199 0.2146354 156 132 95
-0.5868539 0.2403024 0.2136108 100 67 40
-0.580706 0.2300564 0.2146354 116 83 43
-0.5622624 0.1890704 0.2248818 167 138 89
-0.5725089 0.2126374 0.2146354 161 137 99
-0.6257904 0.2464514 0.2341037 113 78 40
-0.6319382 0.2392784 0.2412761 144 108 58
-0.5858292 0.2095644 0.2279557 197 177 137
-0.6216918 0.2392784 0.2341037 112 78 40
-0.6216918 0.2495244 0.2310297 74 47 27
-0.5632871 0.2444014 0.1941425 112 77 38
-0.5684103 0.1952184 0.2238572 143 118 82
-0.6001743 0.1982924 0.2433255 176 157 124
-0.6063221 0.2321064 0.2289804 129 99 59
-0.5571392 0.2577214 0.1756989 114 71 27
-0.5509914 0.1941934 0.2084875 162 138 101
-0.5489421 0.2382534 0.1879947 153 117 59
-0.5458681 0.1634544 0.2320543 144 116 73
-0.595051 0.2300564 0.2248818 115 85 39
-0.5714842 0.2228839 0.2105368 128 99 60
-0.6596036 0.2505494 0.2484487 150 111 59
-0.6175932 0.2413284 0.2310297 84 50 25
-0.6534558 0.2474754 0.247424 135 97 48
-0.6257904 0.2505494 0.2320543 126 91 47
-0.6011989 0.2157114 0.2320543 179 157 116
-0.5479175 0.1962434 0.2002904 171 143 94
-0.5602132 0.1890704 0.2228326 153 118 71
-0.6380861 0.2372294 0.2443501 136 102 54
-0.5940264 0.2157114 0.2279557 152 128 93
-0.58378 0.2075144 0.2248818 194 173 130
-0.5766074 0.1849724 0.2392269 170 152 118
-0.5878786 0.2577214 0.2054136 94 60 24
-0.580706 0.2075144 0.2228326 161 138 101
-0.5530407 0.1634544 0.2392269 127 99 64
-0.6134947 0.2495244 0.2248818 134 101 56
-0.5643117 0.2280074 0.204389 117 84 44
-0.6421846 0.2566974 0.2371776 77 45 22
-0.5427942 0.2515744 0.1634032 117 73 28
-0.5981249 0.2003419 0.2412761 207 188 151
-0.58378 0.2290324 0.2166847 125 92 50
-0.5776321 0.2362044 0.2125861 75 33 6
-0.58378 0.1839474 0.247424 160 140 110
-0.566361 0.2546484 0.1900439 70 40 18
-0.5561146 0.2146874 0.2054136 136 107 66
-0.6462832 0.2485004 0.2423008 71 37 11
-0.6339875 0.2403024 0.2412761 109 76 41
-0.6288643 0.2249334 0.2423008 158 133 92
-0.5427942 0.1982924 0.1941425 156 128 80
-0.5550899 0.2413284 0.1900439 116 82 43
-0.5817307 0.2198104 0.218734 158 131 87
-0.5991496 0.2464514 0.218734 129 97 54
-0.6216918 0.2269824 0.2402515 180 157 109
-0.5427942 0.1941934 0.1961918 165 136 86
-0.6288643 0.2556724 0.2300051 94 59 22
-0.5868539 0.2023914 0.2310297 167 144 107
-0.5827553 0.2269824 0.2177094 143 114 74
-0.5725089 0.2331304 0.2074629 86 54 27
-0.5919771 0.1921454 0.2453747 140 115 79
-0.5612378 0.2556724 0.1838961 96 60 27
-0.6083714 0.2075144 0.2412761 158 136 104
-0.5653364 0.2474754 0.1931179 113 78 38
-0.5489421 0.1675534 0.2310297 180 154 107
-0.6114453 0.2187854 0.2371776 123 95 62
-0.6032482 0.2536234 0.2177094 144 110 58
-0.6083714 0.2034154 0.2453747 160 141 111
-0.5448435 0.1716514 0.2207833 137 109 71
-0.552016 0.1696024 0.2320543 92 62 36
-0.5602132 0.2044404 0.2105368 161 136 96
-0.5940264 0.2116134 0.2289804 159 135 100
-0.6391107 0.2310804 0.2484487 158 129 79
-0.5622624 0.2023914 0.2136108 158 135 99
-0.5530407 0.2587464 0.1675018 112 67 25
-0.6206671 0.2536234 0.2279557 131 95 47
-0.5581638 0.1993174 0.2125861 122 93 60
-0.5622624 0.1839474 0.2259065 146 118 79
-0.6288643 0.2157114 0.247424 194 176 138
-0.5499667 0.2362044 0.1890193 110 76 39
-0.6309136 0.2146874 0.2494733 144 119 86
-0.5591885 0.1716514 0.2351283 159 139 104
-0.5448435 0.2300564 0.1879947 74 44 21
-0.61247 0.2044404 0.2463994 161 139 107
-0.5499667 0.1747264 0.2228326 90 59 29
-0.6104207 0.2577214 0.2197586 129 96 50
-0.5561146 0.2577214 0.1797975 99 61 25
-0.6052975 0.2198104 0.233079 163 139 99
-0.5530407 0.1665284 0.2392269 127 96 59
-0.5530407 0.1737014 0.2259065 83 55 33
-0.5571392 0.1675534 0.2433255 185 159 110
-0.5940264 0.2280074 0.2238572 183 158 111
-0.5919771 0.2218594 0.2238572 148 121 80
-0.5591885 0.2218594 0.2033643 129 98 55
-0.5509914 0.2556724 0.1767236 66 35 13
-0.5427942 0.1521834 0.2433255 177 157 121
-0.5848046 0.2433764 0.2105368 127 93 51
-0.5796814 0.1798494 0.2463994 167 150 121
-0.5427942 0.2146874 0.1931179 92 59 28
-0.5940264 0.2577214 0.2084875 125 88 43
-0.5745582 0.1788244 0.2443501 174 155 128
-0.5848046 0.2198104 0.2207833 158 131 87
-0.5581638 0.1849724 0.2207833 59 33 11
-0.6001743 0.2382534 0.2228326 81 50 24
-0.6011989 0.2064894 0.2382022 166 146 114
-0.7210822 0.1952184 0.3181245 170 142 93
-0.6514064 0.2403024 0.2525472 125 92 48
-0.64116 0.2167364 0.2566458 190 171 127
-0.6042728 0.1808734 0.2627936 133 107 74
-0.6391107 0.1542324 0.3140259 158 132 89
-0.6934169 0.2095644 0.2914837 143 111 63
-0.7067372 0.1870224 0.3170998 145 116 71
-0.6257904 0.1501344 0.3119766 167 138 92
-0.6083714 0.1368134 0.3119766 173 147 103
-0.552016 0.09070436 0.3027548 151 127 90
-0.6678008 0.2341554 0.264843 159 122 65
-0.6370614 0.1193954 0.3488638 156 137 107
-0.6093961 0.1593554 0.2945576 175 148 100
-0.5786568 0.1726764 0.2556212 178 160 127
-0.6237411 0.1234939 0.3355434 141 119 86
-0.6309136 0.2023914 0.2607444 156 131 92
-0.6800965 0.2146874 0.279188 141 109 58
-0.6452586 0.1685779 0.3017301 144 115 74
-0.6749733 0.2290324 0.2679169 111 77 38
-0.6483325 0.1757504 0.2925083 150 122 80
-0.6770225 0.1818974 0.3048041 159 129 77
-0.6903429 0.2085384 0.2914837 138 107 61
-0.6780472 0.1788244 0.3089027 154 126 80
-0.6165686 0.1337404 0.322223 154 129 95
-0.6339875 0.1737014 0.2873851 148 121 81
-0.6022235 0.1726764 0.2720154 142 118 86
-0.5714842 0.1060754 0.3089027 157 133 95
-0.6206671 0.1460359 0.3140259 159 132 87
-0.687269 0.2187854 0.2822619 146 112 60
-0.5489421 0.06713836 0.3170998 137 114 75
-0.6401354 0.1737014 0.293533 150 122 79
-0.5786568 0.1675534 0.2638183 175 151 108
-0.580706 0.1757504 0.2576704 200 181 149
-0.6913676 0.2054654 0.293533 135 103 57
-0.626815 0.1388634 0.322223 174 148 105
-0.6534558 0.2003419 0.276114 155 127 83
-0.6493572 0.1552579 0.3191491 160 134 92
-0.6544804 0.1603814 0.3170998 152 125 83
-0.6800965 0.1583314 0.3324694 175 148 104
-0.5581638 0.1378384 0.2771387 179 157 119
-0.6391107 0.2177604 0.2515226 154 131 97
-0.5581638 0.1368134 0.2781633 174 152 115
-0.5909525 0.1532084 0.2884098 142 117 80
-0.5438189 0.1306664 0.2689415 167 146 114
-0.6811211 0.2085384 0.2853358 161 128 75
-0.6759979 0.2249334 0.2720154 134 101 51
-0.6421846 0.2177604 0.2545965 165 141 103
-0.5530407 0.1224684 0.2822619 171 148 112
-0.7046879 0.1737014 0.3283709 169 143 99
-0.6718993 0.1911199 0.2945576 128 98 58
-0.6083714 0.1111984 0.3345187 151 129 95
-0.5540653 0.06508936 0.3232477 154 124 71
-0.7036633 0.1911199 0.3119766 146 118 76
-0.6452586 0.1562824 0.3160751 159 132 90
-0.6073468 0.1327154 0.3170998 152 127 90
-0.6001743 0.1685779 0.2771387 157 132 93
-0.6473079 0.1880464 0.279188 149 121 80
-0.719033 0.2013664 0.3109519 161 132 83
-0.5796814 0.1378384 0.293533 143 119 85
-0.6657515 0.2485004 0.2545965 164 132 75
-0.6739486 0.1655044 0.322223 155 128 86
-0.6186179 0.1101734 0.3416912 157 135 103
-0.5745582 0.1665284 0.2597197 163 139 100
-0.5858292 0.1726764 0.2627936 165 144 110
-0.7036633 0.2228839 0.2894344 159 128 73
-0.5755828 0.1070994 0.3130012 164 140 105
-0.5499667 0.1409124 0.2638183 204 185 148
-0.5735335 0.1716514 0.2535719 164 144 111
-0.5612378 0.1419374 0.2771387 173 151 114
-0.5827553 0.09480336 0.3283709 170 149 114
-0.6882937 0.1675534 0.3263216 150 123 80
-0.6155439 0.1419374 0.3140259 174 147 104
-0.6401354 0.1716514 0.2955823 143 115 75
-0.6278397 0.1419374 0.3211984 160 134 92
-0.5991496 0.1798494 0.261769 163 141 104
-0.6841951 0.2280074 0.2740648 148 114 59
-0.5643117 0.09377936 0.3109519 149 124 91
-0.6483325 0.2208344 0.2576704 160 132 88
-0.6104207 0.1234939 0.3273463 155 130 97
-0.6616529 0.2003419 0.2832866 186 158 108
-0.6606282 0.1931694 0.2853358 155 126 80
-0.5612378 0.1439864 0.2750894 183 164 128
-0.6964908 0.1685779 0.3304202 189 162 115
-0.5438189 0.08250736 0.3027548 177 157 127
-0.6739486 0.2249334 0.2709908 133 99 51
-0.6934169 0.1859964 0.3130012 164 135 81
-0.7221069 0.1808734 0.3314448 176 148 104
-0.6606282 0.2300564 0.2638183 163 131 76
-0.6913676 0.2249334 0.2812372 138 105 54
-0.6964908 0.1583314 0.3427159 162 138 101
-0.6575543 0.1624304 0.3181245 170 143 97
-0.6637022 0.2054654 0.279188 141 110 68
-0.5930017 0.1767744 0.2607444 171 150 112
-0.6329628 0.1337404 0.3293955 165 140 101
-0.6954661 0.1839474 0.3130012 151 123 81
-0.5643117 0.07021236 0.3252969 161 134 87
-0.626815 0.1962434 0.2627936 168 144 104
-0.6093961 0.1070994 0.3386173 173 152 119
-0.6606282 0.2239094 0.2658676 159 128 74
-0.64116 0.2157114 0.2556212 145 119 82
-0.6247657 0.1900954 0.2658676 153 126 86
-0.5550899 0.1275914 0.2843112 194 177 135
-0.6350122 0.1993174 0.2658676 160 134 95
-0.6237411 0.1870224 0.2679169 166 140 96
-0.6483325 0.2249334 0.2556212 176 148 101
-0.6596036 0.1941934 0.2843112 148 119 75
-0.6831704 0.2310804 0.2720154 122 89 48
-0.5427942 0.09377936 0.2955823 190 167 123
-0.6339875 0.1511594 0.3150505 157 131 91
-0.6841951 0.2034154 0.2925083 114 83 46
-0.5940264 0.1491094 0.293533 160 134 95
-0.6903429 0.1972684 0.2996809 147 118 74
-0.5848046 0.09275436 0.3324694 185 161 137
-0.5673856 0.07840936 0.3252969 180 160 124
-0.6596036 0.1491094 0.3324694 163 139 100
-0.66985 0.1706274 0.3119766 154 126 82
-0.6237411 0.1952184 0.261769 165 140 102
-0.6626776 0.1357894 0.3478391 193 173 130
-0.6995647 0.1993174 0.3037794 135 105 63
-0.6298889 0.1952184 0.264843 172 147 103
-0.6780472 0.2249334 0.2730401 132 98 51
-0.5550899 0.1060754 0.2955823 149 124 87
-0.5848046 0.1706274 0.264843 179 158 120
-0.6626776 0.1931694 0.2873851 150 120 75
-0.6309136 0.1788244 0.2802126 185 158 111
-0.5612378 0.09172936 0.3089027 147 122 87
-0.6483325 0.1388634 0.3355434 165 140 100
-0.5427942 0.07533536 0.3068533 186 166 133
-0.5858292 0.1777999 0.2556212 196 174 137
-0.6329628 0.1388634 0.3293955 154 130 93
-0.5427942 0.1450104 0.2515226 185 168 138
-0.6985401 0.2218594 0.2873851 146 114 61
-0.6360368 0.1521834 0.3150505 157 130 89
-0.6432093 0.1962434 0.2720154 163 136 92
-0.6841951 0.1870224 0.3048041 151 121 74
-0.6063221 0.1706274 0.2771387 165 140 100
-0.7046879 0.1624304 0.3437405 156 132 95
-0.6319382 0.1439864 0.3201737 158 132 90
-0.7057126 0.2146874 0.2945576 116 84 44
-0.5735335 0.1337404 0.2914837 187 164 120
-0.5776321 0.1726764 0.2556212 177 159 128
-0.5489421 0.08763136 0.3027548 161 138 102
-0.5571392 0.1573064 0.2515226 177 159 126
-0.6401354 0.1706274 0.2966069 154 126 83
-0.6360368 0.1204194 0.3468144 193 171 137
-0.6052975 0.1798494 0.2638183 149 124 88
-0.6770225 0.1757504 0.3109519 157 128 83
-0.5971003 0.1603814 0.2843112 160 134 90
-0.6575543 0.1419374 0.3386173 137 113 81
-0.6729239 0.2075144 0.2822619 134 104 62
-0.6514064 0.1306664 0.3457898 193 171 129
-0.6913676 0.2331304 0.2730401 160 127 71
-0.5509914 0.09992636 0.2966069 158 134 98
-0.6503818 0.2003419 0.2750894 159 132 88
-0.566361 0.07431136 0.3263216 185 167 135
-0.6421846 0.1941934 0.2730401 156 129 87
-0.7180083 0.1900954 0.3211984 150 122 77
-0.5909525 0.1747264 0.2658676 176 155 119
-0.655505 0.1829234 0.2894344 158 131 91
-0.6052975 0.1019764 0.3416912 153 130 98
-0.6227165 0.1624304 0.2955823 163 136 91
-0.6083714 0.1880464 0.2607444 188 164 120
-0.6759979 0.2167364 0.2771387 128 95 54
-0.6483325 0.1655044 0.3099273 184 157 108
-0.6237411 0.1163214 0.3386173 200 177 135
-0.715959 0.2044404 0.307878 172 143 96
-0.6647268 0.2126374 0.2730401 132 101 59
-0.6298889 0.1306664 0.3355434 150 126 92
-0.7046879 0.1829234 0.3191491 153 124 79
-0.6913676 0.1562824 0.3416912 166 142 102
-0.6421846 0.2321064 0.2515226 156 127 84
-0.6278397 0.1890704 0.2679169 148 122 81
-0.6995647 0.1962434 0.3058287 148 119 74
-0.6841951 0.2187854 0.2802126 134 101 52
-0.6503818 0.1614054 0.3140259 152 124 83
-0.5766074 0.1706274 0.2586951 167 145 111
-0.61247 0.1952184 0.2556212 177 156 120
-0.6370614 0.1552579 0.3119766 159 132 90
-0.5991496 0.1829234 0.2576704 153 130 95
-0.7026387 0.2023914 0.3027548 135 104 60
-0.6759979 0.1511594 0.3406666 157 133 96
-0.580706 0.1706274 0.261769 171 148 111
-0.6514064 0.1859964 0.2843112 150 124 84
-0.6749733 0.1439864 0.3457898 189 167 123
-0.6811211 0.2362044 0.2668922 151 117 64
-0.5755828 0.08148336 0.3324694 161 139 104
-0.6401354 0.2167364 0.2535719 160 136 99
-0.6473079 0.2044404 0.2699662 180 152 104
-0.701614 0.1532084 0.350913 183 162 123
-0.5796814 0.1245184 0.3027548 152 126 89
-0.6985401 0.1798494 0.3201737 158 131 87
-0.7036633 0.1859964 0.3160751 138 109 67
-0.6606282 0.1890704 0.2884098 149 121 77
-0.6370614 0.1849724 0.2750894 144 117 79
-0.569435 0.1419374 0.2843112 180 157 120
-0.6934169 0.2331304 0.2771387 156 124 69
-0.6944415 0.1665284 0.3304202 157 131 90
-0.644234 0.1275914 0.3478391 150 128 96
-0.6862443 0.1706274 0.3232477 156 130 95
-0.5991496 0.1542324 0.2945576 152 125 84
-0.6257904 0.1798494 0.2771387 178 152 105
-0.701614 0.1562824 0.3488638 188 166 124
-0.6022235 0.1655044 0.2812372 171 144 103
-0.5889032 0.1767744 0.2597197 187 169 134
-0.5919771 0.1193954 0.3170998 169 145 105
-0.6637022 0.1859964 0.293533 142 115 73
-0.6862443 0.1818974 0.3109519 158 129 83
-0.6616529 0.2372294 0.2566458 131 97 49
-0.5632871 0.1050494 0.3027548 156 131 94
-0.6257904 0.1675534 0.290459 151 124 84
-0.6575543 0.1378384 0.3498884 158 138 107
-0.5458681 0.07635936 0.307878 168 149 119
-0.595051 0.1337404 0.3068533 184 157 114
-0.6175932 0.1286174 0.3242723 190 166 120
-0.6073468 0.1357894 0.3160751 156 132 94
-0.6247657 0.1347644 0.3263216 160 135 97
-0.7036633 0.1552579 0.3519377 196 176 137
-0.7169836 0.2003419 0.3109519 149 120 75
-0.6073468 0.1818974 0.261769 157 131 92
-0.6052975 0.1501344 0.3017301 154 127 87
-0.5766074 0.1101734 0.3109519 161 136 98
-0.6534558 0.1234939 0.3529623 212 193 159
-0.6309136 0.1696024 0.2925083 155 127 85
-0.6780472 0.1962434 0.2945576 160 130 82
-0.6022235 0.1603814 0.2884098 149 122 82
-0.5704596 0.1398874 0.2863605 166 142 104
-0.6380861 0.1214444 0.3498884 153 130 99
-0.6841951 0.1788244 0.3130012 148 120 75
-0.6278397 0.1347644 0.3304202 150 126 91
-0.6882937 0.1501344 0.3488638 154 131 101
-0.7046879 0.2054654 0.3007055 150 119 73
-0.644234 0.2085384 0.2638183 164 137 91
-0.5540653 0.1409124 0.2709908 157 136 99
-0.66985 0.2198104 0.2709908 136 105 60
-0.5858292 0.1747264 0.2586951 174 155 123
-0.5745582 0.1388634 0.2894344 169 146 106
-0.6514064 0.1737014 0.2976315 163 135 92
-0.5489421 0.09480336 0.2986562 153 128 94
-0.6821458 0.2064894 0.2884098 133 101 56
-0.6319382 0.1306664 0.3375926 160 136 104
-0.6134947 0.1347644 0.3191491 163 138 99
-0.6073468 0.1521834 0.3017301 171 143 95
-0.6155439 0.1829234 0.2658676 156 131 91
-0.7118604 0.1900954 0.3181245 143 115 72
-0.7262054 0.1808734 0.3324694 175 150 104
-0.5561146 0.1511594 0.2576704 174 158 130
-0.6770225 0.2259574 0.2730401 161 124 67
-0.6401354 0.1777999 0.2853358 149 121 80
-0.6596036 0.1378384 0.3447652 159 138 106
-0.6032482 0.1050494 0.3375926 154 131 101
-0.3214711 0.1142714 0.08553028 145 118 79
-0.4690199 0.2249334 0.1234421 122 90 48
-0.431108 0.09787736 0.2115615 178 159 127
-0.3429886 0.1675534 0.0558156 179 160 108
-0.4823402 0.2403024 0.1275407 123 85 39
-0.3399147 0.2198104 -0.0005398126 87 50 23
-0.345038 0.1234939 0.1101217 131 97 54
-0.5069317 0.1337404 0.2351283 183 165 128
-0.4382805 0.08455736 0.2218079 183 162 123
-0.477217 0.2228839 0.1388118 147 108 49
-0.4710691 0.1224684 0.2238572 186 167 130
-0.295855 0.1788244 -0.01181087 86 61 33
-0.2979043 0.1030004 0.2002904 95 71 36
-0.4556995 0.2198104 0.0998753 175 146 94
-0.3204465 0.1726764 0.02405166 191 168 118
-0.3942209 0.1685779 0.06913599 183 157 98
-0.3675801 0.1009514 0.1511075 61 36 20
-0.2835593 0.09890236 0.1716004 24 15 5
-0.4434037 0.1993174 0.1008999 137 98 50
-0.445453 0.2536234 0.07425919 63 32 13
-0.3040522 0.1040254 0.08450563 170 143 97
-0.4444284 0.1982924 0.1039739 128 89 39
-0.3737279 0.1337404 0.1193435 157 127 82
-0.4290588 0.08558136 0.2146354 187 164 123
-0.3972948 0.1972684 0.05888953 173 146 100
-0.3768019 0.1030004 0.1572553 133 103 64
-0.2968797 0.1542324 0.03327345 168 141 90
-0.5141042 0.2423524 0.1480335 129 89 39
-0.4229109 0.1818974 0.07835778 147 117 70
-0.4638966 0.1224684 0.2197586 181 161 121
-0.4434037 0.05689236 0.2423008 191 172 134
-0.3470872 0.1091484 0.1172942 199 181 137
-0.416763 0.1696024 0.07528385 118 85 52
-0.4710691 0.2228839 0.1306146 122 88 47
-0.4331573 0.1009514 0.2125861 170 152 119
-0.491562 0.2075144 0.1572553 118 83 45
-0.3993441 0.1747264 0.1070478 161 134 86
-0.4054919 0.2403024 0.0578649 85 50 20
-0.4741431 0.1214444 0.2279557 176 157 124
-0.3235204 0.1450104 0.07425919 158 133 90
-0.28151 0.1081234 0.1777482 96 82 64
-0.4751677 0.2300564 0.1254914 135 105 53
-0.3911469 0.2095644 0.08040708 100 67 32
-0.4546748 0.1675534 0.1511075 149 124 81
-0.4649213 0.1347644 0.2064383 129 103 73
-0.3071261 0.09172936 0.09680137 71 43 22
-0.3388901 0.07635936 0.1541814 83 55 28
-0.3102001 0.05996536 0.2279557 40 29 19
-0.4372559 0.2034154 0.1142203 152 124 77
-0.3122493 0.06611336 0.2320543 57 38 21
-0.5182027 0.2556724 0.1449596 73 39 15
-0.4106152 0.1829234 0.06811133 162 136 89
-0.4065166 0.1183704 0.1787729 153 126 85
-0.3491365 0.1419374 0.1008999 151 125 84
-0.3040522 0.1132464 0.06811133 174 154 115
-0.3542598 0.1265674 0.1183189 156 131 90
-0.4054919 0.1952184 0.09577673 120 89 49
-0.5100056 0.1767744 0.1787729 127 94 54
-0.4095905 0.08353236 0.1931179 195 170 123
-0.3870483 0.1419374 0.1377871 151 126 91
-0.419837 0.1993174 0.1049985 87 54 24
-0.3532351 0.08558136 0.1480335 95 70 47
-0.3327422 0.1040254 0.1070478 231 217 177
-0.341964 0.1777999 0.05171703 154 129 87
-0.4854142 0.1921454 0.1521321 163 134 80
-0.4239355 0.1972684 0.08348101 98 64 35
-0.4372559 0.2474754 0.08040708 51 30 16
-0.3624569 0.2310804 0.009706627 46 21 8
-0.4526255 0.08558136 0.2351283 175 154 115
-0.3727033 0.1603814 0.1090971 95 67 38
-0.3050768 0.09685336 0.1049985 165 136 75
-0.3675801 0.09582736 0.1603293 145 121 87
-0.388073 0.2259574 0.05274167 148 114 57
-0.4372559 0.04562036 0.2443501 213 197 167
-0.3020029 0.08353236 0.1654525 94 80 66
-0.2979043 0.05074336 0.2033643 36 26 18
-0.4403298 0.04357136 0.2443501 199 184 151
-0.3860237 0.2095644 0.05274167 106 72 37
-0.5069317 0.1931694 0.1675018 153 122 71
-0.3142986 0.1091484 0.08553028 160 137 100
-0.3583583 0.2064894 0.03839665 166 133 78
-0.5192274 0.1798494 0.1838961 163 134 86
-0.445453 0.1275914 0.1992657 92 62 33
-0.4905374 0.1378384 0.2156601 164 139 95
-0.4864388 0.1665284 0.1767236 175 148 99
-0.4475023 0.2546484 0.07528385 81 56 40
-0.4874634 0.1880464 0.1603293 129 97 52
-0.2804854 0.1214444 0.03122416 189 169 131
-0.4505763 0.2228839 0.1101217 119 86 44
-0.4157384 0.1019764 0.1941425 173 151 115
-0.4485269 0.08455736 0.2320543 183 161 125
-0.313274 0.1296414 0.07016063 168 142 97
-0.4587734 0.2372294 0.1101217 95 64 34
-0.2856086 0.1685779 0.01687913 128 98 58
-0.3542598 0.1788244 0.06298813 154 127 82
-0.3624569 0.2136619 0.04966773 60 32 13
-0.2989289 0.1491094 0.04454453 151 123 76
-0.2907318 0.1849724 -0.006687673 140 110 65
-0.2866332 0.1193954 0.04454453 142 111 67
-0.3235204 0.1993174 0.01482987 137 105 55
-0.4126644 0.1696024 0.1254914 125 96 61
-0.477217 0.1173454 0.233079 188 169 136
-0.3122493 0.06406336 0.2402515 51 38 26
-0.3829497 0.2075144 0.07528385 133 100 51
-0.3399147 0.1696024 0.03942133 167 133 78
-0.3081507 0.08045836 0.2033643 82 60 43
-0.462872 0.1163214 0.2177094 206 189 149
-0.3716787 0.1265674 0.1275407 202 179 130
-0.3624569 0.1962434 0.04044595 174 148 103
-0.3727033 0.1388634 0.1101217 182 153 106
-0.5100056 0.2382534 0.1531568 122 87 44
-0.477217 0.2136619 0.12959 146 112 58
-0.4833648 0.2116134 0.1429103 118 75 27
-0.5018084 0.2423524 0.1388118 138 100 49
-0.3122493 0.07431136 0.2494733 35 27 21
-0.3778265 0.1265674 0.1459843 97 70 42
-0.3102001 0.09787736 0.2443501 101 79 48
-0.4649213 0.1009514 0.2361529 184 166 135
-0.4618473 0.2187854 0.1193435 120 88 45
-0.4065166 0.1173454 0.1797975 160 136 92
-0.5007838 0.1870224 0.1716004 111 79 39
-0.4413545 0.1030004 0.2166847 178 160 129
-0.4013933 0.2351794 0.06503739 61 33 12
-0.3337668 0.2167364 0.006632707 94 58 19
-0.4300834 0.1409124 0.1685264 168 145 111
-0.4854142 0.2085384 0.143935 148 116 62
-0.3153233 0.1962434 0.01482987 116 83 45
-0.3020029 0.09172936 0.08757957 88 55 27
-0.3849991 0.1030004 0.1675018 158 131 92
-0.416763 0.2444014 0.05376633 53 23 9
-0.4925866 0.2044404 0.1593046 142 109 61
-0.4895127 0.2208344 0.1521321 106 75 40
-0.2917564 0.09275436 0.07630848 93 57 27
-0.3788512 0.2054654 0.07220993 133 103 59
-0.4270094 0.2239094 0.0906535 176 146 86
-0.5038578 0.1696024 0.1920932 161 136 97
-0.3511858 0.1941934 0.05479097 145 116 69
-0.4587734 0.1644794 0.1593046 158 136 99
-0.431108 0.2239094 0.08245635 173 143 88
-0.3942209 0.1542324 0.126516 168 141 96
-0.4188123 0.2167364 0.0906535 126 96 55
-0.2999536 0.1737014 0.0250763 162 136 89
-0.4372559 0.1747264 0.1336885 106 75 42
-0.419837 0.1726764 0.1254914 126 97 58
-0.2948304 0.06201536 0.1900439 38 31 25
-0.5130796 0.1532084 0.2177094 168 146 108
-0.4116398 0.1777999 0.06913599 188 163 110
-0.3809005 0.2372294 0.02405166 77 41 16
-0.2866332 0.1378384 0.2269311 125 90 33
-0.4577487 0.2362044 0.1101217 124 91 49
-0.2886825 0.1101734 0.06196346 142 116 78
-0.3491365 0.1788244 0.05684027 151 126 83
-0.5253753 0.2157114 0.1797975 119 89 52
-0.4157384 0.2362044 0.07528385 105 72 33
-0.4567241 0.2013664 0.126516 133 103 59
-0.3224958 0.2054654 0.008681977 135 105 59
-0.4495516 0.1050494 0.2218079 173 154 124
-0.2866332 0.1470604 0.03224879 156 128 82
-0.3665555 0.1409124 0.1142203 168 147 108
-0.4177876 0.07943436 0.2084875 156 131 94
-0.345038 0.1347644 0.1039739 146 112 67
-0.4505763 0.1357894 0.1972165 161 139 103
-0.3614322 0.2136619 0.04966773 64 36 14
-0.419837 0.1111984 0.1931179 154 131 100
-0.4618473 0.2023914 0.1142203 160 128 76
-0.3768019 0.1706274 0.0558156 205 185 135
-0.3071261 0.1962434 -0.002589073 144 114 66
-0.4003687 0.2003419 0.0906535 117 85 47
-0.4802909 0.2249334 0.1347132 121 84 37
-0.5356217 0.2505494 0.1572553 106 59 14
-0.28151 0.1183704 0.04249525 174 146 99
-0.4782416 0.2505494 0.1142203 89 54 20
-0.4987345 0.1777999 0.1695511 147 119 77
-0.4054919 0.04869436 0.1890193 135 110 79
-0.3860237 0.2372294 0.03019953 60 30 12
-0.491562 0.2341554 0.1418857 121 84 41
-0.4270094 0.2167364 0.08450563 170 141 83
-0.5212767 0.1378384 0.2453747 159 138 103
-0.4792663 0.1419374 0.2023397 152 128 88
-0.505907 0.1737014 0.1828715 124 94 55
-0.3901223 0.2259574 0.06708669 95 64 35
-0.3952455 0.08865536 0.1828715 189 159 107
-0.2825347 0.03639836 0.1910686 48 38 36
-0.4106152 0.1009514 0.1920932 128 101 72
-0.4382805 0.2300564 0.09680137 125 93 50
-0.3173725 0.09070436 0.1111464 203 179 122
-0.3942209 0.1009514 0.1777482 125 98 65
-0.4936113 0.2105884 0.1572553 134 99 50
-0.4259848 0.1665284 0.1347132 132 109 72
-0.4761924 0.1624304 0.1787729 173 148 102
-0.4393052 0.1275914 0.1982411 162 136 95
-0.2886825 0.1839474 -0.007712313 131 97 51
-0.4300834 0.1316904 0.1849207 216 197 154
-0.388073 0.2228839 0.06708669 45 16 2
-0.4495516 0.09275436 0.2269311 181 163 124
-0.4464777 0.09172936 0.2494733 199 182 144
-0.4618473 0.2413284 0.1019246 110 77 39
-0.2948304 0.1040254 0.07528385 120 87 51
-0.3634815 0.2167364 0.04351988 141 112 67
-0.462872 0.1696024 0.1541814 150 124 81
-0.4464777 0.2146874 0.0906535 156 125 75
-0.4177876 0.1316904 0.1767236 212 194 151
-0.3020029 0.06406336 0.2054136 34 25 18
-0.4321327 0.2167364 0.09885066 119 89 48
-0.3481119 0.1409124 0.1008999 174 152 108
-0.3358162 0.1900954 0.02712559 191 166 110
-0.284584 0.08558136 0.1429103 81 66 56
-0.4966852 0.2187854 0.1572553 123 90 45
-0.4936113 0.2474754 0.12959 78 43 14
-0.4618473 0.2218594 0.1039739 132 104 61
-0.5274245 0.2525984 0.1449596 95 60 33
-0.4116398 0.06816236 0.2125861 211 190 143
-0.3050768 0.1788244 0.02405166 164 138 93
-0.3061015 0.08250736 0.204389 62 43 30
-0.5274245 0.1685779 0.2095122 162 138 102
-0.3634815 0.1204194 0.1285653 202 181 132
-0.4526255 0.09172936 0.2300051 204 188 150
-0.3378654 0.1675534 0.05171703 201 180 129
-0.3532351 0.2075144 0.04966773 116 84 43
-0.4249602 0.1798494 0.1224175 161 138 94
-0.3337668 0.1542324 0.07630848 161 134 91
-0.3911469 0.1562824 0.1213928 189 164 116
-0.3716787 0.07738436 0.1787729 168 136 101
-0.2917564 0.08353236 0.1541814 47 35 28
-0.4095905 0.2413284 0.05888953 73 40 15
-0.3849991 0.2208344 0.05479097 90 53 21
-0.4505763 0.2310804 0.09167813 142 110 65
-0.5233259 0.1665284 0.2095122 166 141 101
-0.3081507 0.1573064 0.04966773 157 128 80
-0.3645062 0.1921454 0.04044595 190 167 116
-0.2804854 0.01590636 0.2279557 83 64 42
-0.3142986 0.09685336 0.0998753 97 60 24
-0.491562 0.1931694 0.1562307 175 144 87
-0.2876579 0.03230036 0.2033643 45 36 29
-0.4270094 0.2259574 0.08245635 127 95 53
-0.3583583 0.2126374 0.04864311 62 34 14
-0.3061015 0.09480336 0.2259065 125 84 30
-0.3624569 0.1122224 0.1285653 121 95 67
-0.4003687 0.07738436 0.1982411 164 140 105
-0.3675801 0.1757504 0.07528385 170 144 98
-0.2979043 0.1685779 0.02097773 186 162 112
-0.3962701 0.1204194 0.1664771 121 91 58
-0.416763 0.1962434 0.1049985 98 64 29
-0.3491365 0.1859964 0.03327345 169 137 84
-0.295855 0.1675534 0.02917486 83 56 29
-0.4843895 0.1808734 0.1613539 109 78 45
-0.3040522 0.1316904 0.0558156 196 175 128
-0.5069317 0.1593554 0.204389 183 161 118
-0.3306929 0.1952184 0.02405166 105 70 27
-0.2835593 0.08455736 0.1152449 121 108 95
-0.341964 0.2228839 0.005608047 113 74 32
-0.356309 0.1337404 0.1131957 156 130 91
-0.2866332 0.1173454 0.05479097 170 149 108
-0.5171781 0.2525984 0.1336885 107 63 22
-0.2938057 0.1122224 0.05888953 183 160 115
-0.388073 0.1900954 0.05274167 194 168 114
-0.4761924 0.1839474 0.1521321 118 87 48
-0.4833648 0.1941934 0.1541814 130 98 51
-0.4823402 0.2351794 0.1326639 107 69 33
-0.4731185 0.2382534 0.1183189 112 75 36
-0.4710691 0.2146874 0.1152449 163 131 74
-0.3778265 0.1214444 0.1449596 150 123 82
-0.3952455 0.1368134 0.1470089 187 167 124
-0.4157384 0.1368134 0.1644279 192 172 133
-0.4618473 0.2167364 0.1060232 181 152 96
-0.3317176 0.2044404 0.02610093 124 91 50
-0.4802909 0.1614054 0.1828715 177 151 106
-0.3921715 0.1040254 0.1716004 188 164 121
-0.4792663 0.2177604 0.1326639 166 133 73
-0.4270094 0.2095644 0.08860421 149 120 72
-0.3009783 0.1726764 0.02815023 144 114 70
-0.3870483 0.2269824 0.06401276 50 26 9
-0.2866332 0.1829234 -0.004638373 106 76 43
-0.5141042 0.1388634 0.2361529 158 137 100
-0.3993441 0.2044404 0.06298813 114 81 41
-0.3224958 0.1696024 0.0506924 142 116 71
-0.2948304 0.03332536 0.2259065 39 28 21
-0.4884881 0.1808734 0.1613539 153 123 79
-0.3645062 0.09172936 0.1675018 168 138 77
-0.4618473 0.2249334 0.1049985 165 135 82
-0.3634815 0.1286174 0.1172942 203 185 140
-0.4403298 0.09582736 0.2197586 173 154 119
-0.2979043 0.1337404 0.04044595 190 169 124
-0.4987345 0.2454259 0.1306146 107 67 25
-0.3747526 0.1275914 0.1306146 184 160 114
-0.4331573 0.2105884 0.08860421 164 135 83
-0.5243506 0.2587464 0.1480335 77 41 15
-0.3624569 0.1183704 0.1347132 182 158 110
-0.5171781 0.1552579 0.2207833 180 158 120
-0.2804854 0.02102936 0.218734 57 37 26
-0.4577487 0.07840936 0.2443501 175 152 113
-0.4956606 0.1286174 0.2320543 177 155 118
-0.2907318 0.06918736 0.1787729 35 26 21
-0.4085658 0.1521834 0.1347132 153 129 91
-0.2999536 0.1491094 0.04147058 183 161 113
-0.4526255 0.2413284 0.1008999 113 80 42
-0.3809005 0.08148336 0.1736497 101 78 49
-0.4505763 0.05791636 0.2494733 173 153 121
-0.3040522 0.1152964 0.2402515 39 26 17
-0.3983194 0.2372294 0.05479097 112 70 18
-0.4720938 0.1030004 0.2402515 187 168 136
-0.3050768 0.09787736 0.2177094 102 70 27
-0.3460626 0.2075144 0.03942133 56 29 10
-0.2927811 0.1839474 -0.002589073 98 64 29
-0.4259848 0.2208344 0.0927028 104 73 34
-0.28151 0.1357894 0.01892843 167 139 92
-0.356309 0.1234939 0.1234421 195 174 127
-0.419837 0.09787736 0.1961918 168 143 104
-0.4085658 0.2372294 0.0578649 112 74 32
-0.4403298 0.1470604 0.1675018 173 157 127
-0.3501612 0.2198104 0.01687913 126 86 30
-0.4977099 0.1337404 0.2259065 177 153 110
-0.3409394 0.1091484 0.1090971 122 98 72
-0.3378654 0.2085384 0.02815023 146 117 73
-0.3768019 0.2300564 0.03532273 92 56 22
-0.3788512 0.1952184 0.04761847 188 163 109
-0.3071261 0.1286174 0.06503739 162 138 96
-0.4147137 0.1173454 0.1879947 151 125 86
-0.3378654 0.1040254 0.112171 123 89 53
-0.4054919 0.1183704 0.1777482 142 113 74
-0.5212767 0.2546484 0.1500828 75 41 16
-0.3788512 0.1941934 0.07528385 181 153 100
-0.3399147 0.1921454 0.04454453 185 160 101
-0.4966852 0.2454259 0.1347132 95 60 26
-0.4577487 0.1081234 0.2197586 205 188 153
-0.4239355 0.2167364 0.08450563 174 144 84
-0.3050768 0.1419374 0.04966773 183 160 116
-0.4843895 0.1327154 0.2218079 109 80 53
-0.313274 0.06201536 0.247424 51 36 23
-0.3614322 0.2157114 0.04351988 133 104 61
-0.4321327 0.1798494 0.126516 156 129 82
-0.3716787 0.1941934 0.07016063 151 122 73
-0.3163479 0.1286174 0.07323455 167 145 107
-0.4321327 0.1952184 0.0927028 105 73 40
-0.2979043 0.1327154 0.05171703 148 119 77
-0.284584 0.05381736 0.1767236 40 30 28
-0.3768019 0.1480854 0.1080725 206 186 134
-0.3102001 0.06611336 0.2207833 41 27 18
-0.3778265 0.2116134 0.06913599 126 94 50
-0.4741431 0.1009514 0.2433255 182 164 137
-0.4208616 0.1470604 0.1521321 138 119 87
-0.3829497 0.2259574 0.0599142 65 38 20
-0.5407449 0.1829234 0.2074629 131 103 62
-0.3358162 0.2064894 0.0179038 189 164 106
-0.2979043 0.08455736 0.1838961 55 41 31
-0.2856086 0.1655044 0.02097773 73 44 18
-0.3440133 0.2198104 0.01175593 93 57 17
-0.3819251 0.1921454 0.07835778 152 124 77
-0.5182027 0.1859964 0.1879947 149 117 69
-0.4782416 0.1982924 0.1500828 113 82 47
-0.2897072 0.04664486 0.1941425 49 38 28
-0.3727033 0.1706274 0.07118526 190 166 118
-0.3778265 0.1337404 0.1213928 174 150 103
-0.4321327 0.08865536 0.2156601 188 168 129
-0.4003687 0.2177604 0.07118526 117 84 45
-0.4157384 0.09992636 0.2412761 213 191 148
-0.5274245 0.1818974 0.1972165 107 76 41
-0.4300834 0.07431136 0.2238572 155 130 95
-0.4034426 0.1716514 0.1152449 133 105 66
-0.4597981 0.2013664 0.1285653 111 79 41
-0.4546748 0.2218594 0.1131957 121 89 47
-0.3983194 0.2075144 0.08655493 125 94 51
-0.3952455 0.2362044 0.05479097 120 79 28
-0.3081507 0.1562824 0.0506924 149 120 74
-0.3388901 0.1675534 0.06503739 142 115 71
-0.2979043 0.06201536 0.1941425 34 27 22
-0.4177876 0.09787736 0.1982411 162 138 105
-0.3142986 0.1060754 0.08860421 155 129 89
-0.3532351 0.09582736 0.1388118 109 74 38
-0.4669705 0.2177604 0.126516 90 60 34
-0.431108 0.1470604 0.1593046 157 137 102
-0.3614322 0.1122224 0.1306146 179 156 113
-0.4618473 0.1122224 0.2197586 201 183 148
-0.3204465 0.1931694 0.01687913 124 87 42
-0.3645062 0.09582736 0.1470089 92 58 29
-0.3686047 0.1644794 0.1019246 90 62 33
-0.3931962 0.2198104 0.06196346 148 114 62
-0.5284492 0.2310804 0.1746743 103 69 37
-0.4936113 0.1265674 0.2351283 186 163 123
-0.4270094 0.2116134 0.09885066 134 105 63
-0.2927811 0.04664486 0.1972165 32 24 18
-0.4669705 0.08250736 0.2463994 181 161 123
-0.5284492 0.1941934 0.1910686 158 131 85
-0.4536502 0.1040254 0.2207833 196 180 144
-0.4147137 0.08148336 0.204389 173 148 107
-0.5161535 0.2034154 0.1777482 164 132 78
-0.4403298 0.05791636 0.2433255 195 178 143
-0.3809005 0.2075144 0.04761847 131 96 56
-0.3050768 0.09685336 0.2207833 118 82 37
-0.3296683 0.1470604 0.07835778 147 120 76
-0.356309 0.09685336 0.143935 109 73 37
-0.4280341 0.1941934 0.1142203 106 76 39
-0.4884881 0.2577214 0.1101217 93 59 28
-0.2979043 0.1296414 0.2494733 31 21 14
-0.3778265 0.1747264 0.08655493 156 131 88
-0.4065166 0.1470604 0.1388118 183 163 126
-0.284584 0.1450104 0.0179038 211 193 138
-0.388073 0.1849724 0.08655493 149 124 81
-0.2989289 0.09480336 0.1849207 35 26 16
-0.3050768 0.1573064 0.04864311 127 98 57
-0.4229109 0.1757504 0.1131957 193 170 120
-0.3686047 0.2198104 0.04454453 151 123 74
-0.3194219 0.1429624 0.07016063 146 117 75
-0.2835593 0.06713836 0.1705757 55 31 5
-0.3296683 0.2085384 0.01687913 165 136 83
-0.4679952 0.1706274 0.1562307 156 131 90
-0.4813156 0.1327154 0.2207833 92 65 41
-0.3491365 0.09480336 0.1316393 184 161 118
-0.3604076 0.2167364 0.03839665 152 123 74
-0.2917564 0.1019764 0.07835778 122 85 35
-0.2979043 0.1091484 0.07323455 214 208 174
-0.4413545 0.2556724 0.07630848 95 72 62
-0.3286436 0.2034154 0.02405166 143 113 67
-0.4382805 0.1900954 0.1244667 114 84 43
-0.4761924 0.1439864 0.1972165 165 144 109
-0.4382805 0.1409124 0.1756989 177 158 124
-0.3962701 0.1060754 0.1767236 168 144 105
-0.3573337 0.1173454 0.1203682 142 108 63
-0.4147137 0.08148336 0.1982411 194 171 131
-0.4116398 0.08558136 0.2002904 110 84 57
-0.4075412 0.1859964 0.1019246 149 122 76
-0.3429886 0.2136619 0.0158545 169 134 68
-0.5304985 0.1675534 0.2125861 171 148 111
-0.313274 0.09685336 0.2484487 23 14 8
-0.3624569 0.1808734 0.06811133 155 129 85
-0.3071261 0.1726764 0.01175593 197 175 122
-0.359383 0.1419374 0.09680137 199 184 135
-0.4249602 0.06611336 0.2269311 171 150 122
-0.3030275 0.09787736 0.1961918 143 120 75
-0.3317176 0.1716514 0.03019953 185 158 105
-0.4987345 0.1388634 0.218734 80 49 23
-0.4864388 0.1726764 0.1695511 156 130 86
-0.419837 0.2095644 0.08860421 125 88 47
-0.3440133 0.2054654 0.03019953 146 115 69
-0.4710691 0.1685779 0.1613539 159 134 91
-0.3931962 0.1337404 0.143935 193 171 124
-0.4556995 0.1890704 0.1336885 83 53 27
-0.3102001 0.09480336 0.1900439 44 36 24
-0.4382805 0.2300564 0.097826 80 44 15
-0.3870483 0.2013664 0.05274167 156 126 80
-0.3573337 0.09172936 0.143935 131 107 70
-0.3972948 0.1296414 0.1552061 197 177 135
-0.508981 0.1941934 0.1756989 133 103 61
-0.3829497 0.2280074 0.0506924 138 105 55
-0.2999536 0.06611336 0.1992657 32 23 17
-0.2927811 0.09890236 0.06708669 140 114 77
-0.4157384 0.06816236 0.2166847 199 177 135
-0.3501612 0.1357894 0.1070478 163 139 96
-0.4475023 0.1398874 0.1859454 170 151 120
-0.4413545 0.2116134 0.1080725 158 130 81
-0.491562 0.1480854 0.201315 162 139 101
-0.4249602 0.2474754 0.06503739 44 27 16
-0.3747526 0.1132464 0.1521321 68 41 22
-0.4136891 0.1767744 0.06913599 138 103 56
-0.3235204 0.09377936 0.1090971 88 51 20
-0.4577487 0.2218594 0.09680137 122 99 75
-0.4249602 0.06303936 0.2300051 171 151 127
-0.4362312 0.1952184 0.1049985 175 144 89
-0.3552844 0.2064894 0.03634738 131 98 50
-0.4597981 0.1306664 0.2095122 147 122 87
-0.3142986 0.1921454 0.007657327 130 96 47
-0.3522104 0.1665284 0.06093883 194 171 118
-0.3798758 0.2228839 0.04556918 91 55 23
-0.4034426 0.1818974 0.06401276 163 135 89
-0.3727033 0.1265674 0.1336885 186 165 120
-0.4044673 0.2105884 0.07118526 200 174 121
-0.4393052 0.2403024 0.07835778 137 104 54
-0.3071261 0.1562824 0.04864311 173 146 96
-0.4741431 0.2157114 0.1213928 155 125 69
-0.5356217 0.1829234 0.2033643 125 96 57
-0.3020029 0.04049736 0.233079 48 35 23
-0.4300834 0.2136619 0.0998753 133 103 62
-0.4321327 0.05791636 0.2320543 199 178 134
-0.4249602 0.1798494 0.1090971 164 135 88
-0.4403298 0.2218594 0.1019246 106 75 39
-0.3942209 0.09992636 0.1767236 178 153 109
-0.4731185 0.1655044 0.1705757 171 145 99
-0.3583583 0.1439864 0.1060232 168 145 105
-0.4966852 0.1419374 0.2115615 147 120 78
-0.4556995 0.1634544 0.15828 168 145 107
-0.4300834 0.1603814 0.1429103 179 158 121
-0.370654 0.2208344 0.04659381 151 122 72
-0.3972948 0.1788244 0.0998753 194 171 121
-0.4475023 0.1378384 0.1890193 169 149 113
-0.2938057 0.09582736 0.1808222 92 69 40
-0.4505763 0.2351794 0.09167813 156 125 67
-0.3460626 0.1634544 0.07938241 77 48 25
-0.4741431 0.09582736 0.2443501 197 179 144
-0.2897072 0.1757504 0.01278057 164 137 89
-0.3727033 0.09275436 0.1593046 74 45 22
-0.4434037 0.1849724 0.1306146 119 87 46
-0.3102001 0.1050494 0.2463994 83 70 56
-0.4843895 0.2157114 0.143935 147 115 60
-0.4597981 0.2525984 0.08245635 60 31 13
-0.4516009 0.1849724 0.1336885 107 77 40
-0.2866332 0.03332536 0.1992657 55 43 35
-0.4218862 0.1767744 0.09885066 181 158 108
-0.3245451 0.2023914 0.005608047 190 164 108
-0.3071261 0.1101734 0.07835778 158 133 94
-0.4423791 0.1091484 0.2125861 190 172 140
-0.5028331 0.2064894 0.1654525 153 122 71
-0.4587734 0.1706274 0.1490582 135 101 62
-0.4669705 0.1675534 0.1603293 163 142 105
-0.370654 0.2239094 0.03634738 103 67 26
-0.3091754 0.1931694 -0.005663013 95 65 35
-0.4106152 0.2126374 0.08860421 107 74 39
-0.3030275 0.1665284 0.03327345 127 97 64
-0.28151 0.1818974 -0.01078624 141 110 61
-0.3501612 0.1460359 0.097826 181 161 123
-0.3624569 0.1388634 0.1008999 191 170 122
-0.4393052 0.2454259 0.07323455 94 62 32
-0.4157384 0.2177604 0.08450563 173 145 92
-0.3757773 0.1788244 0.04351988 187 157 101
-0.4085658 0.1829234 0.1049985 150 122 79
-0.4802909 0.1839474 0.1562307 107 75 40
-0.2927811 0.04767036 0.1972165 22 13 6
-0.5407449 0.2300564 0.18697 96 56 22
-0.5223013 0.2023914 0.1777482 153 120 66
-0.5151288 0.1849724 0.1767236 169 140 87
-0.2866332 0.06406336 0.1716004 33 24 19
-0.5397203 0.2239094 0.1879947 75 46 21
-0.3204465 0.1286174 0.08040708 158 131 87
-0.4259848 0.2413284 0.06708669 112 74 39
-0.3624569 0.1726764 0.03737203 153 124 81
-0.3183972 0.1870224 0.01278057 138 110 67
-0.2804854 0.04767036 0.1746743 34 26 21
-0.284584 0.005659357 0.2453747 124 94 55
-0.3429886 0.2136619 0.02200236 147 117 66
-0.2999536 0.05791636 0.201315 33 25 19
-0.5284492 0.2280074 0.1777482 100 60 24
-0.5315231 0.2064894 0.1879947 151 123 81
-0.3768019 0.2013664 0.07323455 140 110 65
-0.5325477 0.1788244 0.2033643 102 72 40
-0.4095905 0.09172936 0.1941425 167 142 101
-0.4177876 0.1624304 0.1336885 164 141 101
-0.2938057 0.1265674 0.2207833 135 101 45
-0.3245451 0.2187854 -0.006687673 104 69 25
-0.4495516 0.05484236 0.2484487 202 184 146
-0.3890976 0.2331304 0.04966773 124 88 38
-0.4065166 0.2444014 0.04044595 89 55 29
-0.4095905 0.1439864 0.143935 168 148 110
-0.3306929 0.09992636 0.1080725 167 143 101
-0.3972948 0.1788244 0.0558156 171 145 99
-0.4731185 0.2280074 0.1316393 73 42 18
-0.3491365 0.09172936 0.1347132 135 104 72
-0.5223013 0.1573064 0.2238572 175 154 117
-0.2804854 0.08763136 0.143935 33 23 18
-0.2804854 0.002585357 0.2412761 105 80 57
-0.5079563 0.1993174 0.1675018 168 138 83
-0.5253753 0.2423524 0.1613539 110 75 40
-0.402418 0.1737014 0.1111464 151 123 78
-0.370654 0.1859964 0.04044595 179 153 103
-0.3030275 0.1070994 0.07118526 199 181 133
-0.5325477 0.1747264 0.204389 135 103 64
-0.3511858 0.2249334 0.002534127 122 92 55
-0.4229109 0.05689236 0.2238572 166 144 107
-0.4331573 0.1706274 0.1357378 106 76 44
-0.3481119 0.09377936 0.1377871 143 113 73
-0.3142986 0.1665284 0.04966773 65 38 14
-0.3942209 0.1818974 0.09372743 158 134 91
-0.419837 0.1429624 0.15828 168 146 110
-0.3921715 0.2341554 0.05376633 135 98 46
-0.3071261 0.09070436 0.2269311 66 37 11
-0.4034426 0.2310804 0.06401276 139 109 66
-0.4126644 0.2269824 0.07835778 111 75 31
-0.3757773 0.1378384 0.1285653 159 133 89
-0.4792663 0.2577214 0.09885066 56 29 14
-0.3347915 0.1368134 0.0906535 151 121 73
-0.3102001 0.1050494 0.2494733 19 13 9
-0.3050768 0.1911199 0.002534127 136 106 58
-0.4567241 0.09992636 0.2269311 184 166 130
-0.3296683 0.09582736 0.1101217 149 123 82
-0.3245451 0.09070436 0.1172942 169 140 88
-0.3809005 0.2013664 0.07528385 125 96 53
-0.4638966 0.1193954 0.2156601 198 179 137
-0.4249602 0.2054654 0.1049985 85 54 25
-0.3501612 0.1204194 0.1172942 153 125 85
-0.3819251 0.2075144 0.07220993 166 138 82
-0.3542598 0.2054654 0.03224879 44 26 15
-0.4874634 0.1921454 0.1593046 116 84 42
-0.3675801 0.1163214 0.1429103 78 50 25
-0.434182 0.1993174 0.09372743 140 106 59
-0.3142986 0.1142714 0.08040708 145 117 81
-0.2897072 0.05484236 0.18697 39 33 29
-0.4700445 0.2577214 0.08245635 36 19 9
-0.3604076 0.2075144 0.03942133 150 114 65
-0.4362312 0.2331304 0.08143171 171 140 83
-0.3737279 0.09890236 0.1613539 76 43 17
-0.5284492 0.2525984 0.15828 68 35 13
-0.4526255 0.1275914 0.2074629 160 135 98
-0.4003687 0.1429624 0.12959 185 161 115
-0.4044673 0.1060754 0.1808222 177 152 110
-0.2979043 0.03537436 0.2218079 27 17 14
-0.4382805 0.2495244 0.07835778 41 22 12
-0.3358162 0.1193954 0.09680137 205 188 144
-0.3993441 0.1255424 0.1634032 163 138 101
-0.4587734 0.1675534 0.1541814 157 133 93
-0.2948304 0.1245184 0.2197586 137 103 43
-0.3481119 0.2228839 -0.001564453 80 52 30
-0.4229109 0.1491094 0.1480335 172 152 117
-0.3645062 0.2167364 0.04659381 137 111 61
-0.3153233 0.1388634 0.06708669 150 124 83
-0.3378654 0.09275436 0.1234421 112 78 45
-0.3204465 0.2157114 -0.007712313 99 62 19
-0.3368408 0.2198104 0.005608047 91 54 15
-0.3317176 0.1030004 0.1060232 175 155 116
-0.5007838 0.1839474 0.1664771 160 130 76
-0.3901223 0.1419374 0.1306146 158 128 80
-0.5304985 0.2228839 0.1808222 65 36 13
-0.388073 0.1306664 0.1408611 199 176 122
-0.4679952 0.2013664 0.1285653 127 85 39
-0.5192274 0.2290324 0.1675018 100 66 34
-0.2825347 0.1327154 0.023027 136 104 60
-0.3972948 0.1398874 0.1429103 181 160 121
-0.431108 0.1122224 0.1972165 171 147 104
-0.4218862 0.08660636 0.2074629 164 141 104
-0.4864388 0.1142714 0.2402515 184 165 131
-0.4464777 0.1316904 0.1992657 118 89 56
-0.5407449 0.2536234 0.1572553 112 65 22
-0.2856086 0.08865536 0.1408611 75 57 47
-0.4259848 0.1993174 0.08655493 173 141 80
-0.3931962 0.1009514 0.1756989 147 117 76
-0.2979043 0.09787736 0.1705757 155 118 55
-0.295855 0.1245184 0.2228326 134 102 45
-0.3727033 0.2310804 0.02610093 167 143 95
-0.3839744 0.2290324 0.03839665 93 54 20
-0.4290588 0.1439864 0.1623786 160 141 107
-0.4659459 0.2392784 0.1152449 69 44 20
-0.3819251 0.1603814 0.1162696 130 101 64
-0.3122493 0.06816236 0.2382022 43 32 24
-0.431108 0.09582736 0.2125861 171 150 117
-0.4136891 0.1306664 0.1736497 191 169 127
-0.4649213 0.2239094 0.1224175 103 72 45
-0.4526255 0.2362044 0.09167813 155 123 69
-0.4700445 0.1296414 0.2166847 132 107 65
-0.3153233 0.1142714 0.08348101 148 119 84
-0.5315231 0.2116134 0.1859454 147 119 77
-0.5284492 0.1911199 0.1931179 131 106 75
-0.4782416 0.2126374 0.1306146 142 107 52
-0.356309 0.1357894 0.1019246 200 179 130
-0.3122493 0.1726764 0.0158545 192 171 123
-0.4300834 0.04971936 0.2351283 193 174 138
-0.4054919 0.1726764 0.09680137 194 171 121
-0.505907 0.1296414 0.2382022 175 156 123
-0.3194219 0.1829234 0.01073128 154 125 75
-0.4833648 0.1224684 0.2310297 196 175 130
-0.4075412 0.1337404 0.1603293 190 170 126
-0.4720938 0.2403024 0.1213928 59 33 16
-0.3860237 0.08660636 0.1756989 150 117 69
-0.3911469 0.1696024 0.0998753 187 165 117
-0.3839744 0.1696024 0.1039739 170 143 90
-0.4229109 0.2187854 0.09167813 112 80 41
-0.5182027 0.1316904 0.2463994 195 179 142
-0.5038578 0.2034154 0.1685264 147 115 68
-0.3819251 0.1357894 0.1418857 74 46 21
-0.341964 0.2228839 0.006632707 98 71 41
-0.2968797 0.1255424 0.2341037 151 111 50
-0.2886825 0.1101734 0.1972165 121 89 42
-0.4854142 0.2413284 0.1275407 111 83 54
-0.3552844 0.2044404 0.03634738 170 137 72
-0.4188123 0.1757504 0.1213928 157 131 87
-0.3296683 0.1911199 0.03737203 136 107 62
-0.3911469 0.1388634 0.1357378 184 158 111
-0.2979043 0.1696024 0.02917486 134 105 63
-0.3675801 0.2177604 0.04864311 144 113 65
-0.4259848 0.2034154 0.1060232 101 70 40
-0.2907318 0.1316904 0.03532273 169 144 101
-0.3931962 0.1962434 0.08655493 138 106 62
-0.2897072 0.1696024 0.01995307 135 105 68
-0.4659459 0.1911199 0.1367625 99 63 31
-0.3317176 0.1777999 0.04351988 157 132 90
-0.2917564 0.1614054 0.02405166 185 161 108
-0.2999536 0.1173454 0.2269311 129 102 57
-0.4966852 0.2362044 0.1429103 126 90 45
-0.3204465 0.1019764 0.09885066 137 107 66
-0.370654 0.2310804 0.0179038 63 33 17
-0.3788512 0.09275436 0.1675018 129 97 60
-0.5325477 0.2454259 0.1613539 138 100 50
-0.5130796 0.2167364 0.1716004 117 87 50
-0.3870483 0.2249334 0.06708669 37 16 7
-0.3317176 0.1644794 0.06503739 114 85 51
-0.3757773 0.2187854 0.04454453 143 102 51
-0.2804854 0.1132464 0.1890193 130 104 65
-0.4331573 0.2392784 0.08553028 131 102 61
-0.5284492 0.1818974 0.1920932 165 136 85
-0.505907 0.2003419 0.1716004 142 110 63
-0.3757773 0.1696024 0.09475207 167 140 94
-0.3409394 0.1142714 0.1090971 170 149 113
-0.4659459 0.1152964 0.2259065 196 179 146
-0.2804854 0.1614054 0.01892843 130 103 59
-0.284584 0.1419374 0.03224879 130 98 59
-0.3399147 0.2280074 -0.008736943 61 35 19
-0.4792663 0.2485004 0.1162696 82 51 22
-0.4382805 0.2208344 0.1008999 98 71 38
-0.3255697 0.08968036 0.1244667 122 88 42
-0.4413545 0.2515744 0.07630848 42 19 9
-0.3306929 0.1296414 0.08348101 182 157 108
-0.3614322 0.1706274 0.04454453 197 176 129
-0.370654 0.1706274 0.0558156 195 173 124
-0.4526255 0.2187854 0.09680137 174 145 94
-0.4413545 0.1306664 0.1961918 100 72 44
-0.4956606 0.2566974 0.1193435 72 37 10
-0.3634815 0.1040254 0.1377871 101 72 39
-0.3009783 0.03947236 0.2259065 39 27 18
-0.5038578 0.2321064 0.1531568 117 79 40
-0.3368408 0.2095644 0.023027 154 127 79
-0.2856086 0.02410286 0.2269311 26 15 7
-0.3583583 0.2003419 0.04044595 195 174 123
-0.445453 0.2126374 0.1111464 113 84 48
-0.4157384 0.1163214 0.1859454 184 158 106
-0.2804854 0.1111984 0.1828715 66 46 29
-0.3122493 0.08455736 0.2371776 29 22 18
-0.5386957 0.2034154 0.18697 144 112 68
-0.5151288 0.1952184 0.1808222 156 126 75
-0.5130796 0.1337404 0.2402515 187 169 135
-0.3573337 0.1859964 0.06298813 148 117 71
-0.2927811 0.1214444 0.0558156 165 141 98
-0.4679952 0.2136619 0.1306146 125 93 53
-0.2989289 0.1265674 0.2433255 40 27 16
-0.3921715 0.1030004 0.1736497 142 115 78
-0.4792663 0.2362044 0.1285653 126 87 45
-0.4864388 0.1532084 0.1931179 176 154 116
-0.5141042 0.2290324 0.1644279 92 60 29
-0.28151 0.06713836 0.1623786 26 14 11
-0.416763 0.1726764 0.1203682 180 153 104
-0.3081507 0.05689236 0.2238572 34 24 15
-0.2989289 0.08558136 0.1654525 55 42 33
-0.3368408 0.2269824 -0.01078624 52 27 12
-0.4567241 0.1757504 0.1429103 105 73 39
-0.3972948 0.1982924 0.08860421 148 117 67
-0.4239355 0.1296414 0.1849207 121 91 55
-0.4956606 0.2362044 0.1429103 133 95 46
-0.2989289 0.1829234 -0.01078624 136 104 54
-0.2897072 0.1665284 0.01278057 200 178 128
-0.327619 0.1716514 0.02917486 187 159 108
-0.3122493 0.06611336 0.2197586 34 20 13
-0.3122493 0.08045836 0.2310297 35 23 11
-0.4516009 0.1460359 0.1767236 173 153 119
-0.313274 0.08763136 0.247424 40 34 30
-0.3583583 0.1204194 0.1183189 174 146 98
-0.3952455 0.1624304 0.1213928 147 117 69
-0.4751677 0.2546484 0.1039739 85 51 25
-0.3809005 0.1296414 0.1459843 100 70 41
-0.3583583 0.2228839 0.02097773 90 54 21
-0.2938057 0.1398874 0.02917486 187 166 121
-0.4751677 0.1706274 0.1654525 171 144 93
-0.2999536 0.1060754 0.07733313 179 157 117
-0.3665555 0.2034154 0.06503739 149 118 71
-0.4987345 0.1470604 0.2084875 169 147 108
-0.3030275 0.1265674 0.0578649 183 159 116
-0.5171781 0.2372294 0.1552061 140 102 49
-0.3716787 0.1737014 0.04351988 141 108 67
-0.370654 0.1593554 0.1008999 181 155 106
-0.3870483 0.07226136 0.1910686 150 125 92
-0.4106152 0.1296414 0.1705757 190 170 132
-0.4690199 0.2321064 0.1224175 114 82 40
-0.4147137 0.1716514 0.08962887 182 154 102
-0.3870483 0.1542324 0.1244667 138 107 69
-0.4259848 0.09275436 0.2095122 174 155 119
-0.4362312 0.08865536 0.2197586 173 154 121
-0.4577487 0.1982924 0.12959 137 105 57
-0.3071261 0.1757504 0.003558777 186 159 108
-0.4044673 0.1962434 0.06503739 160 135 87
-0.462872 0.1798494 0.143935 89 57 30
-0.4884881 0.2054654 0.1480335 152 118 65
-0.4608227 0.1480854 0.1797975 167 146 111
-0.3265943 0.2157114 0.001509477 99 64 22
-0.4157384 0.09480336 0.2412761 197 176 134
-0.3071261 0.1378384 0.0599142 137 105 60
-0.445453 0.2495244 0.08553028 39 23 14
-0.5335724 0.1419374 0.2494733 180 163 128
-0.295855 0.1409124 0.04556918 161 135 91
-0.3737279 0.1030004 0.1562307 83 39 11
-0.4300834 0.2259574 0.0927028 117 85 43
-0.3686047 0.1265674 0.1367625 171 148 107
-0.3122493 0.1562824 0.05376633 155 127 82
-0.4065166 0.1265674 0.172625 156 129 95
-0.5274245 0.2105884 0.1838961 128 103 70
-0.4608227 0.1286174 0.2125861 156 132 91
-0.4516009 0.1829234 0.1357378 117 85 44
-0.3542598 0.1070994 0.126516 198 178 131
-0.3194219 0.1675534 0.03737203 194 172 121
-0.4608227 0.1993174 0.1254914 142 111 62
-0.4403298 0.1726764 0.1377871 102 69 36
-0.3757773 0.1706274 0.05684027 189 167 117
-0.4761924 0.1245184 0.2259065 164 142 106
-0.295855 0.1234939 0.0506924 157 134 91
-0.327619 0.2208344 -0.005663013 101 61 23
-0.5161535 0.1655044 0.2064383 164 138 96
-0.4423791 0.08660636 0.2259065 179 158 120
-0.3983194 0.08660636 0.1890193 137 109 75
-0.4608227 0.1982924 0.1316393 118 85 43
-0.341964 0.1993174 0.04454453 117 86 48
-0.2907318 0.05894036 0.1849207 34 26 22
-0.4393052 0.1685779 0.1418857 164 139 99
-0.4567241 0.2167364 0.1172942 118 86 46
-0.3911469 0.1327154 0.1500828 176 156 113
-0.5356217 0.2085384 0.1849207 171 140 83
-0.431108 0.1214444 0.1972165 160 136 95
-0.4597981 0.1388634 0.1961918 179 157 117
-0.3686047 0.1552579 0.1080725 161 138 93
-0.4597981 0.2290324 0.1162696 100 69 37
-0.3061015 0.09070436 0.2197586 97 59 13
-0.3819251 0.1019764 0.1890193 177 148 92
-0.2804854 0.1491094 0.01482987 132 98 49
-0.3727033 0.2198104 0.0558156 47 20 4
-0.3522104 0.2249334 0.01175593 96 57 22
-0.370654 0.1224684 0.1408611 165 138 93
-0.3757773 0.1716514 0.08655493 142 120 79
-0.4936113 0.2228839 0.1531568 121 88 44
-0.3470872 0.1111984 0.1152449 175 152 116
-0.4106152 0.2341554 0.06811133 157 123 66
-0.2907318 0.1726764 -0.003613743 166 139 90
-0.4556995 0.2013664 0.112171 170 140 85
-0.4782416 0.2075144 0.1388118 131 101 60
-0.3911469 0.1696024 0.07323455 192 169 120
-0.295855 0.1265674 0.04556918 182 158 114
-0.341964 0.2280074 -0.001564453 103 71 37
-0.3501612 0.1275914 0.1131957 161 133 83
-0.4044673 0.2269824 0.07016063 169 140 88
-0.491562 0.2372294 0.1388118 121 84 40
-0.345038 0.1931694 0.04966773 148 120 75
-0.3890976 0.1296414 0.143935 181 157 110
-0.4229109 0.2454259 0.05479097 57 26 11
-0.520252 0.1952184 0.1838961 142 112 69
-0.3829497 0.2300564 0.04351988 105 69 27
-0.313274 0.06611336 0.2433255 27 18 15
-0.4157384 0.1880464 0.07323455 158 129 85
-0.3163479 0.1706274 0.04556918 139 109 67
-0.5018084 0.1501344 0.2084875 165 143 106
-0.3368408 0.1142714 0.09885066 114 87 60
-0.4177876 0.2044404 0.0998753 64 34 10
-0.4003687 0.2413284 0.03327345 118 85 57
-0.3347915 0.2034154 0.03019953 88 59 29
-0.3942209 0.1829234 0.09167813 159 134 89
-0.4690199 0.2239094 0.126516 132 106 81
-0.3112247 0.1480854 0.05888953 117 82 43
-0.2979043 0.1706274 0.01073128 211 194 148
-0.2866332 0.1788244 0.005608047 133 102 62
-0.4434037 0.1183704 0.2084875 157 139 93
-0.2886825 0.04049736 0.1951672 36 26 17
-0.3470872 0.2085384 0.03019953 127 94 49
-0.3050768 0.1193954 0.06503739 172 148 106
-0.3122493 0.09070436 0.2228326 127 94 55
-0.4823402 0.2556724 0.1090971 95 59 22
-0.2866332 0.1644794 0.0179038 106 73 42
-0.3696294 0.1726764 0.04044595 156 124 80
-0.4106152 0.1040254 0.1900439 174 150 110
-0.5141042 0.1470604 0.2269311 133 103 69
-0.4475023 0.1614054 0.1541814 173 152 119
-0.3788512 0.2331304 0.02815023 92 67 37
-0.4249602 0.2433764 0.07528385 59 34 14
-0.4249602 0.1870224 0.1152449 147 120 74
-0.4966852 0.1409124 0.2136108 150 122 81
-0.491562 0.1655044 0.18697 159 135 96
-0.3122493 0.09480336 0.2494733 37 32 27
-0.3224958 0.1132464 0.08962887 124 93 58
-0.3890976 0.1542324 0.1244667 161 134 86
-0.2979043 0.1347644 0.0506924 162 137 94
-0.4864388 0.2382534 0.1336885 118 81 38
-0.5028331 0.1993174 0.1623786 122 84 41
-0.4290588 0.1327154 0.1818468 181 159 112
-0.3768019 0.1173454 0.1521321 98 67 37
-0.434182 0.09890236 0.2084875 193 173 138
-0.3440133 0.09070436 0.1316393 96 58 24
-0.4044673 0.1429624 0.1377871 197 179 131
-0.4177876 0.2310804 0.07938241 110 74 31
-0.3388901 0.1347644 0.09680137 145 119 77
-0.3081507 0.08660636 0.1972165 85 60 41
-0.4608227 0.2454259 0.09372743 105 72 34
-0.4587734 0.1398874 0.1931179 173 152 117
-0.3214711 0.2003419 0.001509477 167 139 89
-0.4597981 0.1798494 0.1418857 110 76 42
-0.4895127 0.1245184 0.2361529 148 120 76
-0.5325477 0.1419374 0.247424 200 182 142
-0.5263999 0.2474754 0.1521321 125 84 37
-0.4864388 0.1450104 0.201315 141 117 82
-0.2917564 0.1470604 0.02712559 164 137 89
-0.4741431 0.2249334 0.1234421 166 136 75
-0.3942209 0.09582736 0.1797975 139 111 76
-0.5325477 0.1562824 0.233079 179 157 119
-0.4300834 0.2044404 0.0906535 141 111 66
-0.3665555 0.1880464 0.06811133 152 122 75
-0.4239355 0.07635936 0.2125861 179 156 111
-0.3522104 0.2105884 0.04249525 77 50 24
-0.419837 0.1398874 0.1634032 164 143 107
-0.3071261 0.07123636 0.2084875 41 28 18
-0.3440133 0.1624304 0.07835778 90 59 29
-0.3040522 0.1070994 0.07835778 166 141 99
-0.4925866 0.1132464 0.2494733 139 113 80
-0.3142986 0.1655044 0.04249525 112 82 47
-0.4147137 0.2362044 0.06503739 134 100 52
-0.5263999 0.1634544 0.2156601 156 134 99
-0.3542598 0.1829234 0.03532273 151 121 71
-0.3061015 0.1040254 0.2341037 89 68 47
-0.5284492 0.2023914 0.1808222 155 123 70
-0.3860237 0.2351794 0.023027 66 33 10
-0.508981 0.1777999 0.1879947 118 88 62
-0.4792663 0.1173454 0.2320543 205 189 151
-0.4649213 0.2136619 0.1080725 169 137 80
-0.3030275 0.05791636 0.2084875 36 27 19
-0.4321327 0.2321064 0.0906535 136 108 68
-0.3952455 0.1941934 0.08860421 129 99 55
-0.3747526 0.1665284 0.1008999 144 115 71
-0.3573337 0.1696024 0.07220993 156 129 83
-0.3809005 0.2198104 0.05171703 131 97 49
-0.4013933 0.1634544 0.1244667 202 177 130
-0.4597981 0.09582736 0.2361529 182 164 134
-0.313274 0.2013664 -0.007712313 160 133 84
-0.3655308 0.2198104 0.03737203 130 99 55
-0.3061015 0.1101734 0.2382022 75 58 38
-0.3511858 0.1962434 0.05376633 144 115 68
-0.445453 0.2198104 0.1080725 112 82 44
-0.3583583 0.2044404 0.05684027 128 97 54
-0.3122493 0.07533536 0.2269311 38 24 15
-0.3870483 0.1726764 0.05171703 134 100 56
-0.4280341 0.1122224 0.1951672 157 130 84
-0.5141042 0.2013664 0.1777482 147 118 75
-0.4013933 0.1111984 0.1756989 159 134 94
-0.3481119 0.1470604 0.09577673 174 153 112
-0.2938057 0.01693036 0.2494733 117 77 37
-0.4013933 0.1849724 0.097826 153 127 82
-0.4034426 0.2075144 0.08962887 84 50 20
-0.2897072 0.1347644 0.2269311 137 108 58
-0.4044673 0.09377936 0.1890193 140 115 83
-0.462872 0.1521834 0.1777482 213 199 168
-0.4177876 0.2464514 0.04556918 78 40 14
-0.3942209 0.1480854 0.126516 180 153 105
-0.370654 0.1511594 0.09885066 197 174 125
-0.4362312 0.09377936 0.2136108 195 177 137
-0.4393052 0.2485004 0.06913599 60 33 18
-0.3675801 0.2187854 0.03224879 135 100 52
-0.4321327 0.1993174 0.1049985 110 75 37
-0.494636 0.1152964 0.247424 166 143 103
-0.3399147 0.2269824 -0.005663013 99 63 27
-0.3481119 0.2290324 -0.01078624 50 21 7
-0.388073 0.09480336 0.1797975 129 82 36
-0.3235204 0.1767744 0.01482987 108 77 42
-0.4731185 0.1378384 0.2074629 184 162 121
-0.28151 0.1173454 0.1951672 162 128 65
-0.2917564 0.1019764 0.06401276 144 115 80
-0.3265943 0.1941934 0.01995307 141 108 62
-0.313274 0.1634544 0.04659381 97 67 34
-0.5151288 0.2126374 0.1736497 137 106 63
-0.3686047 0.1337404 0.1039739 196 174 124
-0.4280341 0.2351794 0.07528385 146 112 55
-0.4669705 0.2566974 0.0927028 45 23 15
-0.4362312 0.1081234 0.2095122 176 155 118
-0.4290588 0.1357894 0.1767236 175 155 118
-0.3511858 0.1552579 0.0927028 159 133 90
-0.2927811 0.08455736 0.1613539 55 40 33
-0.2886825 0.1214444 0.05171703 167 142 95
-0.2825347 0.1111984 0.1910686 109 80 39
-0.4526255 0.2454259 0.08348101 112 77 37
-0.3368408 0.1685779 0.04659381 124 88 44
-0.4352066 0.2351794 0.09167813 97 67 39
-0.3737279 0.2239094 0.04351988 134 103 56
-0.2886825 0.1716514 -0.0005398126 199 176 123
-0.3757773 0.1798494 0.04147058 180 153 99
-0.2876579 0.08968036 0.1470089 33 20 15
-0.4936113 0.2187854 0.1552061 148 114 58
-0.4669705 0.1573064 0.1756989 169 147 108
-0.2999536 0.1696024 0.0179038 175 152 102
-0.4966852 0.1306664 0.2300051 174 151 110
-0.4597981 0.2403024 0.0998753 128 96 51
-0.3931962 0.2259574 0.06093883 75 46 23
-0.4884881 0.2331304 0.1408611 120 83 43
-0.508981 0.1767744 0.1879947 158 137 103
-0.2856086 0.1070994 0.0558156 177 152 102
-0.5048824 0.1818974 0.1808222 104 75 42
-0.4556995 0.1419374 0.1859454 172 152 120
-0.5028331 0.2136619 0.1644279 116 85 46
-0.3173725 0.1665284 0.04351988 130 100 60
-0.2856086 0.1101734 0.1941425 122 91 45
-0.4034426 0.09070436 0.1900439 138 112 77
-0.4495516 0.1275914 0.2054136 163 137 101
-0.3173725 0.2136619 -0.007712313 99 63 22
-0.2979043 0.1060754 0.2074629 133 90 23
-0.3030275 0.1060754 0.2248818 148 110 35
-0.4485269 0.2300564 0.1049985 114 82 48
-0.4413545 0.1142714 0.2084875 178 160 129
-0.313274 0.1818974 0.006632707 156 127 82
-0.3081507 0.2003419 -0.005663013 157 129 78
-0.3337668 0.1614054 0.07220993 123 95 59
-0.2825347 0.1552579 0.02405166 124 91 48
-0.2938057 0.1111984 0.06606206 155 129 85
-0.4700445 0.2044404 0.126516 153 122 68
-0.2835593 0.1234939 0.03942133 198 179 138
-0.4044673 0.1849724 0.1008999 133 101 55
-0.1370352 0.1798494 0.07835778 39 24 15
-0.1647006 0.1747264 0.09372743 152 115 38
-0.07350731 0.2167364 0.1490582 50 43 37
-0.05711302 0.2218594 0.1808222 39 36 32
-0.1339613 0.1829234 0.08553028 59 35 17
-0.2343764 0.1737014 0.2095122 123 84 28
-0.1021973 0.2269824 0.2105368 35 31 28
-0.2138835 0.1777999 0.1838961 20 13 10
-0.08580303 0.1757504 0.03429809 100 68 20
-0.04584193 0.2290324 0.2494733 44 40 36
-0.05403909 0.2259574 0.204389 43 40 36
-0.09502483 0.2269824 0.1972165 46 42 37
-0.160602 0.1388634 0.01278057 133 98 31
-0.02944763 0.2157114 0.1541814 34 30 26
-0.2630664 0.002585357 0.2125861 24 11 6
-0.2784361 0.08763136 0.1213928 95 80 65
-0.2774114 0.1193954 0.04659381 130 101 61
-0.1401091 0.2228839 0.2423008 126 89 36
-0.1442077 0.1818974 0.0906535 133 99 37
-0.1216656 0.1890704 0.08450563 37 25 19
-0.2589678 0.1491094 0.2033643 121 82 22
-0.04789123 0.2105884 0.1203682 30 24 18
-0.1995385 0.1880464 0.1920932 88 74 71
-0.1339613 0.1644794 0.03327345 67 39 18
-0.2712636 0.1163214 0.02917486 177 154 112
-0.09604949 0.2075144 0.126516 93 62 30
-0.09297556 0.2177604 0.1511075 49 39 30
-0.1903167 0.1347644 0.03019953 39 25 15
-0.07248269 0.2003419 0.07528385 29 25 21
-0.08887696 0.01590636 -0.003613743 9 5 4
-0.05916229 0.2126374 0.1326639 35 29 23
-0.08785233 0.2023914 0.0906535 21 16 12
-0.2200314 0.1859964 0.218734 123 87 32
-0.2476968 0.1357894 0.1111464 174 143 88
-0.1144931 0.02922636 0.02405166 55 37 30
-0.2169574 0.1234939 -0.009761613 95 69 40
-0.06018695 0.1542324 0.023027 7 3 2
-0.235401 0.02307836 0.08962887 56 40 27
-0.1073205 0.2013664 0.1162696 138 102 34
-0.2589678 0.1614054 0.2248818 143 105 35
-0.2620418 0.06918736 0.08962887 142 104 36
-0.2640911 0.1122224 0.1172942 84 67 57
-0.22413 -0.0004886432 0.1203682 47 23 6
-0.05813766 0.2177604 0.1552061 41 36 30
-0.209785 0.1552579 0.1008999 142 104 32
-0.2374503 0.1542324 0.1459843 34 23 16
-0.2087603 0.1726764 0.1449596 34 26 22
-0.08067984 0.1747264 0.03224879 101 72 26
-0.07043339 0.2157114 0.1459843 43 37 32
-0.2333518 0.1296414 -0.0005398126 136 115 83
-0.08170447 0.1921454 0.0599142 39 32 26
-0.2292532 0.1296414 0.08245635 121 79 19
-0.05403909 0.2208344 0.1777482 31 28 25
-0.04686657 0.2187854 0.1541814 61 53 45
-0.2589678 0.1070994 0.0998753 124 87 30
-0.06838409 0.1593554 0.0179038 5 4 2
-0.05096516 0.1808734 -0.008736943 7 3 0
-0.04379264 0.2187854 0.1429103 163 131 75
-0.2015878 0.1777999 0.143935 23 17 12
-0.02534905 0.1880464 0.06913599 18 15 13
-0.192366 0.2013664 0.2197586 123 78 26
-0.09912342 0.02205336 0.009706627 15 5 5
-0.2753622 0.1183704 0.03429809 180 153 108
-0.2302778 0.03434936 0.07528385 40 24 14
-0.2702389 0.05484236 0.1254914 36 25 19
-0.05096516 0.2126374 0.1285653 30 20 12
-0.1985139 0.1337404 0.04351988 36 24 18
-0.2282285 0.03230036 0.07528385 46 29 21
-0.07760589 0.1880464 0.05479097 36 28 21
-0.2774114 0.04049736 0.1756989 37 26 21
-0.2333518 0.05279336 0.06811133 81 52 22
-0.2036371 0.003610357 0.1008999 58 43 35
-0.1728978 0.02615236 0.04556918 41 23 16
-0.1267888 0.1757504 0.04761847 66 56 46
-0.2774114 0.07021236 0.126516 38 26 19
-0.2651157 0.1583314 0.2289804 133 97 30
-0.1155177 0.1685779 0.03019953 120 87 24
-0.2190067 0.1573064 0.1172942 111 74 28
-0.1534295 0.1511594 0.02405166 98 64 24
-0.2507707 0.1419374 0.1336885 73 47 22
-0.2487214 0.1777999 0.2463994 102 69 28
-0.03047227 0.1716514 0.0506924 10 7 5
-0.22413 0.1859964 0.2228326 123 86 32
-0.1718731 0.1450104 0.02815023 103 82 57
-0.25282 0.1696024 0.2259065 167 131 69
-0.103222 0.1347644 -0.006687673 43 23 8
-0.07453194 0.009757357 -0.008736943 41 33 24
-0.1421584 0.1767744 0.06606206 37 29 25
-0.2159328 0.1286174 -0.01181087 170 148 112
-0.08580303 0.2249334 0.1849207 10 11 9
-0.2364257 0.07635936 0.05274167 42 30 21
-0.1595774 0.1665284 0.06811133 24 15 11
-0.2774114 0.08455736 0.1080725 151 112 57
-0.2558939 0.1644794 0.2259065 124 87 25
-0.238475 0.1234939 0.08348101 136 100 44
-0.2692143 0.07431136 0.09372743 144 109 47
-0.2589678 0.1163214 0.02712559 121 92 57
-0.2313025 0.0005363568 0.1275407 79 53 29
-0.2159328 0.1767744 0.1797975 20 12 8
-0.2681896 0.1234939 0.1408611 44 31 21
-0.134986 0.2013664 0.1254914 158 122 45
-0.2364257 0.1542324 0.1470089 29 19 14
-0.1442077 0.1777999 0.07938241 43 24 13
-0.2405243 0.1706274 0.2115615 124 84 28
-0.08067984 0.006684357 0.01278057 16 6 5
-0.02329977 0.1685779 0.0506924 37 31 24
-0.2456475 0.1316904 -0.002589073 187 166 120
-0.2661404 0.1081234 0.03942133 142 105 58
-0.1687992 0.2064894 0.1849207 23 19 18
-0.146257 0.1429624 0.008681977 161 118 33
-0.06428552 0.1573064 -0.001564453 3 3 1
-0.04686657 0.1726764 0.0004848474 8 3 2
-0.09092626 0.2290324 0.2156601 101 91 79
-0.1226902 0.1480854 0.007657327 113 78 21
-0.1913414 0.1624304 0.09372743 156 118 37
-0.2497461 0.1685779 0.2238572 130 92 33
-0.2179821 0.01180736 0.09885066 31 18 13
-0.149331 0.1788244 0.08655493 115 80 26
-0.1687992 0.1716514 0.0906535 140 103 27
-0.22413 0.1716514 0.1634032 15 8 5
-0.131912 0.2034154 0.1285653 153 118 42
-0.2456475 0.1521834 0.15828 29 18 11
-0.1114191 0.1286174 -0.01078624 49 27 10
-0.2589678 0.009757357 0.1613539 93 68 46
-0.1339613 0.2239094 0.2289804 112 75 31
-0.06326089 0.2280074 0.218734 49 45 41
-0.2579432 0.09890236 0.08655493 196 179 157
-0.09707412 0.002585357 0.05888953 46 28 22
-0.1800703 0.03127536 0.04659381 37 16 18
-0.1851935 0.1911199 0.1541814 16 12 10
-0.03969407 0.2228839 0.1879947 34 31 28
-0.1185916 0.1870224 0.06708669 43 36 32
-0.08477839 0.1788244 0.04044595 105 72 23
-0.2630664 0.1439864 0.2023397 138 98 33
-0.1872428 0.05996536 0.0158545 120 87 36
-0.1329367 0.2157114 0.1654525 74 64 56
-0.03969407 0.2269824 0.2300051 48 44 41
-0.1790456 0.2034154 0.1900439 42 35 32
-0.2046617 0.1829234 0.1787729 25 19 17
-0.2456475 0.08045836 0.05376633 42 22 9
-0.2118342 0.1808734 0.1879947 87 74 69
-0.2743375 0.03844836 0.172625 50 38 31
-0.04174335 0.1931694 0.06606206 19 14 7
-0.09297556 0.2177604 0.1531568 38 30 24
-0.2282285 0.1245184 0.001509477 79 44 15
-0.267165 0.04049736 0.1367625 56 41 30
-0.1585528 0.1265674 -0.007712313 123 88 37
-0.2712636 0.07226136 0.09680137 129 102 61
-0.267165 0.1173454 0.04147058 150 127 92
-0.1308874 0.007709357 0.06401276 41 22 13
-0.03662014 0.1603814 0.04147058 36 26 16
-0.221056 0.1911199 0.233079 121 79 21
-0.1667499 0.1644794 0.07528385 113 79 26
-0.02534905 0.2187854 0.1716004 48 42 38
-0.2630664 0.1060754 0.1131957 141 98 23
-0.2692143 0.1388634 -0.004638373 121 85 55
-0.2231053 0.1726764 0.1900439 71 50 38
-0.206711 0.08865536 -0.002589073 173 146 95
-0.09195089 0.1593554 0.0158545 42 24 12
-0.2149082 0.1788244 0.1756989 26 19 16
-0.2640911 0.1101734 0.1162696 100 74 41
-0.09604949 0.2280074 0.247424 91 78 69
-0.1216656 -0.002537643 0.04351988 47 28 22
-0.1667499 0.1911199 0.12959 152 116 39
-0.2692143 0.04459636 0.1459843 24 10 5
-0.1401091 0.1972684 0.1193435 155 119 40
-0.1257642 0.1286174 -0.01181087 50 30 16
-0.02329977 0.1962434 -0.008736943 29 19 9
-0.1011727 0.02307836 0.01380521 27 11 11
-0.2077357 0.05381736 0.04556918 45 27 22
-0.1595774 0.01897936 0.02712559 27 10 10
-0.1903167 -0.002537643 0.09167813 15 6 6
-0.08580303 0.01180736 0.001509477 9 3 0
-0.2056864 0.01180736 0.08655493 29 16 10
-0.2292532 -0.002537643 0.1285653 77 48 23
-0.2722882 0.04049736 0.1572553 36 19 10
-0.2763868 0.06816236 0.1316393 33 23 21
-0.1093698 0.2054654 0.1285653 149 114 42
-0.2733129 0.07840936 0.09372743 159 122 51
-0.2712636 0.1593554 0.2484487 59 45 31
-0.2313025 0.1306664 -0.008736943 174 142 91
-0.2487214 0.07328536 0.06811133 92 64 40
-0.2077357 0.1900954 0.2156601 135 95 34
-0.06940875 0.2177604 0.1541814 36 32 27
-0.03662014 0.2239094 0.201315 39 36 33
-0.1677746 0.01590636 0.06401276 37 23 15
-0.1011727 0.2218594 0.1736497 45 41 37
-0.1872428 0.1614054 0.08757957 146 108 33
-0.2046617 0.1726764 0.1347132 41 31 25
-0.1083452 0.2259574 0.204389 44 40 36
-0.09912342 0.1675534 0.0250763 116 83 29
-0.2487214 0.1265674 0.0998753 137 104 53
-0.146257 0.1573064 0.02815023 96 60 26
-0.03866942 0.1849724 -0.008736943 36 23 14
-0.2446228 0.1091484 0.07630848 143 115 69
-0.1339613 0.2187854 0.18697 33 29 27
-0.2272039 0.1357894 0.0906535 135 96 33
-0.1226902 0.1603814 0.0179038 119 85 28
-0.1903167 0.007709357 0.07425919 21 11 10
-0.1944153 0.01795536 0.06811133 46 29 19
-0.2722882 0.05586736 0.1285653 28 18 16
-0.1216656 0.2228839 0.1972165 39 34 30
-0.06531015 0.2208344 0.1685264 40 36 32
-0.02227512 0.2136619 0.1500828 48 43 38
-0.2517953 0.02512836 0.1213928 94 76 55
-0.2651157 0.03844836 0.1347132 36 22 17
-0.06428552 0.2228839 0.1746743 41 37 33
-0.09092626 0.005659357 0.01892843 24 12 10
-0.2302778 0.1152964 0.06503739 122 94 54
-0.1831442 0.1962434 0.1664771 88 65 47
-0.2015878 0.1706274 0.126516 67 41 22
-0.1790456 0.1818974 0.1224175 150 115 42
-0.1237149 0.1849724 0.06913599 28 22 20
-0.1554788 0.05484236 -0.006687673 112 86 36
-0.2733129 0.005659357 0.2300051 97 78 53
-0.1380599 0.03127536 0.005608047 57 30 12
-0.1841688 0.1972684 0.1787729 36 30 27
-0.1360106 0.02717636 0.001509477 35 15 3
-0.1985139 0.1388634 0.05888953 52 28 8
-0.04789123 0.2187854 0.15828 43 37 31
-0.02842299 0.2075144 0.1070478 38 33 29
-0.1667499 0.1685779 0.08348101 158 120 44
-0.2579432 0.02410286 0.1398364 32 20 16
-0.1124438 0.1993174 0.1111464 134 99 33
-0.08990163 0.1552579 0.01380521 21 7 2
-0.2302778 0.1839474 0.2269311 122 83 20
-0.1062959 0.2269824 0.2238572 46 40 36
-0.09912342 0.1347644 -0.006687673 20 11 7
-0.149331 0.1562824 0.02917486 47 29 16
-0.1841688 0.2116134 0.2279557 137 101 45
-0.1524049 0.1870224 0.1060232 160 124 44
-0.2651157 0.02205336 0.1511075 138 118 88
-0.1544542 0.2218594 0.2095122 87 69 48
-0.1790456 0.1501344 0.0506924 24 15 11
-0.2743375 0.06816236 0.1347132 57 44 34
-0.2517953 0.1562824 -0.01078624 152 125 85
-0.2517953 0.1132464 0.01482987 180 162 123
-0.1370352 0.02102936 0.01995307 49 28 20
-0.06838409 0.2290324 0.2320543 50 46 42
-0.02739833 0.1921454 -0.006687673 5 5 0
-0.1728978 0.2167364 0.2382022 140 102 39
-0.2272039 0.01693036 0.09577673 38 24 16
-0.1442077 0.2116134 0.1654525 46 38 32
-0.2476968 0.1439864 -0.003613743 74 37 15
-0.134986 0.007709357 0.06503739 49 31 21
-0.2763868 0.1183704 0.1879947 114 78 33
-0.02125047 0.1900954 0.07220993 7 5 3
-0.2620418 0.1593554 -0.008736943 121 89 55
-0.2343764 0.01693036 0.1008999 99 78 54
-0.04481729 0.1798494 -0.003613743 26 19 13
-0.06428552 0.1562824 -0.0005398126 5 3 1
-0.1411338 0.007709357 0.06708669 35 15 10
-0.2169574 0.1941934 0.2341037 128 85 26
-0.2149082 0.01897936 0.08348101 34 24 19
-0.06121159 0.2228839 0.1828715 46 42 37
-0.2220807 0.1327154 -0.01078624 136 113 85
-0.221056 0.1737014 0.1664771 23 17 15
-0.163676 0.1521834 0.03737203 29 22 19
-0.1155177 0.2034154 0.1254914 139 103 32
-0.1257642 0.1460359 0.006632707 108 74 21
-0.1226902 0.1982924 0.1142203 128 91 28
-0.1872428 0.1818974 0.1316393 111 78 31
-0.05916229 0.1870224 0.0558156 26 20 15
-0.08477839 0.1931694 0.06093883 39 26 17
-0.1196163 0.1511594 0.009706627 108 75 24
-0.2743375 0.05791636 0.1459843 30 13 5
-0.03354619 0.1573064 0.04147058 16 8 4
-0.1360106 0.2177604 0.1797975 27 24 22
-0.06838409 0.1665284 -0.009761613 67 52 36
-0.1995385 0.2064894 0.2423008 141 104 41
-0.1892921 0.1450104 0.0578649 16 5 2
-0.2220807 0.1214444 0.05684027 81 57 31
-0.2774114 0.1685779 -0.001564453 149 124 80
-0.1892921 0.07943436 -0.005663013 145 108 40
-0.2620418 -0.0004886432 0.218734 85 69 49
-0.1739224 0.1880464 0.1285653 154 119 45
-0.2190067 0.07840936 0.01687913 125 97 63
-0.2005632 0.1081234 0.006632707 122 85 31
-0.2261792 0.01590636 0.09885066 26 13 11
-0.163676 0.03434936 0.0158545 43 23 18
-0.07965517 0.1603814 0.01892843 22 13 11
-0.0263737 0.1931694 0.07425919 15 13 8
-0.2415489 0.005659357 0.1347132 79 51 26
-0.2702389 0.04767036 0.1470089 21 6 3
-0.2620418 0.1532084 0.004583407 111 74 31
-0.2599925 0.0005363568 0.1859454 33 18 11
-0.1769963 0.1880464 0.1336885 147 112 41
-0.2261792 0.1532084 0.1224175 63 34 14
-0.2763868 0.1357894 0.003558777 107 78 44
-0.25282 0.1624304 -0.01181087 122 96 54
-0.1647006 0.1726764 0.08860421 136 100 27
-0.2507707 0.1470604 0.1859454 74 46 17
-0.267165 0.1737014 -0.003613743 155 128 86
-0.04891586 0.2085384 0.1131957 19 15 12
-0.08887696 0.1941934 0.06196346 47 28 16
-0.2661404 0.09172936 0.1019246 164 135 80
-0.09297556 0.2280074 0.2197586 100 90 79
-0.08990163 0.2105884 0.1336885 72 44 21
-0.1882674 0.06816236 0.005608047 140 106 43
-0.2743375 0.04562036 0.1603293 37 24 19
-0.03969407 0.2075144 0.1019246 48 43 39
-0.1626513 0.1378384 0.01175593 132 98 34
-0.2702389 0.1204194 0.02610093 204 182 140
-0.1769963 0.2064894 0.2125861 93 60 23
-0.1554788 0.1398874 0.01175593 127 92 26
-0.1892921 0.07840936 -0.006687673 141 104 44
-0.09912342 0.2269824 0.1951672 62 55 50
-0.2733129 0.07635936 0.09475207 130 92 30
-0.1185916 0.2239094 0.1982411 32 29 26
-0.206711 0.07431136 0.01175593 148 129 92
-0.1083452 0.2269824 0.2084875 35 31 27
-0.1759717 0.2157114 0.2412761 138 99 38
-0.2763868 0.04562036 0.1675018 57 44 35
-0.1677746 0.1880464 0.1224175 155 119 44
-0.2620418 0.1480854 0.2064383 113 72 17
-0.131912 0.03947236 -0.007712313 52 30 12
-0.2681896 0.02000536 0.1931179 36 23 18
-0.2630664 0.1316904 0.02405166 135 110 69
-0.1513802 0.1777999 0.08655493 140 102 32
-0.1247395 0.2146874 0.1593046 75 63 53
-0.2733129 0.07021236 0.1152449 62 45 26
-0.1185916 0.1357894 -0.005663013 52 34 24
-0.05506373 0.1532084 0.02917486 29 15 9
-0.1728978 0.1849724 0.1213928 155 119 43
-0.1544542 0.1357894 0.003558777 115 80 24
-0.100148 0.1706274 0.02917486 124 93 40
-0.03047227 0.2259574 0.2238572 46 43 39
-0.2405243 0.1439864 -0.008736943 107 75 46
-0.1534295 0.2198104 0.2371776 129 93 37
-0.1073205 0.1962434 0.1019246 54 34 19
-0.1308874 0.1398874 0.001509477 97 61 16
-0.1503556 0.1911199 0.1142203 160 122 44
-0.1739224 0.1306664 0.008681977 131 98 34
-0.08580303 0.2023914 0.09577673 18 13 10
-0.206711 0.1347644 0.06298813 91 57 18
-0.2272039 0.1316904 -0.004638373 151 127 86
-0.1278134 0.2105884 0.1500828 78 51 28
-0.2681896 0.002585357 0.2279557 77 60 43
-0.2302778 0.02717636 0.08040708 67 49 33
-0.1790456 0.03127536 0.03532273 31 13 9
-0.06838409 0.004634357 -0.001564453 49 36 27
-0.2610171 0.1347644 0.1664771 39 28 22
-0.1903167 0.03844836 0.04044595 27 6 5
-0.1790456 0.1234939 0.0004848474 141 104 32
-0.206711 0.1491094 0.08655493 131 93 21
-0.1196163 -0.002537643 0.04966773 27 13 13
-0.2446228 0.1070994 0.07118526 147 125 80
-0.05096516 0.1634544 0.03634738 16 10 5
-0.2763868 0.03742336 0.1787729 31 21 17
-0.2179821 0.1111984 0.03019953 127 108 92
-0.1790456 0.1480854 0.04351988 28 17 14
-0.06121159 0.2157114 0.1459843 41 34 28
-0.08785233 0.01693036 -0.005663013 20 14 9
-0.2507707 0.1624304 0.2115615 130 91 31
-0.1565035 0.2054654 0.1613539 44 37 32
-0.1841688 0.07943436 -0.008736943 137 103 48
-0.01920119 0.2105884 0.1347132 31 27 23
-0.2579432 0.1603814 0.2207833 129 92 27
-0.178021 0.1450104 0.03532273 32 20 11
-0.160602 0.02615236 0.0158545 32 12 9
-0.01817654 0.2136619 0.1552061 44 37 31
-0.2774114 0.1542324 0.2494733 37 24 16
-0.100148 0.1501344 0.009706627 28 13 6
-0.1267888 0.1890704 0.09475207 98 60 17
-0.2313025 0.1306664 -0.002589073 190 177 149
-0.149331 0.02102936 0.06401276 22 5 5
-0.04174335 0.1665284 0.008681977 7 3 0
-0.1401091 0.03537436 -0.0005398126 89 62 22
-0.178021 0.06611336 -0.0005398126 135 102 44
-0.2774114 0.1706274 -0.004638373 151 126 80
-0.2261792 0.08148336 0.0158545 94 75 49
-0.1554788 0.04664486 -0.001564453 114 85 39
-0.1903167 0.01897936 0.06298813 42 21 10
-0.2149082 0.07738436 0.01380521 147 123 89
-0.1841688 0.1368134 0.02712559 44 28 18
-0.209785 0.1357894 0.06811133 131 95 36
-0.2056864 0.05176836 0.04351988 47 29 23
-0.1831442 0.05279336 0.0179038 58 29 15
-0.2517953 0.07021236 0.07528385 114 73 23
-0.1575281 0.2044404 0.15828 40 32 26
-0.238475 0.1655044 0.1992657 107 70 20
-0.1483063 0.2064894 0.1531568 62 52 40
-0.2743375 0.1173454 0.1705757 67 48 33
-0.1472817 0.2218594 0.2341037 115 78 28
-0.235401 0.1818974 0.2300051 137 98 28
-0.2036371 0.09480336 -0.006687673 168 137 81
-0.2661404 0.04562036 0.1234421 45 32 22
-0.2569186 0.1296414 0.1244667 83 64 44
-0.1667499 0.1993174 0.1562307 36 31 27
-0.2712636 0.05894036 0.1213928 37 27 21
-0.1841688 0.1409124 0.03532273 31 19 10
-0.0263737 0.2259574 0.2402515 47 43 40
-0.1595774 0.2198104 0.2269311 111 77 31
-0.1431831 0.2218594 0.1992657 43 34 27
-0.2610171 0.1173454 0.1183189 96 72 51
-0.2015878 0.1798494 0.1511075 35 28 24
-0.2517953 0.1234939 0.1039739 122 89 43
-0.1042466 0.1296414 -0.01078624 64 39 21
-0.2435982 0.1224684 0.01278057 135 114 86
-0.1247395 0.04357136 -0.009761613 18 7 1
-0.1401091 0.04971936 -0.01078624 59 33 13
-0.267165 0.01488086 0.1982411 63 44 32
-0.2661404 0.1316904 0.1920932 108 74 22
-0.2190067 0.07738436 0.023027 131 92 41
-0.1144931 0.1982924 0.1111464 122 85 24
-0.2497461 0.1460359 0.1705757 37 27 17
-0.1985139 0.1859964 0.1716004 27 22 21
-0.2251546 0.1798494 0.2125861 126 88 31
-0.1052713 0.03025136 0.03019953 44 30 23
-0.1442077 0.04971936 -0.008736943 86 60 25
-0.1892921 0.1900954 0.1634032 34 29 26
-0.2620418 0.1624304 0.233079 132 94 26
-0.1698238 0.2177604 0.2433255 142 104 42
-0.134986 0.1532084 0.0179038 124 91 29
-0.2548693 0.1368134 0.1316393 40 26 15
-0.06735945 0.2290324 0.2371776 38 34 30
-0.08580303 0.2239094 0.1797975 43 39 35
-0.07555661 0.1521834 -0.003613743 21 15 11
-0.05608836 0.2280074 0.2166847 54 49 44
-0.1421584 0.1716514 0.05274167 29 22 20
-0.2774114 0.1552579 0.008681977 180 151 89
-0.05813766 0.2075144 0.112171 125 91 52
-0.1329367 0.1665284 0.03532273 63 36 15
-0.2128589 0.1614054 0.1183189 111 76 23
-0.04481729 0.1634544 0.03942133 13 8 4
-0.2343764 0.1091484 0.0599142 142 119 87
-0.03149691 0.1696024 0.04761847 9 5 0
-0.2149082 0.1511594 0.09885066 116 80 22
-0.2692143 0.1255424 0.1756989 44 28 17
-0.2763868 0.1132464 0.1644279 41 21 11
-0.2763868 0.08045836 0.126516 35 22 18
-0.2548693 0.1337404 0.126516 54 41 28
-0.2251546 0.1706274 0.1941425 74 47 18
-0.22413 0.07431136 0.03634738 88 72 57
-0.02227512 0.1675534 0.02815023 16 7 5
-0.1442077 0.2136619 0.1716004 37 31 27
-0.2056864 0.1009514 -0.006687673 147 114 55
-0.1790456 0.2167364 0.2494733 180 150 97
-0.1524049 0.1696024 0.06298813 32 23 20
-0.1452324 0.1552579 0.02405166 112 75 26
-0.1718731 0.002585357 0.07938241 33 18 10
-0.2446228 0.1030004 0.06606206 148 121 77
-0.2394996 0.1521834 0.1470089 25 18 13
-0.2661404 0.1388634 0.1992657 133 94 27
-0.2313025 0.1583314 0.1470089 29 20 13
-0.2661404 0.01385636 0.1972165 50 34 23
-0.1872428 0.07021236 0.001509477 143 111 53
-0.07453194 0.2198104 0.1644279 47 42 37
-0.1472817 0.1788244 0.08757957 126 92 33
-0.1739224 0.1398874 0.02200236 124 92 52
-0.2190067 0.1716514 0.15828 19 15 13
-0.04994049 0.1767744 -0.002589073 14 9 5
-0.08682769 0.2187854 0.1541814 55 47 40
-0.2179821 0.1655044 0.1398364 23 15 12
-0.209785 0.1060754 -0.008736943 153 130 93
-0.178021 0.03537436 0.03737203 47 27 26
-0.1308874 0.1521834 0.01380521 111 77 22
-0.1513802 0.1603814 0.04147058 22 15 12
-0.1626513 0.1880464 0.1183189 169 131 50
-0.2292532 0.1511594 0.1234421 57 30 10
-0.2272039 0.1890704 0.2361529 137 99 32
-0.01817654 0.1941934 0.001509477 11 6 0
-0.1616267 0.1214444 -0.01181087 127 97 50
-0.1821196 0.2116134 0.2259065 131 96 43
-0.09195089 0.2280074 0.2361529 45 39 36
-0.2743375 0.1501344 0.01278057 124 92 54
-0.09195089 0.2280074 0.2125861 33 30 27
-0.2077357 0.09275436 -0.006687673 175 148 98
-0.2712636 0.07738436 0.0906535 151 123 70
-0.08990163 0.2280074 0.2156601 48 44 40
-0.1739224 0.06816236 -0.005663013 130 96 40
-0.03866942 0.2269824 0.2300051 27 25 22
-0.05198979 0.2167364 0.1408611 86 62 36
-0.2087603 0.1439864 0.08143171 131 94 26
-0.2487214 0.1368134 0.005608047 154 133 94
-0.1103945 0.2177604 0.1613539 54 44 33
-0.05301443 0.1521834 0.01175593 2 1 0
-0.02842299 0.2085384 0.1111464 30 26 22
-0.2661404 0.04357136 0.1275407 52 35 25
-0.2005632 0.1388634 0.06196346 92 58 18
-0.2733129 0.04152136 0.1623786 40 22 13
-0.117567 0.1921454 0.09372743 41 27 20
-0.2456475 0.1716514 0.2228326 132 93 29
-0.2569186 0.1685779 0.2371776 126 90 26
-0.192366 0.1398874 0.04659381 24 13 7
-0.221056 0.04357136 0.06401276 30 19 16
-0.1062959 0.1511594 0.01073128 65 38 11
-0.1390845 0.2228839 0.2248818 104 73 33
-0.1944153 0.1480854 0.07323455 130 93 26
-0.1124438 0.01897936 0.06606206 45 26 19
-0.2712636 0.1111984 0.1357378 29 21 13
-0.05403909 0.1788244 -0.01078624 14 7 2
-0.09707412 0.2280074 0.2433255 30 26 22
-0.131912 0.2198104 0.1910686 29 26 23
-0.2640911 0.1204194 0.03429809 166 143 102
-0.1431831 0.1450104 0.008681977 120 86 34
-0.2292532 0.003610357 0.1224175 56 39 25
-0.04891586 0.1911199 0.06196346 69 60 55
-0.2026124 0.02102936 0.07016063 23 11 8
-0.1964646 0.1132464 0.005608047 132 98 40
-0.07555661 0.1573064 -0.008736943 5 5 2
-0.05608836 0.1552579 0.03019953 25 13 6
-0.1155177 0.2085384 0.1377871 149 114 42
-0.221056 0.03230036 0.07118526 43 27 17
-0.03149691 0.2218594 0.1797975 39 35 31
-0.2435982 0.07431136 0.06298813 40 26 21
-0.09400019 0.008733357 0.01687913 26 11 9
-0.2579432 0.001560857 0.1992657 46 31 21
-0.2599925 0.1347644 0.1654525 34 25 18
-0.2610171 0.01897936 0.1541814 58 40 24
-0.03866942 0.2269824 0.2238572 35 32 29
-0.1421584 0.2228839 0.2453747 132 100 50
-0.09400019 0.2187854 0.1541814 54 45 37
-0.1524049 0.2136619 0.1828715 33 29 27
-0.1739224 0.1972684 0.1572553 43 37 32
-0.267165 0.06303936 0.1060232 96 67 36
-0.03354619 0.2239094 0.2064383 35 32 29
-0.1974892 0.1696024 0.1162696 132 95 31
-0.1103945 0.1952184 0.09372743 49 35 27
-0.03047227 0.2167364 0.1593046 43 39 34
-0.03149691 0.2198104 0.172625 44 40 36
-0.1647006 0.1777999 0.09885066 147 110 33
-0.05813766 0.1880464 0.05684027 44 34 27
-0.05301443 0.1900954 0.0599142 43 35 27
-0.1544542 0.2218594 0.2494733 135 97 36
-0.134986 0.1880464 0.097826 141 107 40
-0.07350731 0.2064894 0.1203682 30 24 20
-0.2415489 0.1624304 0.1982411 120 81 26
-0.09297556 0.01795536 0.01175593 18 5 5
-0.2517953 0.1521834 -0.008736943 191 161 94
-0.03457084 0.2146874 0.1377871 40 31 23
-0.1483063 0.1337404 -0.002589073 112 77 25
-0.1298627 0.2239094 0.2341037 80 49 19
-0.1390845 0.2228839 0.201315 68 57 47
-0.04584193 0.1450104 0.02815023 31 15 7
-0.1206409 0.1900954 0.09167813 49 31 20
-0.2681896 0.1183704 0.1357378 145 114 70
-0.04174335 0.2198104 0.1695511 42 38 34
-0.2036371 0.08455736 -0.002589073 148 117 63
-0.1800703 0.1368134 0.02405166 78 47 22
-0.2282285 0.07840936 0.03737203 99 81 69
-0.1810949 0.08045836 -0.01181087 141 108 49
-0.2487214 0.1696024 0.2207833 171 133 62
-0.2302778 0.04459636 0.07118526 86 59 30
-0.2774114 0.03434936 0.1767236 52 41 31
-0.2333518 0.009757357 0.1193435 25 14 11
-0.1831442 0.1470604 0.04966773 24 14 8
-0.267165 0.1511594 -0.002589073 148 121 80
-0.09195089 0.2003419 0.08143171 38 31 28
-0.2620418 0.05484236 0.1070478 65 45 32
-0.1042466 0.1378384 -0.002589073 87 58 32
-0.09707412 0.2116134 0.1398364 119 83 37
-0.06428552 0.2208344 0.1716004 50 45 40
-0.2620418 0.06713836 0.0927028 138 101 40
-0.2517953 0.06816236 0.07938241 135 99 44
-0.0263737 0.1706274 0.0506924 13 9 6
-0.2579432 0.1388634 0.15828 38 27 19
-0.1544542 0.02512836 0.03737203 27 10 10
-0.2302778 0.1624304 0.1521321 19 14 12
-0.1062959 0.1685779 0.02815023 116 84 25
-0.1759717 0.1491094 0.04249525 22 15 12
-0.02125047 0.2259574 0.2443501 55 50 45
-0.09195089 0.2013664 0.09475207 19 13 11
-0.1698238 0.1982924 0.1521321 45 35 28
-0.2302778 0.1450104 0.1070478 129 94 42
-0.07965517 0.2044404 0.1039739 25 20 16
-0.2640911 0.1491094 0.007657327 140 108 63
-0.2743375 0.1122224 0.03532273 147 114 71
-0.08067984 0.1532084 0.01073128 12 5 1
-0.1616267 0.1265674 -0.006687673 120 81 20
-0.2343764 0.1275914 0.08450563 131 90 29
-0.1513802 0.1644794 0.04864311 33 25 21
-0.02944763 0.1696024 0.04761847 25 21 13
-0.09912342 0.2259574 0.2218079 54 48 46
-0.2190067 0.1900954 0.2259065 123 77 25
-0.209785 0.1665284 0.1275407 41 24 14
-0.2200314 0.1460359 0.097826 138 100 28
-0.2661404 0.1306664 0.02917486 187 170 132
-0.2394996 0.05689236 0.07220993 102 71 30
-0.2651157 0.01590636 0.18697 55 39 30
-0.2702389 0.03434936 0.1644279 48 31 20
-0.1513802 0.1562824 0.03122416 40 21 11
-0.09707412 0.02717636 0.0578649 24 6 5
-0.2343764 0.02820136 0.08245635 44 28 18
-0.01920119 0.1870224 0.07016063 11 10 7
-0.2733129 0.1706274 -0.006687673 101 71 40
-0.1411338 0.1409124 0.002534127 117 80 30
-0.2087603 0.1777999 0.1623786 23 19 17
-0.2599925 0.0005363568 0.2084875 33 20 10
-0.1708485 0.05279336 0.005608047 123 93 37
-0.2046617 0.07533536 0.009706627 133 101 50
-0.238475 0.02615236 0.08962887 63 44 27
-0.2446228 0.1439864 0.1285653 44 30 19
-0.2712636 0.1204194 0.1449596 46 36 30
-0.2774114 0.1009514 0.1388118 35 28 25
-0.2005632 0.2034154 0.2351283 140 103 42
-0.2743375 0.1583314 0.01482987 135 107 66
-0.2712636 0.04767036 0.1490582 33 20 14
-0.07965517 0.2013664 0.07733313 26 21 17
-0.06735945 0.2249334 0.1879947 39 36 32
-0.1841688 0.1870224 0.1418857 71 55 43
-0.1308874 0.2239094 0.2341037 104 70 32
-0.1360106 0.2228839 0.201315 60 52 45
-0.05096516 0.2280074 0.2218079 26 24 21
-0.08785233 0.1460359 -0.001564453 15 11 8
-0.2292532 0.1419374 0.1019246 115 76 20
-0.2108096 0.1030004 -0.006687673 164 143 100
-0.1749471 0.1644794 0.08143171 133 96 26
-0.1134684 0.2064894 0.1326639 149 114 40
-0.1267888 0.1952184 0.1101217 146 110 39
-0.1892921 0.1952184 0.1879947 33 27 24
-0.163676 0.1685779 0.08040708 119 84 25
-0.146257 0.2034154 0.1429103 139 101 38
-0.2743375 0.1183704 0.1808222 31 20 15
-0.2558939 0.1398874 0.1746743 27 16 10
-0.1933906 0.1378384 0.04351988 26 16 11
-0.2599925 0.06303936 0.09475207 128 91 35
-0.1739224 0.05279336 0.008681977 113 83 33
-0.2220807 0.1224684 -0.01181087 160 138 94
-0.2579432 -0.0004886432 0.2064383 50 33 22
-0.06223622 0.1593554 -0.002589073 17 9 4
-0.2712636 0.02615236 0.1808222 41 30 26
-0.1524049 0.2198104 0.1992657 47 38 31
-0.08170447 0.2034154 0.08757957 57 49 44
-0.2374503 0.1562824 0.1521321 24 16 12
-0.2190067 0.1655044 0.143935 25 18 13
-0.1565035 0.1982924 0.1388118 148 111 41
-0.1124438 0.2259574 0.2310297 36 30 26
-0.1216656 0.2239094 0.2361529 27 20 20
-0.03457084 0.1696024 0.04659381 19 15 10
-0.1042466 0.2054654 0.126516 129 94 32
-0.2333518 0.1501344 0.1275407 55 36 22
-0.05198979 0.2064894 0.097826 38 32 28
-0.2558939 0.1624304 -0.007712313 98 70 38
-0.03969407 0.2136619 0.12959 104 75 41
-0.1288381 0.1706274 0.04044595 59 47 37
-0.235401 0.02410286 0.08757957 57 39 24
-0.2046617 0.1839474 0.1951672 51 30 13
-0.1821196 0.1521834 0.06401276 88 65 41
-0.192366 0.2075144 0.2320543 132 93 33
-0.07760589 0.2280074 0.2136108 47 42 38
-0.2159328 0.02410286 0.07630848 41 28 24
-0.1944153 0.1347644 0.03839665 20 12 8
-0.01817654 0.2075144 0.1101217 32 29 26
-0.1626513 0.1296414 -0.002589073 129 91 38
-0.03457084 0.1952184 0.07323455 16 11 9
-0.1790456 0.1880464 0.1347132 137 101 39
-0.1667499 0.2177604 0.2289804 123 88 35
-0.2599925 0.1122224 0.1029492 168 138 84
-0.2784361 0.1655044 0.004583407 155 128 84
-0.2692143 0.1327154 0.006632707 163 138 99
-0.2015878 0.1737014 0.1336885 37 22 15
-0.2077357 0.08455736 -0.0005398126 156 127 77
-0.04071871 0.1439864 0.02712559 7 6 4
-0.1124438 0.2013664 0.1172942 137 101 33
-0.1390845 0.04562036 -0.008736943 69 39 15
-0.2702389 0.05279336 0.1285653 69 51 32
-0.2466721 0.007709357 0.1398364 96 71 46
-0.2036371 0.07943436 0.002534127 154 125 76
-0.2630664 0.01590636 0.1664771 50 34 22
-0.267165 0.1152964 0.1275407 130 118 100
-0.2282285 0.07943436 0.02405166 71 47 33
-0.2292532 0.08250736 0.01892843 118 101 91
-0.2138835 0.1880464 0.2166847 103 71 20
-0.02534905 0.1880464 -0.001564453 15 9 3
-0.146257 0.01283236 0.06708669 33 15 9
-0.2476968 0.1777999 0.247424 77 48 19
-0.2692143 0.1542324 0.2289804 131 95 29
-0.02329977 0.2239094 0.2105368 47 43 40
-0.2333518 0.1388634 -0.007712313 177 162 129
-0.1452324 0.1870224 0.1019246 138 101 30
-0.1380599 0.2064894 0.1459843 106 72 32
-0.2476968 0.1593554 0.2033643 115 77 20
-0.1964646 0.2064894 0.2361529 146 108 46
-0.07863054 0.2228839 0.1736497 48 44 39
-0.03662014 0.1829234 -0.007712313 17 12 11
-0.1472817 0.2239094 0.2054136 78 65 52
-0.1954399 0.1521834 0.07733313 140 105 49
-0.2558939 0.1040254 0.0906535 121 82 23
-0.05198979 0.2208344 0.1756989 38 35 31
-0.2169574 0.07021236 0.03737203 39 26 21
-0.1954399 0.01488086 0.07323455 23 16 13
-0.2026124 0.1767744 0.143935 24 16 13
-0.2118342 0.08353236 0.001509477 132 104 66
-0.1011727 0.2269824 0.2423008 20 17 13
-0.1892921 0.2116134 0.2392269 137 100 39
-0.2538446 0.1234939 0.007657327 174 150 104
-0.1821196 0.05586736 0.01482987 104 69 32
-0.02022584 0.2105884 0.1224175 35 30 26
-0.03457084 0.2259574 0.2177094 33 31 28
-0.2272039 0.06201536 0.0558156 25 18 15
-0.192366 0.1573064 0.08553028 148 109 35
-0.2487214 0.1511594 0.1920932 110 77 30
-0.1524049 0.01590636 0.01995307 34 15 9
-0.1974892 0.1726764 0.1244667 97 64 27
-0.2435982 0.03537436 0.08860421 92 67 43
-0.02227512 0.2259574 0.2361529 66 61 56
-0.09707412 0.2034154 0.1183189 89 58 33
-0.08887696 0.2013664 0.1080725 27 19 15
-0.2456475 0.05279336 0.08143171 115 82 39
-0.2343764 0.1460359 0.1172942 102 67 21
-0.03764478 0.2177604 0.1449596 23 17 9
-0.2138835 0.01897936 0.08143171 34 24 15
-0.1411338 0.2075144 0.1490582 68 48 32
-0.04481729 0.2198104 0.15828 36 33 28
-0.2681896 0.1163214 0.12959 77 62 49
-0.05608836 0.1788244 0.04351988 31 25 19
-0.2302778 0.1265674 0.07835778 138 97 37
-0.2640911 0.09890236 0.1070478 171 145 92
-0.2692143 0.1665284 -0.004638373 148 118 79
-0.2251546 0.07738436 0.03224879 57 40 27
-0.2681896 0.1316904 0.01278057 138 113 79
-0.2036371 0.1685779 0.1224175 130 93 42
-0.160602 0.02717636 0.0250763 29 9 8
-0.2108096 0.07635936 0.01278057 115 85 39
-0.238475 0.01795536 0.1070478 57 43 30
-0.267165 0.04357136 0.1336885 49 36 27
-0.1431831 0.2198104 0.1941425 49 42 37
-0.2558939 0.05996536 0.0906535 110 74 26
-0.2220807 0.02000536 0.08655493 47 33 24
-0.1370352 0.2136619 0.1634032 57 47 36
-0.1052713 0.2044404 0.1234421 133 98 32
-0.03662014 0.2228839 0.1838961 47 43 39
-0.2128589 0.1675534 0.1367625 37 26 20
-0.25282 0.1593554 -0.009761613 132 105 66
-0.1708485 0.2044404 0.1797975 24 22 21
-0.1042466 0.1972684 0.09167813 25 18 15
-0.2425736 0.1573064 0.1900439 110 77 38
-0.07658124 0.1726764 0.03019953 46 27 9
-0.2763868 0.1798494 -0.008736943 118 87 47
-0.05301443 0.2290324 0.2484487 42 37 34
-0.1216656 0.2239094 0.2023397 52 45 40
-0.1554788 0.1624304 0.04761847 21 16 14
-0.100148 0.2198104 0.1623786 54 45 38
-0.1237149 0.1501344 0.009706627 111 72 21
-0.1954399 0.2023914 0.2279557 141 100 43
-0.1442077 0.1665284 0.04351988 42 31 21
-0.07555661 0.1593554 0.01482987 0 0 2
-0.2394996 0.1593554 0.1756989 26 16 9
-0.06633482 0.1859964 0.05479097 26 19 14
-0.235401 0.1583314 0.1521321 16 11 9
-0.2015878 0.1829234 0.1603293 70 60 50
-0.146257 0.1747264 0.07016063 17 10 7
-0.1708485 0.1583314 0.06196346 28 15 10
-0.206711 0.1357894 0.06503739 108 75 29
-0.2548693 0.1460359 0.001509477 94 57 26
-0.1872428 0.1501344 0.06708669 76 46 14
-0.04789123 0.1788244 0.04761847 16 11 7
-0.1247395 0.1767744 0.04864311 20 11 7
-0.2589678 0.1357894 0.01482987 126 97 54
-0.221056 0.01590636 0.09372743 37 25 18
-0.1810949 0.1900954 0.1429103 56 36 20
-0.2702389 0.05894036 0.1306146 31 18 10
-0.2753622 0.09480336 0.1172942 57 31 15
-0.08785233 0.004634357 0.0558156 33 18 16
-0.2558939 0.03025136 0.1193435 58 42 29
-0.2456475 0.1245184 0.09372743 125 94 47
-0.2763868 0.03025136 0.1890193 34 24 20
-0.2056864 0.05894036 0.03942133 42 22 15
-0.2661404 0.1378384 0.001509477 175 150 103
-0.2487214 0.01795536 0.1306146 53 38 27
-0.2435982 0.1327154 0.1039739 123 87 31
-0.2292532 0.1665284 0.1603293 21 16 13
-0.209785 0.1808734 0.1982411 76 47 14
-0.2282285 0.1398874 0.097826 128 91 31
-0.1380599 0.03230036 0.002534127 71 49 23
-0.03252156 0.2187854 0.1695511 45 41 36
-0.2272039 0.1696024 0.1634032 21 15 13
-0.07863054 0.1839474 0.04761847 41 22 10
-0.2702389 0.01795536 0.1982411 41 24 15
-0.0263737 0.1818974 0.06196346 10 8 6
-0.1390845 0.2208344 0.1951672 30 26 22
-0.2517953 0.1234939 0.097826 167 137 98
-0.1954399 0.1050494 -0.004638373 134 108 63
-0.2138835 0.1788244 0.1767236 36 27 20
-0.1093698 0.1911199 0.07016063 31 25 21
-0.07760589 0.2034154 0.0927028 26 20 17
-0.04686657 0.1409124 0.02405166 27 13 5
-0.1913414 0.1306664 0.02405166 63 35 16
-0.2579432 -0.002537643 0.1941425 26 15 9
-0.2651157 0.1265674 0.009706627 211 196 156
-0.09604949 0.1562824 0.01482987 71 45 18
-0.2446228 0.1521834 0.1777482 24 16 10
-0.07965517 0.01078336 -0.005663013 23 18 12
-0.2446228 0.08455736 0.05376633 125 101 65
-0.1524049 0.05791636 -0.01078624 118 88 41
-0.03969407 0.2259574 0.2207833 31 28 26
-0.1390845 0.2187854 0.1900439 29 26 24
-0.06326089 0.1777999 0.03942133 65 40 23
-0.1073205 0.008733357 0.05376633 42 23 15
-0.2763868 0.04049736 0.1664771 39 27 21
-0.2425736 0.01693036 0.1224175 49 32 19
-0.07863054 0.2280074 0.2146354 52 48 44
-0.1165424 0.2167364 0.1623786 55 47 39
-0.1021973 0.1993174 0.1090971 115 81 30
-0.2323271 0.1624304 0.1552061 23 17 14
-0.1124438 0.2249334 0.1972165 40 36 33
-0.2220807 0.1931694 0.2392269 143 105 39
-0.03662014 0.2218594 0.1818468 41 38 34
-0.2364257 0.1511594 0.1388118 39 27 18
-0.22413 0.1706274 0.1838961 20 12 9
-0.042768 0.2269824 0.2177094 44 40 36
-0.163676 0.2157114 0.2146354 55 35 19
-0.1585528 0.1378384 0.01073128 126 92 28
-0.02329977 0.2075144 0.1090971 34 31 27
-0.2272039 0.1839474 0.2228326 120 81 23
-0.1503556 0.1829234 0.09680137 159 124 48
-0.178021 0.1429624 0.03019953 84 66 43
-0.1421584 0.1491094 0.01482987 103 62 16
-0.2343764 0.1337404 -0.002589073 165 146 113
-0.04584193 0.2290324 0.247424 44 39 35
-0.1862181 0.1193954 0.0004848474 132 95 26
-0.1534295 0.2136619 0.1859454 31 28 26
-0.1687992 0.1911199 0.1316393 155 120 52
-0.02125047 0.2187854 0.1736497 44 39 34
-0.100148 0.2269824 0.2074629 40 35 31
-0.06326089 0.1706274 -0.009761613 20 14 9
-0.04071871 0.2085384 0.1060232 36 31 27
-0.04994049 0.2280074 0.2218079 32 29 26
-0.2630664 0.01590636 0.1705757 56 37 22
-0.2538446 0.04254736 0.0998753 60 41 23
-0.1708485 0.1521834 0.04659381 19 13 11
-0.2722882 0.1378384 0.0250763 82 44 19
-0.1237149 0.1439864 0.004583407 114 79 27
-0.01920119 0.2218594 0.1941425 39 34 29
-0.1421584 0.2177604 0.1859454 25 22 21
-0.2538446 0.1542324 0.204389 121 83 24
-0.1042466 0.1870224 0.05888953 28 23 20
-0.1810949 0.2013664 0.18697 29 24 23
-0.2169574 0.05381736 0.04864311 44 20 13
-0.2005632 0.1685779 0.1172942 123 88 27
-0.2569186 0.1122224 0.0998753 113 74 17
-0.1718731 0.05689236 0.003558777 121 91 34
-0.103222 0.2095644 0.1377871 137 102 41
-0.1513802 0.1952184 0.1224175 159 122 43
-0.09297556 0.1941934 0.06503739 46 35 25
-0.07350731 0.2300564 0.2361529 87 78 73
-0.1165424 0.2116134 0.1480335 90 61 33
-0.2118342 0.1214444 0.03327345 80 68 54
-0.05198979 0.2023914 0.08348101 25 19 14
-0.134986 0.2034154 0.1316393 152 115 37
-0.07555661 0.2290324 0.2320543 73 67 62
-0.1360106 0.1726764 0.04864311 29 22 17
-0.2159328 0.1573064 0.1131957 115 81 26
-0.01817654 0.1562824 0.04761847 20 10 7
-0.01920119 0.2259574 0.2382022 78 72 67
-0.2579432 0.1532084 -0.0005398126 147 115 68
-0.09195089 0.2208344 0.1664771 51 46 40
-0.2589678 0.1132464 0.1080725 134 101 49
-0.05198979 0.1982924 0.07118526 28 21 15
-0.2190067 0.1275914 0.06503739 124 86 34
-0.04379264 0.1757504 0.04761847 11 8 5
-0.2364257 0.1634544 0.1675018 48 35 27
-0.1810949 0.05381736 0.01687913 100 67 34
-0.2794607 0.1470604 0.02405166 172 148 103
-0.1472817 0.1316904 -0.006687673 114 79 32
-0.05813766 0.2300564 0.2320543 35 33 30
-0.06223622 0.1737014 0.03634738 22 14 8
-0.2558939 0.1388634 0.1377871 75 49 27
-0.2056864 0.1316904 0.05171703 15 6 4
-0.2333518 0.1644794 0.1818468 22 1 0
-0.03969407 0.1911199 0.06401276 22 18 14
-0.1288381 0.1757504 0.04864311 44 36 30
-0.2733129 0.1306664 0.03224879 155 131 92
-0.2681896 0.1511594 0.2197586 177 138 60
-0.1995385 0.07840936 0.002534127 144 110 49
-0.2702389 0.04357136 0.1470089 64 48 38
-0.2261792 0.1224684 -0.008736943 151 118 65
-0.2364257 0.01693036 0.1060232 43 30 23
-0.25282 0.1142714 0.01482987 188 158 98
-0.2548693 0.07943436 0.06811133 136 101 49
-0.2681896 0.1060754 0.1224175 87 69 51
-0.1503556 0.1737014 0.07425919 36 20 12
-0.2046617 0.1275914 0.03429809 36 23 14
-0.2405243 0.06303936 0.06913599 74 48 33
-0.2394996 0.05279336 0.07528385 108 77 35
-0.2661404 0.02717636 0.1541814 73 54 37
-0.1708485 0.1941934 0.1429103 63 43 28
-0.06838409 0.1675534 -0.01078624 30 22 14
-0.01920119 0.2228839 0.2105368 35 32 28
-0.02329977 0.1808734 0.06298813 12 10 7
-0.2231053 0.1624304 0.1418857 27 20 17
-0.1657253 0.1398874 0.01687913 122 88 28
-0.131912 0.2218594 0.1951672 33 28 24
-0.03764478 0.1952184 0.07425919 22 19 16
-0.2026124 0.1593554 0.097826 153 116 44
-0.2046617 0.1655044 0.1142203 128 94 34
-0.08477839 0.1480854 -0.005663013 7 5 4
-0.1083452 0.1378384 -0.002589073 77 53 30
-0.2558939 0.1122224 0.01687913 158 136 99
-0.2446228 0.03332536 0.09167813 60 39 18
-0.2651157 0.02820136 0.1470089 19 9 3
-0.2610171 0.05074336 0.1070478 65 46 29
-0.2251546 0.05279336 0.0599142 38 28 25
-0.04071871 0.1941934 0.07016063 34 29 25
-0.1626513 0.03025136 0.02097773 39 18 18
-0.2692143 0.1081234 0.04249525 158 122 65
-0.2599925 0.02922636 0.1367625 38 26 20
-0.1595774 0.05791636 -0.006687673 119 91 42
-0.267165 0.04357136 0.1367625 40 27 19
-0.1974892 0.06508936 0.02097773 74 41 24
-0.2630664 0.06099036 0.1019246 99 67 29
-0.206711 0.06406336 0.03429809 51 31 24
-0.1985139 0.2034154 0.2320543 138 99 37
-0.2774114 0.1460359 0.2269311 125 90 32
-0.2763868 0.07226136 0.1429103 47 32 25
-0.2149082 0.1337404 0.06913599 122 88 42
-0.2661404 0.003610357 0.2238572 41 24 15
-0.1718731 0.1941934 0.1470089 71 57 46
-0.1083452 0.1398874 -0.0005398126 70 44 23
-0.1851935 0.2075144 0.2228326 128 92 40
-0.22413 0.1941934 0.2494733 133 97 33
-0.2661404 0.1501344 0.2156601 133 94 30
-0.1862181 0.2054654 0.2218079 124 86 34
-0.04891586 0.2280074 0.218734 96 87 78
-0.08887696 0.1962434 0.06503739 74 46 26
-0.05813766 0.2105884 0.1275407 25 20 17
-0.1985139 0.004634357 0.09577673 22 9 5
-0.1718731 0.03025136 0.04761847 33 14 11
-0.01817654 0.2198104 0.1797975 55 50 45
-0.2200314 0.1091484 0.02097773 147 130 105
-0.07760589 0.2105884 0.12959 44 36 27
-0.1370352 0.1818974 0.08553028 57 34 18
-0.2640911 0.1296414 0.01175593 194 174 138
-0.2456475 0.1491094 -0.01078624 153 129 86
-0.08990163 0.2167364 0.1490582 64 50 36
-0.1851935 0.1542324 0.07323455 128 94 38
-0.1237149 -0.0004886432 0.04761847 27 13 11
-0.3173725 0.07943436 0.3058287 76 57 36
-0.494636 0.1040254 0.2566458 165 142 108
-0.4526255 0.04664486 0.2556212 194 177 140
-0.491562 0.07123636 0.2720154 145 123 91
-0.3040522 0.1286174 0.2709908 73 56 40
-0.3020029 0.1368134 0.3447652 55 40 29
-0.5141042 0.1081234 0.2658676 164 140 102
-0.5069317 0.06816236 0.2863605 180 159 121
-0.4556995 0.04357136 0.2597197 206 190 155
-0.508981 0.07226136 0.2873851 169 147 111
-0.295855 0.03434936 0.350913 147 121 87
-0.3173725 0.08250736 0.2812372 56 43 27
-0.2989289 0.03434936 0.3263216 108 73 39
-0.3153233 0.09377936 0.3242723 35 26 20
-0.2938057 0.09070436 0.3857509 75 42 17
-0.28151 0.07533536 0.4175149 111 69 34
-0.477217 0.05176836 0.276114 179 158 120
-0.2804854 0.1521834 0.3796031 64 42 27
-0.2866332 0.1501344 0.2679169 17 13 12
-0.3173725 0.09787736 0.2730401 44 33 21
-0.3020029 0.01488086 0.2863605 149 127 86
-0.284584 0.1286174 0.397022 49 31 19
-0.313274 0.1163214 0.3160751 36 28 22
-0.3009783 0.07738436 0.3591102 91 61 32
-0.3071261 0.03844836 0.2699662 75 52 26
-0.5018084 0.09480336 0.2679169 118 91 62
-0.2897072 0.004634357 0.2740648 127 101 77
-0.3030275 0.1255424 0.2556212 62 49 33
-0.2938057 0.1532084 0.3375926 39 25 16
-0.5356217 0.1398874 0.2515226 202 186 150
-0.2876579 0.07123636 0.3847263 108 73 41
-0.2968797 0.05484236 0.3714059 87 55 27
-0.3173725 0.06201536 0.3007055 32 19 10
-0.3071261 0.1265674 0.3150505 38 27 18
-0.4936113 0.1101734 0.2504979 211 190 147
-0.2835593 0.1542324 0.2699662 27 20 16
-0.5304985 0.1070994 0.2781633 166 143 105
-0.2856086 0.07226136 0.3959974 65 30 13
-0.2968797 0.03332536 0.339642 111 84 54
-0.3163479 0.09685336 0.2771387 32 22 16
-0.313274 0.08045836 0.3273463 57 31 7
-0.5223013 0.06816236 0.3007055 144 120 92
-0.3112247 0.04152136 0.2822619 107 82 42
-0.3102001 0.04459636 0.3427159 157 123 81
-0.4751677 0.04767036 0.2781633 185 166 126
-0.3050768 0.1009514 0.3632088 35 18 6
-0.3112247 0.04562036 0.3160751 59 37 14
-0.2968797 0.08660636 0.3775538 155 114 70
-0.5335724 0.09172936 0.2914837 179 156 121
-0.3163479 0.05894036 0.2873851 59 38 14
-0.2968797 0.06508936 0.368332 153 132 95
-0.284584 0.1450104 0.3796031 73 42 23
-0.3030275 0.1327154 0.290459 125 81 34
-0.5294738 0.1306664 0.2566458 151 129 97
-0.3142986 0.09685336 0.2576704 30 23 19
-0.5284492 0.1357894 0.2504979 175 154 118
-0.4229109 0.07943436 0.2586951 205 183 145
-0.2927811 0.08558136 0.3888249 81 43 18
-0.3009783 0.02615236 0.2597197 113 82 45
-0.3020029 0.02512836 0.2689415 126 98 59
-0.2907318 0.1337404 0.3796031 56 40 25
-0.3142986 0.1101734 0.3334941 36 27 18
-0.3112247 0.04767036 0.2679169 54 37 24
-0.3009783 0.01590636 0.2709908 145 115 71
-0.5151288 0.08660636 0.2812372 184 161 122
-0.2907318 0.1552579 0.3130012 80 50 24
-0.2907318 0.1224684 0.3878002 58 38 26
-0.28151 0.1173454 0.4041945 77 46 16
-0.295855 0.1460359 0.350913 54 39 29
-0.3020029 0.01795536 0.2709908 154 127 84
-0.2999536 0.1398874 0.2966069 106 70 32
-0.2968797 0.02922636 0.3058287 98 62 26
-0.5345971 0.08660636 0.2955823 177 153 118
-0.3061015 0.1255424 0.2843112 96 64 30
-0.3153233 0.1081234 0.2576704 70 55 47
-0.2835593 0.09070436 0.4175149 97 55 30
-0.2917564 0.03025136 0.3437405 88 65 42
-0.3050768 0.04152136 0.3529623 160 134 85
-0.2876579 0.1337404 0.3898495 69 54 43
-0.2979043 0.1296414 0.3632088 56 36 22
-0.295855 0.02717636 0.3068533 37 18 6
-0.3142986 0.09582736 0.336568 87 70 49
-0.28151 0.07123636 0.4082931 91 49 21
-0.2979043 0.1450104 0.3529623 28 9 1
-0.3163479 0.1030004 0.3017301 57 40 26
-0.3122493 0.06611336 0.2586951 32 24 19
-0.4956606 0.06099036 0.2822619 156 134 103
-0.3163479 0.06508936 0.3007055 30 19 12
-0.313274 0.1142714 0.3334941 34 22 13
-0.3122493 0.1193954 0.3242723 31 22 13
-0.3050768 0.03947236 0.3498884 161 136 95
-0.2886825 0.1593554 0.3304202 48 35 25
-0.3153233 0.09480336 0.2597197 41 34 25
-0.3081507 0.1224684 0.2658676 41 31 25
-0.3020029 0.01897936 0.2730401 126 96 54
-0.2979043 0.1030004 0.3796031 41 23 13
-0.491562 0.06303936 0.2781633 156 134 100
-0.3009783 0.1193954 0.3662827 86 63 37
-0.2907318 0.1419374 0.2556212 42 29 20
-0.2979043 0.1429624 0.2996809 94 60 22
-0.3050768 0.1245184 0.3447652 64 44 26
-0.2917564 0.1429624 0.2638183 28 19 13
-0.4884881 0.03639836 0.2914837 202 185 150
-0.2917564 0.1296414 0.382677 36 21 11
-0.5110302 0.05484236 0.2955823 192 174 136
-0.3050768 0.03537436 0.2689415 56 35 13
-0.3142986 0.1193954 0.3211984 80 62 42
-0.3163479 0.08353236 0.3160751 35 22 13
-0.4792663 0.08865536 0.2525472 193 172 134
-0.494636 0.07533536 0.2720154 162 141 105
-0.3071261 0.1286174 0.3375926 26 17 13
-0.2907318 0.1296414 0.3857509 39 24 15
-0.2907318 0.04357136 0.3888249 96 69 40
-0.313274 0.09582736 0.2535719 32 26 22
-0.3050768 0.1286174 0.2894344 89 57 24
-0.4608227 0.06713836 0.2535719 194 173 131
-0.2989289 0.09377936 0.3755045 49 26 10
-0.3091754 0.08660636 0.3437405 74 48 22
-0.313274 0.1122224 0.2986562 88 57 31
-0.284584 0.1470604 0.3857509 59 41 24
-0.2897072 0.09377936 0.3980467 91 47 19
-0.3081507 0.1214444 0.2709908 76 61 47
-0.3009783 0.1378384 0.3017301 109 71 32
-0.4936113 0.04971936 0.2925083 157 139 111
-0.4495516 0.04152136 0.2535719 206 190 156
-0.2886825 0.06099036 0.3775538 65 33 13
-0.4741431 0.04254736 0.2781633 186 167 129
-0.3102001 0.1081234 0.3437405 47 28 12
-0.3050768 0.1224684 0.2556212 41 28 17
-0.5294738 0.1286174 0.2576704 185 167 134
-0.2825347 0.1573064 0.290459 88 57 28
-0.3009783 0.1070994 0.3734552 48 30 16
-0.2897072 0.02922636 0.3457898 57 47 40
-0.5192274 0.07431136 0.2914837 160 136 102
-0.2989289 0.1224684 0.3693566 65 45 25
-0.3122493 0.06611336 0.3304202 62 38 17
-0.2804854 0.1521834 0.2545965 43 32 23
-0.3163479 0.07431136 0.2884098 38 26 13
-0.3122493 0.1091484 0.2607444 25 21 20
-0.3173725 0.09172936 0.276114 27 19 14
-0.2804854 0.08865536 0.425712 135 90 42
-0.313274 0.09890236 0.2535719 33 23 16
-0.3142986 0.1101734 0.3201737 38 28 20
-0.2835593 0.02000536 0.3242723 72 57 42
-0.3071261 0.04459636 0.3580856 155 131 90
-0.28151 0.06816236 0.4041945 99 62 31
-0.2876579 0.03332536 0.3693566 88 61 36
-0.3061015 0.03742336 0.2966069 115 90 64
-0.2927811 0.1521834 0.3498884 36 24 17
-0.3112247 0.05689236 0.3386173 132 95 47
-0.2999536 0.1439864 0.3427159 39 26 17
-0.2968797 0.008733357 0.2812372 130 104 68
-0.4587734 0.03537436 0.264843 207 190 159
-0.4741431 0.07943436 0.2535719 175 154 118
-0.3030275 0.06406336 0.3591102 72 47 24
-0.5407449 0.1234939 0.2730401 123 97 68
-0.2938057 0.1183704 0.3847263 48 30 19
-0.5407449 0.09275436 0.2945576 170 148 112
-0.5028331 0.07021236 0.2832866 170 148 112
-0.3081507 0.03844836 0.279188 129 91 39
-0.508981 0.04767036 0.2986562 191 172 139
-0.3030275 0.1255424 0.353987 47 31 18
-0.2804854 0.02820136 0.3888249 125 97 63
-0.3153233 0.06611336 0.3160751 67 51 39
-0.4352066 0.06201536 0.2658676 194 171 131
-0.2968797 0.1480854 0.3119766 96 65 35
-0.2938057 0.09890236 0.3857509 78 50 27
-0.3163479 0.06611336 0.3109519 53 35 18
-0.3153233 0.09377936 0.2627936 31 25 19
-0.3030275 0.1388634 0.3283709 60 49 37
-0.5192274 0.07431136 0.293533 181 160 122
-0.2876579 0.07328536 0.3929235 102 61 29
-0.3163479 0.04971936 0.2894344 59 40 24
-0.3173725 0.1070994 0.3304202 57 42 29
-0.3153233 0.08865536 0.3068533 64 49 35
-0.2989289 0.1152964 0.3755045 31 23 16
-0.3142986 0.04971936 0.3150505 79 58 38
-0.4731185 0.05689236 0.2679169 138 113 80
-0.2886825 0.02000536 0.3170998 23 15 9
-0.3102001 0.1275914 0.3211984 85 71 54
-0.2999536 0.1439864 0.339642 42 29 21
-0.3153233 0.06406336 0.3150505 37 27 18
-0.284584 0.1614054 0.3140259 102 66 29
-0.4833648 0.04562036 0.2832866 196 179 144
-0.2917564 0.08558136 0.397022 125 81 34
-0.3061015 0.03947236 0.3375926 142 114 67
-0.5038578 0.08353236 0.2771387 167 143 106
-0.3163479 0.1040254 0.307878 38 25 14
-0.2917564 0.1204194 0.3857509 28 15 5
-0.2968797 0.09480336 0.3796031 58 37 22
-0.2917564 0.1532084 0.3130012 103 72 42
-0.5294738 0.07943436 0.2976315 153 129 91
-0.3061015 0.1132464 0.3550116 78 58 38
-0.4823402 0.04152136 0.2853358 198 182 149
-0.4884881 0.04357136 0.2863605 212 196 166
-0.3153233 0.07431136 0.3232477 53 40 32
-0.295855 0.02615236 0.3089027 80 44 18
-0.3163479 0.07738436 0.2658676 37 24 13
-0.2927811 0.1306664 0.3796031 33 19 10
-0.2856086 0.03127536 0.3857509 150 127 93
-0.4895127 0.07431136 0.2689415 138 114 85
-0.2927811 0.1542324 0.3375926 36 24 14
-0.4485269 0.03844836 0.2535719 202 187 153
-0.3153233 0.07123636 0.2709908 65 48 31
-0.2968797 0.009757357 0.2699662 138 112 76
-0.2856086 0.08455736 0.4123916 110 67 28
-0.3050768 0.1296414 0.3201737 39 29 21
-0.3071261 0.04152136 0.3304202 139 102 58
-0.3071261 0.1275914 0.322223 32 24 17
-0.2938057 0.1470604 0.3560362 46 31 21
-0.2979043 0.09890236 0.3806277 56 33 17
-0.2876579 0.1511594 0.2822619 68 37 19
-0.3009783 0.1265674 0.3550116 87 62 37
-0.28151 0.02820136 0.3703813 115 88 67
-0.2897072 0.02820136 0.3406666 47 26 12
-0.4792663 0.05176836 0.2781633 170 148 111
-0.3122493 0.04152136 0.2955823 154 135 98
-0.2999536 0.1398874 0.3058287 103 66 31
-0.3163479 0.06713836 0.3027548 50 36 20
-0.2876579 0.02410286 0.3232477 50 34 21
-0.3112247 0.05586736 0.3406666 107 62 13
-0.3020029 0.01180736 0.2955823 152 132 92
-0.2927811 0.1419374 0.3621841 61 42 28
-0.3122493 0.06508936 0.3345187 40 24 13
-0.2907318 0.1501344 0.2925083 108 77 39
-0.2876579 0.1460359 0.2556212 46 34 27
-0.3163479 0.1050494 0.3324694 37 23 13
-0.4977099 0.04971936 0.2966069 164 145 121
-0.5407449 0.08455736 0.2996809 168 148 116
-0.2938057 0.08558136 0.4000959 111 75 41
-0.3173725 0.09172936 0.2802126 41 28 19
-0.3112247 0.04357136 0.3027548 80 55 32
-0.2948304 0.1439864 0.3550116 49 32 20
-0.3163479 0.04971936 0.2822619 82 61 35
-0.5141042 0.1204194 0.2566458 173 155 126
-0.2856086 0.1521834 0.2709908 28 20 16
-0.2835593 0.1614054 0.3068533 102 68 32
-0.3009783 0.08763136 0.368332 53 34 19
-0.3163479 0.1009514 0.3140259 47 34 24
-0.3122493 0.06816236 0.3283709 75 52 27
-0.5294738 0.1009514 0.2812372 181 159 125
-0.4956606 0.09787736 0.2627936 170 148 111
-0.3030275 0.007709357 0.2996809 152 135 105
-0.4925866 0.08558136 0.2658676 180 158 120
-0.2866332 0.007709357 0.3191491 26 16 5
-0.2968797 0.1501344 0.3386173 34 22 14
-0.3071261 0.1245184 0.3386173 54 40 31
-0.2989289 0.1316904 0.3580856 47 30 17
-0.3050768 0.02205336 0.2832866 131 103 63
-0.2876579 0.001560857 0.2853358 92 75 55
-0.4751677 0.05689236 0.2699662 175 155 121
-0.2948304 0.09890236 0.3837017 46 28 16
-0.2917564 0.1450104 0.2730401 30 22 18
-0.3061015 0.09787736 0.3580856 62 39 17
-0.2825347 0.1685779 0.3519377 61 45 34
-0.2979043 0.1388634 0.279188 99 70 44
-0.2979043 -0.002537643 0.3130012 116 98 74
-0.3081507 0.1224684 0.279188 82 55 24
-0.3163479 0.05586736 0.290459 78 55 35
-0.2907318 0.004634357 0.279188 138 114 83
-0.4905374 0.07943436 0.2658676 178 155 118
-0.3142986 0.08045836 0.322223 35 24 18
-0.4874634 0.07943436 0.2638183 171 149 113
-0.2825347 0.01795536 0.3232477 69 54 39
-0.3030275 0.1286174 0.3488638 37 21 12
-0.3112247 0.03947236 0.2853358 72 51 27
-0.3030275 0.06918736 0.3519377 36 21 13
-0.5171781 0.1234939 0.2525472 188 171 139
-0.3142986 0.1122224 0.3355434 71 56 39
-0.4710691 0.04152136 0.2750894 198 180 146
-0.313274 0.08763136 0.3304202 73 57 41
-0.4690199 0.05176836 0.2709908 166 141 94
-0.3122493 0.1101734 0.3406666 68 49 28
-0.3030275 0.03434936 0.2525472 45 32 19
-0.3153233 0.04562036 0.2914837 96 74 44
-0.2938057 0.02410286 0.3099273 56 40 27
-0.4936113 0.07635936 0.2699662 173 151 114
-0.2876579 0.08455736 0.4082931 125 85 37
-0.2804854 -0.002537643 0.2586951 95 75 53
-0.28151 0.02307836 0.3457898 69 44 20
-0.4792663 0.03844836 0.2843112 202 185 150
-0.3030275 0.07123636 0.3519377 21 11 5
-0.3173725 0.08353236 0.3058287 35 23 13
-0.4679952 0.05791636 0.2689415 142 111 60
-0.3122493 0.1163214 0.3160751 43 33 22
-0.5038578 0.1101734 0.2576704 181 157 118
-0.3173725 0.1101734 0.3140259 86 71 55
-0.2804854 0.06406336 0.4072685 131 103 68
-0.2989289 0.1409124 0.293533 101 67 32
-0.3163479 0.06713836 0.2884098 78 54 28
-0.4649213 0.05791636 0.2607444 141 115 79
-0.2917564 0.1450104 0.2720154 26 17 12
-0.4464777 0.04152136 0.2515226 195 179 146
-0.2999536 0.08763136 0.3693566 50 31 16
-0.3163479 0.06099036 0.290459 73 53 30
-0.3122493 0.04971936 0.3304202 137 101 60
-0.4249602 0.08763136 0.2525472 124 89 52
-0.4997592 0.06406336 0.2832866 174 152 114
-0.5110302 0.06201536 0.2914837 184 164 128
-0.3040522 0.01897936 0.2863605 142 117 81
-0.2804854 0.09685336 0.4185395 101 56 23
-0.5130796 0.05279336 0.2986562 193 175 140
-0.284584 0.1655044 0.3498884 34 21 11
-0.3102001 0.1152964 0.2699662 60 46 39
-0.5048824 0.05791636 0.290459 173 153 121
-0.3163479 0.06816236 0.3089027 63 40 13
-0.313274 0.1122224 0.2873851 98 67 36
-0.3071261 0.08148336 0.3468144 47 26 10
-0.2917564 0.1460359 0.2843112 80 52 24
-0.4700445 0.04971936 0.2730401 175 152 114
-0.2907318 0.1562824 0.3334941 52 39 24
-0.295855 0.03844836 0.3642334 164 141 106
-0.05506373 0.009757357 0.471821 99 54 16
-0.2579432 0.02922636 0.414441 80 49 23
-0.1677746 0.2228839 0.2730401 93 67 40
-0.2251546 0.2054654 0.3304202 110 75 44
-0.1534295 0.1788244 0.4830921 21 14 9
-0.09092626 0.1511594 0.5117822 33 19 11
-0.06940875 0.2044404 0.4554267 45 36 30
-0.1585528 0.04049736 0.4472295 51 39 30
-0.07453194 0.01795536 0.4595253 30 21 15
-0.03559549 0.2259574 0.261769 46 40 36
-0.1134684 0.1880464 0.4779689 37 28 20
-0.08375377 0.1849724 0.4769443 42 28 17
-0.1257642 0.2362044 0.3242723 45 42 38
-0.042768 0.1491094 0.5107575 57 39 23
-0.1513802 0.1952184 0.4585007 45 36 29
-0.04174335 0.2269824 0.2996809 60 48 38
-0.06121159 0.2187854 0.3980467 100 65 34
-0.1411338 0.2290324 0.2884098 30 26 23
-0.2599925 0.1757504 0.276114 22 14 8
-0.2640911 0.1798494 0.3611595 28 20 13
-0.2149082 0.2136619 0.336568 118 81 40
-0.09092626 0.2362044 0.3355434 26 24 19
-0.2487214 0.1152964 0.4513281 104 66 37
-0.2364257 0.1921454 0.3806277 47 31 19
-0.2620418 0.1675534 0.3959974 40 26 17
-0.2333518 0.1357894 0.4697717 74 45 18
-0.042768 0.2280074 0.3293955 18 16 15
-0.1452324 0.2331304 0.3252969 41 36 32
-0.1196163 0.2198104 0.4216134 38 32 27
-0.03662014 0.1439864 0.5107575 49 35 24
-0.2343764 0.1480854 0.4605499 50 28 11
-0.2620418 0.06201536 0.4390324 144 117 77
-0.2753622 0.02205336 0.3714059 173 151 118
-0.160602 0.006684357 0.4123916 77 49 26
-0.2179821 0.1921454 0.4123916 127 111 95
-0.1718731 0.05381736 0.4615746 40 33 33
-0.2497461 0.07021236 0.4656731 143 112 69
-0.07453194 0.2331304 0.3498884 41 37 33
-0.2272039 0.03332536 0.4205888 134 106 72
-0.1831442 0.05586736 0.4625992 34 25 18
-0.1411338 0.1030004 0.5097328 74 42 15
-0.267165 0.1450104 0.4123916 45 30 15
-0.267165 0.07738436 0.4410817 104 62 31
-0.04891586 0.005659357 0.4585007 102 73 47
-0.267165 0.02512836 0.4031699 148 124 91
-0.22413 0.0005363568 0.3293955 25 20 17
-0.2651157 0.1060754 0.4369832 108 55 16
-0.2159328 0.04049736 0.4390324 91 53 24
-0.1308874 0.2310804 0.290459 23 20 17
-0.08170447 0.2310804 0.2771387 44 40 34
-0.2272039 0.02512836 0.3949727 24 5 0
-0.07453194 0.1859964 0.4759196 62 47 35
-0.2476968 0.009757357 0.3252969 61 37 13
-0.1739224 0.03025136 0.4308352 30 22 16
-0.08990163 0.01385636 0.4441556 48 32 22
-0.2333518 -0.002537643 0.3130012 22 17 13
-0.2548693 0.1818974 0.2894344 39 28 21
-0.07145801 0.2023914 0.4615746 48 39 33
-0.2077357 0.01693036 0.3929235 61 39 21
-0.1483063 0.2167364 0.4216134 76 61 54
-0.1749471 0.06918736 0.4841167 40 26 19
-0.03866942 0.2269824 0.2658676 25 21 17
-0.1442077 0.2290324 0.2914837 32 29 25
-0.1011727 0.2280074 0.3806277 42 37 31
-0.05506373 0.009757357 0.4830921 155 122 88
-0.07965517 0.2331304 0.3160751 32 29 25
-0.02534905 0.2146874 0.3908741 60 41 29
-0.2640911 0.1788244 0.3642334 34 23 15
-0.04481729 0.02615236 0.5117822 132 94 57
-0.1759717 0.1900954 0.4636239 99 81 68
-0.2681896 0.03537436 0.4164902 147 114 74
-0.2733129 0.1603814 0.2607444 25 17 12
-0.2118342 0.2075144 0.2843112 40 30 28
-0.1011727 0.2044404 0.4513281 41 23 13
-0.1913414 0.1224684 0.5066589 77 41 6
-0.1431831 0.04254736 0.4707964 52 33 22
-0.1831442 -0.002537643 0.3878002 36 26 23
-0.2579432 0.009757357 0.3150505 33 15 1
-0.07248269 0.02410286 0.4871906 75 40 11
-0.2282285 0.002585357 0.3355434 30 23 18
-0.238475 0.03127536 0.4154656 113 75 36
-0.117567 0.004634357 0.4267367 49 36 27
-0.04174335 0.1880464 0.4728457 55 45 39
-0.2763868 0.1593554 0.3734552 91 67 49
-0.1749471 0.2259574 0.3058287 45 39 34
-0.1421584 0.2198104 0.4103424 37 31 27
-0.2620418 0.02000536 0.3601348 121 97 68
-0.2487214 0.1726764 0.4123916 40 25 16
-0.2231053 0.1286174 0.4841167 87 52 20
-0.2692143 0.04459636 0.4134163 107 74 40
-0.05711302 0.006684357 0.4523528 50 33 22
-0.05301443 0.01795536 0.503585 138 106 73
-0.2507707 0.01078336 0.3355434 40 23 11
-0.2261792 0.2044404 0.3334941 110 76 41
-0.09502483 0.1931694 0.4646485 78 60 45
-0.09809876 0.006684357 0.4328846 61 44 26
-0.2394996 0.008733357 0.3334941 41 27 18
-0.1903167 0.2034154 0.4123916 49 30 19
-0.2128589 0.1429624 0.4994864 88 54 30
-0.1083452 0.05484236 0.5117822 108 61 22
-0.2292532 0.1603814 0.4585007 55 44 34
-0.05916229 0.1993174 0.4615746 44 35 28
-0.1995385 0.1931694 0.4328846 34 26 19
-0.178021 0.2239094 0.3324694 55 35 20
-0.2251546 0.2023914 0.3806277 38 29 24
-0.1687992 0.2239094 0.2802126 53 44 34
-0.1759717 0.08865536 0.4933385 70 49 28
-0.06735945 0.2321064 0.353987 51 45 41
-0.1431831 0.1849724 0.4810428 39 30 25
-0.08990163 0.02717636 0.4615746 47 26 13
-0.2056864 0.1603814 0.486166 33 24 16
-0.2313025 0.1931694 0.2720154 51 42 35
-0.2722882 0.1521834 0.3990713 49 34 25
-0.09809876 0.2177604 0.4298106 50 42 35
-0.2190067 0.05074336 0.4585007 114 71 37
-0.1452324 0.2259574 0.3775538 53 46 40
-0.1585528 0.05074336 0.4830921 49 37 27
-0.2692143 0.1696024 0.2812372 19 13 10
-0.03969407 0.2239094 0.3703813 38 32 30
-0.1134684 0.2034154 0.4503035 58 41 28
-0.2149082 0.1900954 0.4164902 39 29 21
-0.2394996 0.02000536 0.3816523 64 42 23
-0.1165424 0.2362044 0.3263216 70 62 55
-0.1503556 0.2136619 0.425712 38 33 28
-0.2159328 0.2095644 0.3673074 37 29 24
-0.2435982 0.1839474 0.3837017 45 26 13
-0.01920119 0.2208344 0.350913 50 43 34
-0.1196163 0.2300564 0.2781633 5 5 2
-0.1093698 0.2249334 0.3990713 55 48 41
-0.221056 0.1245184 0.4871906 90 51 14
-0.1431831 0.1030004 0.5087082 92 49 18
-0.2374503 0.04049736 0.4339092 157 131 94
-0.1708485 0.09070436 0.4974371 59 39 23
-0.07760589 0.01795536 0.457476 38 28 20
-0.09604949 0.005659357 0.4308352 40 26 16
-0.08067984 0.02922636 0.4851414 50 22 7
-0.2333518 0.1460359 0.4646485 67 45 24
-0.07248269 0.02615236 0.4933385 101 58 25
-0.2169574 0.03844836 0.4339092 121 94 63
-0.1442077 0.1583314 0.5087082 30 22 14
-0.2333518 0.06303936 0.4677225 119 81 44
-0.1974892 0.2177604 0.3447652 93 61 33
-0.206711 0.1429624 0.5046096 72 37 13
-0.1144931 0.1849724 0.4851414 50 39 27
-0.238475 0.06611336 0.4697717 125 81 47
-0.2763868 0.1716514 0.3211984 93 62 34
-0.1011727 0.2290324 0.2668922 59 50 41
-0.1821196 0.02717636 0.4226381 70 49 27
-0.1329367 0.2300564 0.2853358 37 32 28
-0.2302778 0.004634357 0.339642 26 20 16
-0.209785 0.2095644 0.2914837 31 27 24
-0.1165424 0.1532084 0.5097328 40 32 25
-0.2364257 0.1101734 0.4666978 70 37 13
-0.131912 0.03025136 0.4492789 41 24 13
-0.117567 0.1757504 0.4984618 38 27 20
-0.02534905 0.01488086 0.4943632 144 95 71
-0.2118342 0.08763136 0.4851414 118 76 33
-0.04686657 0.1849724 0.4769443 37 26 19
-0.2630664 0.1409124 0.4185395 36 19 7
-0.2497461 0.07943436 0.4666978 112 70 32
-0.2026124 0.0005363568 0.3724305 83 66 47
-0.2548693 0.1880464 0.3570609 67 57 47
-0.1964646 0.1982924 0.4185395 43 35 28
-0.1011727 0.03537436 0.4779689 107 70 36
-0.1206409 0.2116134 0.4390324 35 24 16
-0.2087603 0.1941934 0.4134163 39 28 18
-0.2599925 0.04562036 0.4195642 116 83 52
-0.1483063 0.2321064 0.336568 44 39 34
-0.1483063 0.05689236 0.5025603 142 110 76
-0.05813766 0.2331304 0.2843112 151 138 107
-0.1667499 0.04049736 0.4441556 49 43 38
-0.06531015 0.2310804 0.3181245 37 33 30
-0.02125047 0.1777999 0.4748949 32 24 19
-0.2118342 0.2044404 0.2709908 48 39 30
-0.04584193 0.2034154 0.4421064 67 53 41
-0.2374503 0.1859964 0.2576704 70 48 27
-0.2548693 0.1747264 0.2576704 45 32 19
-0.02022584 0.1941934 0.4421064 161 123 67
-0.1585528 0.2218594 0.3949727 52 45 37
-0.06018695 0.1921454 0.4707964 36 26 21
-0.1196163 0.1921454 0.4707964 41 33 27
-0.1831442 0.08455736 0.4871906 50 32 19
-0.0243244 0.1552579 0.4994864 49 33 21
-0.1892921 0.1696024 0.4789935 26 17 10
-0.2507707 0.009757357 0.3273463 45 29 13
-0.05813766 0.2095644 0.4359585 59 47 37
-0.1370352 0.2259574 0.3816523 41 37 31
-0.1524049 0.1880464 0.471821 35 27 22
-0.1308874 0.2321064 0.3550116 5 5 3
-0.163676 0.04869436 0.4605499 27 20 16
-0.05403909 0.2300564 0.3017301 51 42 34
-0.2415489 0.04254736 0.4339092 146 121 84
-0.09912342 0.2362044 0.3304202 32 29 25
-0.09297556 0.2362044 0.3386173 71 65 58
-0.07248269 0.02717636 0.4984618 80 37 3
-0.2036371 0.2075144 0.3949727 25 16 10
-0.1524049 0.005659357 0.4164902 79 55 28
-0.09707412 0.2341554 0.353987 52 44 39
-0.08580303 0.2341554 0.3089027 33 30 26
-0.1565035 0.2290324 0.3017301 30 27 24
-0.2640911 0.1060754 0.4369832 97 58 31
-0.09400019 0.1808734 0.4871906 33 24 17
-0.08682769 0.2290324 0.3755045 49 36 24
-0.1892921 0.1747264 0.4707964 18 15 10
-0.2251546 0.1665284 0.4523528 30 21 15
-0.1595774 0.1030004 0.5056343 90 52 17
-0.04789123 0.1624304 0.5015357 44 28 12
-0.1769963 0.2259574 0.3058287 36 30 25
-0.146257 0.2044404 0.443131 31 25 19
-0.05916229 0.2208344 0.3918988 107 78 49
-0.2077357 -0.0004886432 0.353987 45 35 30
-0.03457084 0.2249334 0.2740648 32 28 24
-0.06121159 0.2269824 0.3734552 53 40 30
-0.1073205 0.2126374 0.4390324 42 32 26
-0.07350731 0.2013664 0.4605499 37 27 20
-0.2456475 0.1183704 0.4503035 34 22 15
-0.1524049 0.1829234 0.4800182 20 12 8
-0.2261792 0.1982924 0.2832866 37 31 27
-0.238475 0.1962434 0.3662827 44 36 30
-0.1114191 0.1993174 0.4544021 58 41 28
-0.2610171 0.1388634 0.4226381 38 23 12
-0.2538446 0.1552579 0.4267367 35 20 13
-0.192366 -0.001512643 0.3806277 44 33 27
-0.2548693 0.06406336 0.4544021 87 43 16
-0.2712636 0.1009514 0.4298106 106 63 27
-0.2026124 0.01795536 0.3990713 50 28 8
-0.1882674 0.06611336 0.4810428 84 57 31
-0.2538446 0.1890704 0.3375926 47 30 17
-0.1647006 0.2187854 0.4052192 37 33 28
-0.03047227 0.1552579 0.5015357 83 62 43
-0.2446228 0.002585357 0.3109519 16 9 6
-0.1882674 0.1111984 0.503585 104 61 19
-0.02022584 0.2218594 0.3201737 118 82 38
-0.2517953 0.01897936 0.368332 135 110 76
-0.1647006 0.06099036 0.4820675 42 33 27
-0.2569186 0.1890704 0.3130012 98 60 22
-0.206711 0.1501344 0.500511 41 18 5
-0.131912 0.1880464 0.4800182 37 28 21
-0.05608836 0.2300564 0.3252969 41 37 32
-0.134986 0.2259574 0.2627936 89 59 37
-0.1790456 0.05484236 0.4595253 18 13 6
-0.2702389 0.1542324 0.4011206 39 26 17
-0.2005632 0.1603814 0.4974371 114 85 55
-0.06940875 0.2321064 0.2914837 54 49 42
-0.1985139 0.2146874 0.2802126 45 37 26
-0.1647006 0.2269824 0.3416912 79 60 40
-0.06121159 0.2310804 0.3048041 27 23 20
-0.2282285 0.09275436 0.4800182 102 60 23
-0.1831442 0.2187854 0.3888249 101 88 79
-0.1995385 0.1726764 0.4687471 27 20 11
-0.2046617 0.04459636 0.4523528 117 72 33
-0.2456475 0.02307836 0.3908741 85 60 40
-0.01817654 0.1808734 0.4666978 53 42 31
-0.238475 0.1870224 0.2638183 55 43 32
-0.2589678 0.01897936 0.3621841 75 54 32
-0.09195089 0.2167364 0.4308352 73 65 58
-0.05403909 0.2239094 0.3806277 51 33 22
-0.2548693 0.01590636 0.3437405 60 42 25
-0.06940875 0.2259574 0.3806277 61 35 17
-0.2343764 0.1972684 0.3037794 66 41 24
-0.07760589 0.2321064 0.3642334 42 36 30
-0.05506373 0.2136619 0.4195642 98 59 22
-0.05711302 0.2085384 0.4359585 75 63 52
-0.08580303 0.2351794 0.3211984 26 24 20
-0.2364257 0.1972684 0.3529623 40 33 27
-0.1698238 0.2218594 0.3806277 34 28 22
-0.1647006 0.2269824 0.3386173 70 50 33
-0.2231053 0.1972684 0.2627936 69 51 35
-0.1513802 0.1726764 0.48924 20 13 8
-0.1985139 0.07328536 0.4800182 100 67 30
-0.1288381 0.2249334 0.2545965 104 70 30
-0.1831442 0.03947236 0.4441556 55 35 20
-0.160602 0.2177604 0.4103424 22 19 15
-0.05608836 0.2290324 0.2638183 79 68 50
-0.06121159 0.01385636 0.4851414 120 74 37
-0.03354619 0.2269824 0.3345187 36 27 20
-0.05916229 0.2116134 0.4267367 71 52 37
-0.1944153 0.2187854 0.3611595 89 65 41
-0.2743375 0.1777999 0.3427159 44 27 11
-0.1892921 0.1152964 0.5046096 95 52 12
-0.2282285 0.003610357 0.3304202 31 26 22
-0.09297556 0.2044404 0.4544021 45 30 21
-0.1728978 0.1655044 0.4943632 35 25 17
-0.1442077 0.01795536 0.428786 41 27 20
-0.2589678 0.1234939 0.428786 82 48 16
-0.1216656 0.2249334 0.2556212 62 46 34
-0.2251546 0.1655044 0.4554267 30 24 19
-0.1472817 0.2064894 0.4390324 39 32 26
-0.1554788 0.03332536 0.4400571 64 49 31
-0.05506373 0.2310804 0.3642334 110 97 88
-0.06531015 0.2331304 0.279188 101 89 68
-0.02329977 0.2208344 0.368332 38 33 29
-0.1862181 0.2208344 0.350913 143 111 76
-0.09092626 0.2300564 0.2802126 35 31 27
-0.209785 0.01283236 0.3837017 55 37 26
-0.238475 0.1962434 0.3529623 39 33 27
-0.07555661 0.2157114 0.4236628 48 36 24
-0.2056864 0.1532084 0.500511 46 25 11
-0.235401 0.07635936 0.4779689 133 95 60
-0.2374503 0.1501344 0.4605499 66 46 32
-0.1472817 0.2331304 0.3181245 54 47 37
-0.2569186 0.1716514 0.3949727 34 19 10
-0.2558939 0.1480854 0.4267367 44 27 16
-0.1472817 0.01180736 0.4246874 47 32 20
-0.2149082 0.1880464 0.4298106 27 18 11
-0.2179821 0.1593554 0.4759196 37 26 17
-0.2753622 0.09685336 0.428786 107 62 24
-0.02944763 0.2075144 0.4164902 110 70 29
-0.05916229 0.2310804 0.2996809 26 22 16
-0.1093698 0.02205336 0.4472295 67 43 20
-0.1565035 0.2218594 0.3949727 23 20 16
-0.1882674 0.1962434 0.4359585 49 39 36
-0.2538446 0.1142714 0.4421064 62 30 11
-0.2149082 0.1347644 0.4974371 65 29 6
-0.1616267 0.2228839 0.2709908 78 51 31
-0.03764478 -0.001512643 0.4369832 50 31 16
-0.2712636 0.01283236 0.3201737 13 9 5
-0.04789123 0.2280074 0.3211984 37 32 27
-0.03559549 0.1788244 0.4830921 50 39 30
-0.1892921 0.04254736 0.4492789 95 56 27
-0.2231053 0.03025136 0.414441 118 89 59
-0.1513802 0.1911199 0.4677225 41 32 27
-0.2558939 0.02615236 0.4082931 131 101 72
-0.1862181 0.2208344 0.2832866 113 84 43
-0.1718731 0.1921454 0.4564513 36 28 23
-0.1452324 0.1757504 0.48924 17 9 5
-0.1882674 0.1306664 0.5107575 67 30 6
-0.2569186 0.003610357 0.3017301 13 7 5
-0.07965517 0.008733357 0.443131 78 55 31
-0.2333518 0.1931694 0.2740648 48 38 31
-0.04994049 0.2280074 0.3130012 46 40 35
-0.2405243 0.07635936 0.4738703 113 69 30
-0.05608836 0.2003419 0.4595253 44 35 26
-0.1421584 0.03844836 0.4707964 24 9 0
-0.2149082 0.05279336 0.4615746 120 73 26
-0.06223622 0.2310804 0.307878 44 40 36
-0.1513802 0.1911199 0.4697717 98 84 69
-0.2282285 0.02205336 0.3867756 6 2 1
-0.2128589 0.1593554 0.4800182 28 18 9
-0.05813766 0.2300564 0.3621841 47 41 38
-0.04071871 0.2249334 0.3703813 33 28 25
-0.1831442 0.2239094 0.3048041 32 27 23
-0.1062959 0.1542324 0.5097328 30 21 15
-0.2579432 0.1696024 0.397022 50 34 23
-0.2159328 0.1255424 0.4933385 112 70 27
-0.1196163 0.05074336 0.5066589 117 66 25
-0.235401 0.02820136 0.4011206 88 46 18
-0.22413 0.04357136 0.4441556 142 113 78
-0.2220807 -0.002537643 0.3242723 25 20 16
-0.08375377 0.03025136 0.5025603 167 133 104
-0.2487214 0.1788244 0.2566458 57 44 32
-0.09297556 0.2351794 0.3211984 59 53 46
-0.1872428 0.2003419 0.4236628 33 27 21
-0.06940875 0.2269824 0.3765291 47 29 17
-0.2548693 0.01078336 0.3242723 45 35 26
-0.1903167 0.1747264 0.471821 18 11 6
-0.2333518 0.1788244 0.425712 75 63 52
-0.2005632 0.1552579 0.5056343 76 48 27
-0.1042466 0.2239094 0.4011206 72 64 55
-0.04071871 0.01385636 0.5015357 173 150 122
-0.07965517 0.1818974 0.4810428 59 44 32
-0.2415489 0.1941934 0.3089027 69 41 20
-0.163676 0.1757504 0.4820675 23 16 9
-0.22413 0.1696024 0.4523528 20 15 11
-0.06223622 0.2321064 0.2966069 51 44 37
-0.2118342 0.2116134 0.3160751 43 24 14
-0.1851935 0.2177604 0.2699662 94 64 30
-0.03457084 0.2249334 0.2966069 64 41 27
-0.2056864 0.2136619 0.2966069 44 37 32
-0.2272039 0.02410286 0.3929235 57 37 21
-0.1042466 0.009757357 0.4339092 38 28 25
-0.1073205 0.2341554 0.307878 52 48 44
-0.2630664 0.1542324 0.414441 41 24 17
-0.09604949 0.2362044 0.3211984 51 47 41
-0.2558939 0.1675534 0.411367 47 26 14
-0.1216656 0.03639836 0.4830921 142 108 71
-0.05403909 0.02307836 0.5117822 143 110 75
-0.06940875 0.01693036 0.4789935 95 54 25
-0.07145801 -0.001512643 0.4318599 45 35 29
-0.2251546 0.1982924 0.2802126 31 25 20
-0.04174335 0.2003419 0.4462049 35 25 17
-0.06428552 0.01180736 0.4759196 87 45 19
-0.2169574 0.1470604 0.4923139 43 20 8
-0.09912342 0.1491094 0.5117822 39 26 16
-0.25282 0.1880464 0.3611595 27 22 18
-0.163676 0.04254736 0.4482542 35 30 26
-0.2476968 0.009757357 0.3273463 11 6 1
-0.1452324 0.04664486 0.4882153 57 30 13
-0.2722882 0.1347644 0.4082931 63 40 21
-0.25282 0.1706274 0.4082931 46 28 16
-0.1011727 0.2259574 0.3878002 42 33 28
-0.1226902 0.2331304 0.2996809 54 50 44
-0.163676 0.1829234 0.4748949 28 19 9
-0.07453194 0.2198104 0.4062438 89 58 31
-0.1964646 -0.002537643 0.3734552 52 39 29
-0.2425736 0.04664486 0.443131 159 135 92
-0.2036371 0.02307836 0.4062438 119 95 65
-0.1831442 0.02000536 0.4072685 76 55 29
-0.22413 -0.0004886432 0.3283709 29 23 18
-0.1411338 0.2259574 0.3806277 23 20 15
-0.2569186 0.01795536 0.3478391 87 62 31
-0.1329367 0.2177604 0.4226381 47 40 35
-0.103222 0.03434936 0.4748949 121 82 46
-0.117567 0.2351794 0.353987 28 24 20
-0.206711 0.2157114 0.3488638 70 45 28
-0.1667499 0.1777999 0.4779689 22 16 10
-0.2394996 0.1542324 0.4472295 42 32 23
-0.2692143 0.1696024 0.2781633 32 23 18
-0.2497461 0.1460359 0.4390324 55 42 31
-0.2374503 0.1183704 0.4605499 45 28 18
-0.07350731 0.1798494 0.4841167 47 33 24
-0.1913414 0.1982924 0.4246874 37 30 23
-0.2077357 0.1152964 0.4964124 125 86 43
-0.235401 0.07123636 0.4748949 136 97 55
-0.117567 0.2259574 0.3929235 47 42 37
-0.2015878 0.2167364 0.3119766 47 37 30
-0.1380599 0.01385636 0.4267367 61 39 21
-0.08887696 0.01180736 0.4451803 71 49 27
-0.267165 0.1224684 0.4185395 50 31 16
-0.08272909 0.2259574 0.3837017 71 50 32
-0.2548693 0.1890704 0.3283709 86 51 23
-0.1616267 0.04767036 0.4615746 43 31 22
-0.1308874 0.2331304 0.3058287 51 46 40
-0.1247395 0.2321064 0.2976315 41 37 33
-0.04891586 0.2300564 0.2996809 43 36 29
-0.04174335 0.2290324 0.3437405 55 46 40
-0.267165 0.1798494 0.353987 47 42 37
-0.06531015 0.2259574 0.3775538 64 43 28
-0.03559549 0.001560857 0.457476 133 89 52
-0.07658124 0.2208344 0.3990713 82 55 32
-0.1216656 0.1480854 0.5117822 31 18 11
-0.03866942 0.2259574 0.2925083 52 36 29
-0.2026124 0.2116134 0.2781633 41 34 28
-0.2231053 0.1900954 0.4021453 66 51 37
-0.05096516 0.1542324 0.5117822 53 27 11
-0.1974892 0.2177604 0.3334941 82 55 33
-0.04789123 0.2228839 0.3785784 46 35 31
-0.03559549 0.1921454 0.4605499 29 21 17
-0.04994049 0.2310804 0.350913 44 37 31
-0.2118342 0.1911199 0.4175149 43 32 22
-0.2722882 -0.001512643 0.2771387 72 57 52
-0.1083452 0.2341554 0.3058287 34 30 27
-0.09604949 0.2300564 0.2699662 54 47 39
-0.1431831 0.1870224 0.4769443 34 25 18
-0.06633482 0.01488086 0.4830921 117 69 31
-0.2313025 0.03127536 0.4134163 124 92 57
-0.1144931 0.2280074 0.3775538 32 28 24
-0.235401 0.009757357 0.3488638 66 49 33
-0.2610171 0.1706274 0.3867756 52 34 21
-0.2702389 0.1009514 0.4318599 110 70 35
-0.1226902 0.02717636 0.4595253 129 97 61
-0.04174335 0.2280074 0.2638183 25 21 16
-0.1657253 0.1859964 0.4697717 39 22 11
-0.178021 0.02615236 0.4216134 54 40 25
-0.2231053 0.2013664 0.2843112 37 31 28
-0.09912342 0.03025136 0.4687471 78 49 23
-0.03252156 0.1675534 0.4923139 77 57 43
-0.163676 0.2249334 0.3621841 85 61 44
-0.2159328 0.1900954 0.4154656 42 31 23
-0.2159328 0.2095644 0.3211984 84 54 30
-0.1575281 0.1030004 0.5087082 70 45 22
-0.1298627 0.1962434 0.4615746 65 56 46
-0.2651157 0.08558136 0.4441556 109 66 27
-0.206711 0.07328536 0.4769443 112 78 38
-0.1657253 0.01693036 0.4175149 60 40 23
-0.2364257 0.1624304 0.4441556 36 26 18
-0.1308874 0.2331304 0.3089027 47 42 37
-0.2026124 0.03537436 0.4318599 124 90 51
-0.2179821 0.1829234 0.4400571 27 18 13
-0.2620418 0.1808734 0.3642334 30 21 15
-0.1431831 0.04357136 0.4738703 43 22 11
-0.1841688 0.1941934 0.4462049 42 33 28
-0.1103945 0.2351794 0.3150505 30 28 23
-0.2610171 0.1655044 0.4011206 42 28 20
-0.2487214 0.01795536 0.365258 69 42 19
-0.08682769 0.1911199 0.4687471 63 45 30
-0.2220807 0.2064894 0.3621841 34 24 17
-0.2005632 0.1480854 0.5097328 49 19 6
-0.03866942 0.1655044 0.4953878 65 47 34
-0.2722882 0.07840936 0.4328846 100 59 26
-0.09809876 0.2218594 0.4072685 71 57 47
-0.08580303 0.1952184 0.4646485 54 36 24
-0.1892921 0.2177604 0.3847263 36 30 25
-0.1278134 0.02717636 0.4462049 39 18 5
-0.04071871 0.009757357 0.4943632 174 150 118
-0.1554788 0.2249334 0.2730401 46 34 25
-0.1985139 0.1573064 0.5087082 64 31 14
-0.1155177 0.1634544 0.5056343 15 13 11
-0.1196163 0.004634357 0.4267367 64 47 35
-0.1534295 0.2239094 0.264843 116 79 39
-0.2272039 0.02922636 0.4072685 110 77 48
-0.1278134 0.03947236 0.4902646 110 77 42
-0.2579432 0.01897936 0.3621841 69 42 20
-0.1810949 0.02205336 0.411367 62 44 25
-0.1390845 0.2290324 0.2832866 40 35 31
-0.2538446 0.1255424 0.4359585 87 57 27
-0.03764478 0.2116134 0.4164902 113 72 31
-0.1698238 0.2034154 0.4298106 38 33 28
-0.1616267 0.05279336 0.4841167 30 20 14
-0.1134684 0.2269824 0.3816523 35 31 27
-0.1298627 0.2023914 0.4503035 52 42 33
-0.2589678 0.1849724 0.336568 48 36 26
-0.1503556 0.05996536 0.5087082 98 60 24
-0.1165424 0.001560857 0.4226381 76 63 51
-0.05301443 0.006684357 0.4585007 38 21 13
-0.2661404 0.1193954 0.4216134 76 49 22
-0.09604949 -0.0004886432 0.4226381 41 30 24
-0.0263737 0.1388634 0.5087082 76 54 38
-0.2026124 0.03332536 0.428786 112 79 50
-0.2497461 0.1870224 0.2996809 59 35 18
-0.1206409 0.1849724 0.4882153 36 25 16
-0.03559549 0.1491094 0.5076836 83 64 45
-0.1964646 0.1818974 0.4605499 33 25 20
-0.02842299 0.2249334 0.3478391 61 54 44
-0.2343764 0.003610357 0.3304202 27 23 20
-0.192366 0.2177604 0.3796031 36 30 24
-0.06838409 0.1624304 0.5056343 42 27 19
-0.2374503 0.09480336 0.4779689 118 73 30
-0.02125047 0.1593554 0.4943632 48 32 21
-0.2302778 0.004634357 0.3334941 22 15 11
-0.1452324 0.2136619 0.4298106 39 29 22
-0.1954399 0.06918736 0.4769443 79 50 19
-0.163676 0.1993174 0.4441556 62 54 45
-0.1913414 0.1603814 0.4994864 32 18 8
-0.2108096 0.1890704 0.4318599 23 16 10
-0.0263737 0.2218594 0.3642334 37 32 29
-0.2405243 0.001560857 0.3119766 22 15 13
-0.1585528 0.2249334 0.3755045 43 37 32
-0.02739833 0.2218594 0.2812372 47 33 22
-0.02842299 0.004634357 0.4697717 138 101 70
-0.2056864 0.2146874 0.3570609 37 24 17
-0.1267888 0.1911199 0.4728457 45 34 24
-0.1544542 0.2228839 0.3939481 49 42 35
-0.146257 0.2167364 0.4195642 53 45 39
-0.1380599 0.2331304 0.3068533 51 45 39
-0.163676 0.2218594 0.2638183 126 87 33
-0.2507707 0.1890704 0.365258 31 22 16
-0.2538446 0.06713836 0.457476 92 47 16
-0.05506373 0.2290324 0.3611595 59 50 46
-0.2476968 0.05996536 0.457476 158 130 83
-0.2558939 0.1880464 0.3304202 72 43 19
-0.1892921 0.2167364 0.2709908 72 51 29
-0.1687992 0.2023914 0.4339092 31 27 21
-0.07863054 0.01488086 0.4544021 52 35 24
-0.2538446 0.1757504 0.3908741 48 30 17
-0.1626513 0.2249334 0.3703813 65 51 36
-0.2220807 0.1614054 0.4656731 37 29 23
-0.1964646 0.1726764 0.4697717 23 17 11
-0.05916229 0.2310804 0.2679169 54 45 30
-0.2476968 0.02000536 0.3785784 71 48 32
-0.1483063 0.05074336 0.48924 13 5 2
-0.1021973 0.1941934 0.4646485 63 49 37
-0.06633482 0.02512836 0.5025603 127 90 55
-0.1790456 0.01693036 0.4072685 76 51 23
-0.1585528 -0.001512643 0.3980467 61 50 44
-0.1124438 0.2105884 0.443131 30 21 14
-0.2558939 0.1388634 0.428786 33 15 6
-0.2200314 0.008733357 0.3662827 41 31 26
-0.2415489 0.1573064 0.4421064 26 16 9
-0.05403909 0.004634357 0.4472295 38 27 19
-0.2261792 0.1808734 0.4359585 33 23 18
-0.1964646 0.1962434 0.4267367 31 25 19
-0.2487214 0.1286174 0.4421064 32 16 4
-0.1411338 0.04357136 0.4769443 47 24 11
-0.04071871 0.2136619 0.411367 120 83 42
-0.2272039 0.1747264 0.4410817 22 15 11
-0.1513802 0.05791636 0.4964124 125 98 72
-0.07965517 0.2177604 0.4185395 58 46 39
-0.1841688 0.2208344 0.2781633 60 41 19
-0.04481729 0.1737014 0.4882153 49 34 21
-0.06018695 0.02102936 0.5025603 137 102 68
-0.2651157 0.1798494 0.3601348 35 25 18
-0.08990163 0.2351794 0.3334941 44 40 35
-0.2681896 0.002585357 0.3058287 40 27 16
-0.2138835 0.06099036 0.471821 98 72 41
-0.1401091 0.1941934 0.4636239 35 27 21
-0.2466721 0.01488086 0.3550116 62 49 38
-0.1452324 0.03947236 0.4544021 34 23 16
-0.2640911 0.09787736 0.443131 100 53 20
-0.1544542 0.05689236 0.48924 21 11 10
-0.2138835 0.05586736 0.4646485 133 95 51
-0.1974892 0.009757357 0.3929235 100 71 43
-0.1370352 0.2331304 0.3109519 54 49 42
-0.08990163 0.2105884 0.4451803 37 29 24
-0.2589678 0.1583314 0.4164902 36 17 10
-0.1585528 0.2239094 0.2699662 69 47 31
-0.06223622 0.2331304 0.2863605 93 83 66
-0.221056 0.1890704 0.4103424 42 31 22
-0.1052713 0.2351794 0.3150505 62 59 53
-0.192366 0.2177604 0.279188 97 74 39
-0.178021 0.2064894 0.4164902 66 54 43
-0.2538446 0.1798494 0.2781633 39 31 26
-0.2507707 0.1142714 0.4482542 57 22 5
-0.1267888 0.04664486 0.5015357 126 83 40
-0.1882674 0.1665284 0.4871906 38 26 16
-0.04686657 0.1921454 0.4687471 63 54 48
-0.1390845 0.2136619 0.4308352 34 27 22
-0.1933906 0.2136619 0.2679169 114 85 49
-0.25282 0.06303936 0.4564513 105 71 38
-0.209785 0.1603814 0.4830921 34 25 16
-0.1411338 0.04767036 0.4953878 132 104 72
-0.221056 0.1224684 0.4871906 113 72 29
-0.2651157 0.05791636 0.428786 125 92 56
-0.06223622 0.002585357 0.4390324 26 18 17
-0.2087603 0.008733357 0.3796031 40 29 23
-0.1411338 0.2331304 0.3427159 29 25 21
-0.0243244 0.1859964 0.4646485 32 24 19
-0.2743375 0.03434936 0.4041945 89 50 20
-0.07043339 0.2177604 0.4103424 102 69 40
-0.2640911 0.1091484 0.4328846 87 52 21
-0.1841688 0.04459636 0.4492789 81 51 26
-0.02125047 0.01078336 0.4810428 124 87 53
-0.08580303 0.2331304 0.3621841 34 29 24
-0.1749471 0.2269824 0.3099273 32 27 23
-0.04891586 0.003610357 0.4482542 46 24 10
-0.2056864 0.1921454 0.428786 36 28 22
-0.2753622 0.1696024 0.3611595 34 23 17
-0.2118342 0.1911199 0.4236628 44 33 27
-0.2220807 0.05689236 0.4636239 87 42 10
-0.07350731 0.03025136 0.5046096 155 122 92
-0.1728978 0.01693036 0.4123916 64 40 19
-0.146257 0.02307836 0.4339092 43 26 11
-0.1021973 0.2341554 0.3611595 34 29 24
-0.08170447 0.2228839 0.397022 93 66 42
-0.2302778 0.1685779 0.4441556 29 19 13
-0.1944153 0.1101734 0.5015357 105 61 22
-0.2733129 0.03639836 0.411367 110 74 37
-0.1759717 0.06099036 0.4779689 27 18 14
-0.09912342 0.1573064 0.5097328 52 40 29
-0.1052713 0.1880464 0.4759196 56 46 38
-0.2722882 0.1398874 0.4082931 40 23 14
-0.1052713 0.03844836 0.4851414 134 93 56
-0.2630664 0.1829234 0.3109519 94 59 27
-0.2415489 0.01590636 0.3662827 59 46 33
-0.2026124 0.2136619 0.3806277 38 30 25
-0.1452324 0.2259574 0.3744799 40 36 31
-0.05711302 0.2321064 0.2925083 50 42 34
-0.2456475 0.1583314 0.4369832 23 15 9
-0.2169574 0.2034154 0.2771387 48 40 33
-0.2015878 0.2146874 0.2945576 42 36 32
-0.01817654 0.2259574 0.2566458 120 107 91
-0.09092626 0.2105884 0.4451803 40 32 27
-0.1134684 0.2351794 0.3550116 35 31 26
-0.2138835 0.2105884 0.3693566 37 29 23
-0.03457084 0.1450104 0.5097328 61 45 31
-0.2507707 0.1859964 0.3714059 39 29 24
-0.1657253 0.02102936 0.4216134 48 34 21
-0.07453194 0.2310804 0.2720154 43 37 32
-0.02022584 0.2218594 0.3447652 64 52 39
-0.1185916 0.1859964 0.4841167 45 33 24
-0.2722882 -0.002537643 0.2627936 13 10 6
-0.1155177 0.1552579 0.5097328 25 22 19
-0.09400019 0.1982924 0.4605499 55 36 22
-0.2456475 0.04459636 0.4328846 142 112 75
-0.1667499 0.2228839 0.3796031 55 47 37
-0.1913414 0.1040254 0.4994864 96 56 21
-0.2056864 0.07840936 0.4800182 99 63 27
-0.2558939 0.01897936 0.3744799 126 102 72
-0.2763868 0.1357894 0.4052192 29 11 1
-0.02944763 0.1593554 0.4974371 108 84 67
-0.1933906 0.2187854 0.3519377 78 52 31
-0.2169574 0.1972684 0.3939481 49 31 19
-0.1800703 0.2208344 0.3591102 72 49 33
-0.1616267 0.2269824 0.2945576 43 38 33
-0.2169574 -0.001512643 0.3406666 25 20 17
-0.1903167 0.06303936 0.4728457 71 47 27
-0.05711302 0.1767744 0.4882153 73 53 35
-0.1021973 0.2249334 0.3908741 51 44 36
-0.238475 0.03025136 0.4123916 120 92 59
-0.1708485 0.1870224 0.4656731 25 17 11
-0.146257 0.04767036 0.4697717 15 11 6
-0.2538446 0.04357136 0.4246874 142 108 75
-0.1144931 0.03537436 0.4810428 109 75 45
-0.1882674 0.1347644 0.5117822 55 24 5
-0.1472817 0.2228839 0.2515226 135 97 36
-0.2394996 0.1234939 0.4564513 27 18 12
-0.134986 0.2341554 0.3488638 34 30 26
-0.2620418 0.1849724 0.3191491 103 65 27
-0.1964646 0.1583314 0.4994864 43 25 11
-0.2261792 0.09377936 0.4810428 70 38 16
-0.1995385 0.1337404 0.5066589 74 33 3
-0.07863054 0.002585357 0.4349338 37 27 22
-0.05301443 0.1583314 0.5087082 69 47 30
-0.02842299 -0.002537643 0.4400571 97 58 22
-0.2231053 0.03127536 0.4175149 152 130 99
-0.1155177 0.03844836 0.486166 135 98 64
-0.2507707 0.005659357 0.3181245 72 40 11
-0.25282 0.1849724 0.2996809 78 48 26
-0.1073205 0.1644794 0.5056343 36 28 21
-0.2569186 0.1818974 0.2976315 87 53 23
-0.08682769 0.2300564 0.2658676 64 46 24
-0.09912342 0.1890704 0.4728457 57 44 35
-0.1718731 0.1132464 0.5107575 102 61 23
-0.2507707 0.01897936 0.3765291 85 64 40
-0.2343764 0.06611336 0.4707964 112 68 30
-0.1544542 0.1706274 0.4912892 24 16 9
-0.06018695 0.02717636 0.5117822 135 102 66
-0.1329367 0.2300564 0.2832866 46 41 36
-0.07453194 0.2331304 0.3580856 44 38 33
-0.1206409 0.1562824 0.5087082 17 15 14
-0.2589678 0.08250736 0.4533774 109 64 32
-0.1237149 0.02205336 0.443131 91 62 30
-0.1728978 0.02410286 0.4216134 56 45 32
-0.1944153 0.02307836 0.4082931 91 64 38
-0.2015878 0.1993174 0.4062438 41 28 17
-0.1544542 0.2290324 0.3437405 43 31 23
-0.1739224 0.2208344 0.3847263 101 88 80
-0.206711 0.2146874 0.3611595 49 38 29
-0.1380599 0.2239094 0.3908741 39 33 28
-0.1052713 0.2310804 0.293533 46 41 36
-0.06940875 0.2300564 0.3673074 23 19 15
-0.149331 0.03025136 0.4390324 41 31 25
-0.2313025 0.02102936 0.3847263 38 21 5
-0.2200314 0.2054654 0.2966069 34 29 26
-0.1821196 0.1962434 0.4400571 37 30 24
-0.2415489 0.1952184 0.3068533 49 26 6
-0.1267888 0.2382534 0.3355434 37 33 27
-0.2108096 0.2146874 0.3355434 103 67 30
-0.2364257 0.1900954 0.2740648 37 30 26
-0.1872428 0.1829234 0.4636239 37 28 24
-0.07760589 0.2280074 0.3775538 80 60 43
-0.09092626 0.1849724 0.4789935 42 31 23
-0.149331 0.2331304 0.3201737 38 33 28
-0.131912 0.01590636 0.4308352 67 39 14
-0.1093698 0.1931694 0.4666978 38 29 22
-0.1698238 0.1573064 0.5117822 53 34 18
-0.2435982 0.1818974 0.2545965 76 51 27
-0.1554788 0.05894036 0.48924 15 6 4
-0.1585528 0.04971936 0.4687471 52 42 35
-0.2733129 0.07328536 0.4308352 124 84 47
-0.2507707 0.1808734 0.3806277 71 48 34
-0.04584193 0.1552579 0.5097328 87 71 46
-0.1185916 0.04357136 0.4964124 118 70 29
-0.1308874 0.04767036 0.5025603 141 104 63
-0.1370352 0.02717636 0.4421064 62 44 26
-0.08785233 0.1675534 0.5046096 45 25 15
-0.1257642 0.1685779 0.5025603 17 13 10
-0.1718731 0.06099036 0.4830921 37 26 16
-0.2364257 0.0005363568 0.3119766 19 9 8
-0.1821196 0.2198104 0.2740648 40 27 10
-0.2661404 0.02102936 0.3550116 142 111 68
-0.1185916 0.009757357 0.4318599 76 50 28
-0.2610171 0.1788244 0.368332 38 25 16
-0.03354619 0.1685779 0.4912892 41 27 17
-0.2466721 0.1931694 0.3170998 116 81 51
-0.07555661 -0.002537643 0.4277613 33 26 24
-0.1093698 -0.002537643 0.4134163 34 25 22
-0.1831442 0.0005363568 0.3939481 46 34 28
-0.1196163 0.04459636 0.500511 119 72 32
-0.1933906 0.2075144 0.4021453 36 25 19
-0.2425736 0.03537436 0.4226381 134 101 72
-0.2487214 0.1911199 0.3406666 48 34 23
-0.1647006 0.1839474 0.4728457 26 16 10
-0.07965517 0.02820136 0.4994864 154 119 91
-0.160602 0.04664486 0.4564513 45 34 27
-0.1728978 0.1839474 0.4707964 24 16 10
-0.2169574 0.1818974 0.443131 34 24 19
-0.05301443 0.2310804 0.2740648 154 139 107
-0.03866942 0.1921454 0.4636239 36 28 23
-0.07555661 0.03537436 0.5117822 136 100 65
-0.09297556 0.2362044 0.3273463 37 33 27
-0.2487214 0.05894036 0.4554267 164 135 88
-0.1360106 0.2351794 0.3427159 69 60 54
-0.2517953 0.1900954 0.3334941 65 37 15
-0.2753622 0.1644794 0.2771387 39 31 25
-0.09297556 0.2280074 0.3816523 55 41 28
-0.1882674 0.2228839 0.3109519 44 36 30
-0.1749471 0.05176836 0.4564513 21 16 12
-0.1595774 0.2290324 0.3314448 54 43 36
-0.09707412 0.2341554 0.3058287 45 42 38
-0.06531015 0.1849724 0.4769443 88 70 55
-0.2179821 0.005659357 0.3621841 23 18 16
-0.2159328 0.04357136 0.4441556 122 85 52
-0.2507707 0.1921454 0.3191491 87 54 25
-0.03149691 0.2239094 0.3673074 20 16 14
-0.2661404 0.02615236 0.3990713 154 130 96
-0.08887696 0.2208344 0.411367 24 18 14
-0.1257642 0.02512836 0.4451803 58 37 21
-0.1185916 0.02717636 0.4625992 125 92 58
-0.2343764 0.005659357 0.3324694 31 23 17
-0.2640911 0.1808734 0.3109519 102 67 32
-0.09092626 0.2126374 0.4410817 51 41 35
-0.1114191 0.1900954 0.4728457 38 29 23
-0.1974892 0.1357894 0.5097328 61 31 12
-0.192366 0.2208344 0.3058287 39 33 28
-0.04686657 0.1941934 0.4646485 37 30 24
-0.07863054 0.2208344 0.4041945 99 68 41
-0.1913414 0.1767744 0.4687471 22 16 10
-0.25282 0.1880464 0.3642334 38 28 20
-0.2118342 0.07226136 0.4769443 99 60 28
-0.1267888 0.02000536 0.4380078 42 31 23
-0.04071871 0.1900954 0.4697717 44 35 29
-0.09604949 0.2136619 0.4390324 44 36 30
-0.06735945 0.1562824 0.5107575 44 26 18
-0.1933906 0.03332536 0.4328846 105 62 27
-0.235401 0.1982924 0.3427159 52 34 23
-0.1841688 0.1644794 0.4912892 25 15 9
-0.2712636 0.08968036 0.4369832 111 64 29
-0.1718731 0.07943436 0.4902646 99 71 39
-0.1790456 0.2167364 0.2576704 137 98 33
-0.04584193 0.2280074 0.3058287 63 53 45
-0.07350731 0.2075144 0.4482542 48 39 32
-0.07760589 0.03025136 0.5046096 102 66 32
-0.09400019 0.1603814 0.5087082 39 27 18
-0.1759717 0.1542324 0.5117822 42 22 11
-0.2394996 0.008733357 0.3427159 47 33 17
-0.2292532 0.2013664 0.3150505 102 67 37
-0.1544542 0.02000536 0.4267367 93 59 24
-0.1267888 0.1532084 0.5117822 39 30 23
-0.2231053 0.02615236 0.4021453 139 110 77
-0.2118342 0.2064894 0.279188 38 31 24
-0.1718731 0.1880464 0.4646485 27 21 17
-0.1062959 0.02820136 0.4656731 121 83 47
-0.09297556 0.1880464 0.4748949 59 45 35
-0.192366 0.05791636 0.4666978 41 24 11
-0.2722882 0.02307836 0.3488638 84 61 40
-0.06735945 0.2310804 0.3591102 53 47 42
-0.1155177 0.2341554 0.3099273 53 47 41
-0.2220807 0.02820136 0.4072685 115 86 54
-0.1585528 0.2218594 0.2586951 135 96 33
-0.2651157 0.1798494 0.307878 108 70 36
-0.06940875 0.2321064 0.3017301 47 41 35
-0.04379264 0.1583314 0.503585 60 42 29
-0.06735945 0.2146874 0.4205888 79 54 34
-0.1974892 0.06201536 0.471821 143 118 88
-0.2261792 0.05791636 0.4636239 115 80 48
-0.2138835 0.06611336 0.4728457 126 83 42
-0.06633482 0.2023914 0.4585007 40 33 27
-0.08682769 0.2310804 0.3703813 37 29 22
-0.1872428 -0.001512643 0.3857509 53 42 36
-0.2630664 0.1685779 0.2566458 59 45 27
-0.235401 0.1798494 0.4195642 43 29 21
-0.2077357 0.2105884 0.2884098 36 31 27
-0.2722882 0.07226136 0.4308352 107 68 34
-0.1431831 0.2269824 0.2781633 56 48 43
-0.1708485 0.1562824 0.5107575 43 28 11
-0.2333518 0.008733357 0.3488638 46 35 25
-0.1585528 0.1644794 0.5015357 80 59 33
-0.1083452 0.001560857 0.4246874 58 42 25
-0.05403909 0.2290324 0.3632088 39 34 31
-0.1749471 0.05176836 0.4595253 31 24 18
-0.05916229 0.2310804 0.3263216 47 42 38
-0.2087603 0.002585357 0.3632088 38 27 26
-0.1831442 0.2218594 0.3529623 157 127 98
-0.1011727 0.01590636 0.4441556 47 33 26
-0.2589678 0.001560857 0.290459 39 24 15
-0.2026124 0.2146874 0.2955823 25 23 21
-0.08477839 0.03332536 0.4912892 64 36 19
-0.05916229 0.1757504 0.4882153 67 49 34
-0.1421584 0.2341554 0.3273463 38 34 31
-0.221056 0.1091484 0.4841167 71 38 13
-0.2702389 0.1081234 0.4246874 79 48 23
-0.2415489 0.1880464 0.3837017 56 42 33
-0.2159328 0.2054654 0.2832866 35 29 23
-0.267165 0.1480854 0.4123916 36 19 9
-0.2272039 0.1450104 0.4779689 57 29 12
-0.1575281 0.0005363568 0.4041945 50 38 32
-0.02022584 0.1470604 0.5025603 67 50 37
-0.134986 0.1880464 0.4820675 99 82 60
-0.1749471 0.04869436 0.4523528 62 54 45
-0.206711 0.1890704 0.4390324 35 26 20
-0.1360106 0.03434936 0.4585007 39 22 13
-0.07043339 0.003610357 0.4390324 45 31 19
-0.2753622 0.1634544 0.2884098 66 36 10
-0.1442077 0.2228839 0.3908741 40 35 30
-0.1851935 0.2198104 0.3560362 76 50 30
-0.1708485 0.02410286 0.4236628 44 33 21
-0.2630664 0.1747264 0.3744799 47 30 17
-0.1626513 0.04049736 0.4451803 46 29 17
-0.2722882 0.1757504 0.3252969 79 52 28
-0.08170447 0.1788244 0.4871906 44 32 24
-0.08990163 0.2341554 0.3089027 42 38 33
-0.07453194 0.001560857 0.4349338 30 22 18
-0.09502483 0.02205336 0.4523528 24 14 7
-0.2159328 0.1788244 0.4482542 29 21 17
-0.235401 -0.0004886432 0.3140259 26 21 16
-0.2640911 0.1706274 0.2679169 35 26 19
-0.2026124 0.2095644 0.2689415 64 46 29
-0.2292532 0.1419374 0.4738703 53 23 6
-0.2753622 0.1091484 0.414441 63 34 12
-0.09092626 0.1931694 0.4646485 66 47 33
-0.2589678 0.09787736 0.4492789 121 70 29
-0.149331 0.03639836 0.4503035 49 33 23
-0.2794607 0.1614054 0.3662827 57 35 21
-0.06428552 0.2310804 0.2679169 44 38 28
-0.1165424 0.2372294 0.3324694 43 38 33
-0.042768 0.2269824 0.3160751 65 55 50
-0.02329977 0.1880464 0.4605499 43 33 24
-0.04994049 0.2310804 0.339642 46 39 35
-0.1114191 0.2351794 0.3580856 27 23 19
-0.02739833 0.1972684 0.4400571 138 98 44
-0.2661404 0.1316904 0.4164902 37 23 10
-0.1503556 0.2239094 0.3867756 55 49 41
-0.25282 0.05484236 0.4421064 89 51 23
-0.08785233 0.2105884 0.4492789 83 69 60
-0.1226902 0.2341554 0.3109519 31 28 25
-0.07248269 0.01385636 0.457476 59 40 27
-0.103222 0.1829234 0.4851414 34 23 16
-0.07043339 0.2331304 0.3263216 52 47 43
-0.02739833 0.2249334 0.3457898 22 22 18
-0.1575281 0.1562824 0.5097328 26 20 15
-0.03047227 0.2249334 0.3570609 51 44 40
-0.08170447 0.2228839 0.3929235 93 67 46
-0.2476968 -0.0004886432 0.3048041 25 18 11
-0.06326089 0.1521834 0.5117822 40 25 17
-0.1657253 0.08558136 0.4964124 92 60 27
-0.1677746 0.06303936 0.486166 25 15 13
-0.1339613 0.2198104 0.4134163 10 9 6
-0.2507707 0.1921454 0.3181245 161 127 89
-0.235401 0.008733357 0.3457898 35 26 21
-0.2179821 0.1501344 0.4871906 57 28 15
-0.07350731 0.2321064 0.290459 35 31 27
-0.2517953 0.04869436 0.4318599 147 121 82
-0.1554788 0.04767036 0.4759196 34 24 18
-0.117567 0.2290324 0.3765291 117 108 92
-0.149331 0.2269824 0.2832866 40 34 29
-0.2733129 0.1634544 0.2679169 51 41 34
-0.1483063 0.2228839 0.2586951 134 97 43
-0.09604949 0.2146874 0.4359585 83 70 61
-0.1667499 0.01078336 0.4123916 44 27 12
-0.2733129 0.1757504 0.3304202 52 33 15
-0.1134684 0.2228839 0.414441 61 51 44
-0.1185916 0.05484236 0.5107575 96 55 24
-0.163676 0.1583314 0.5076836 31 21 12
-0.2190067 0.1521834 0.4820675 52 33 18
-0.09502483 0.03537436 0.5066589 23 9 5
-0.03866942 0.1470604 0.5097328 55 42 31
-0.08580303 0.0005363568 0.425712 36 26 20
-0.2620418 0.1111984 0.4328846 69 39 13
-0.117567 0.1603814 0.5076836 28 18 13
-0.267165 0.1716514 0.3724305 52 33 19
-0.1769963 0.2157114 0.4031699 18 13 10
-0.2200314 0.04562036 0.4482542 111 75 48
-0.2405243 0.1388634 0.4544021 33 19 6
-0.1575281 0.04357136 0.4544021 22 16 13
-0.2640911 0.07021236 0.4441556 133 99 59
-0.1872428 0.0005363568 0.3908741 33 23 21
-0.1103945 0.1685779 0.503585 26 18 14
-0.2794607 0.1439864 0.397022 39 23 15
-0.2579432 0.1347644 0.4277613 45 28 13
-0.07760589 0.2321064 0.2955823 35 32 28
-0.05506373 0.1931694 0.4687471 23 18 14
-0.2692143 0.09787736 0.4359585 117 70 29
-0.2548693 0.008733357 0.3130012 93 60 27
-0.04789123 0.2310804 0.2740648 144 130 98
-0.100148 0.2351794 0.3416912 40 36 30
-0.07350731 0.1931694 0.4687471 44 30 21
-0.2733129 0.1777999 0.3468144 62 40 19
-0.1257642 0.2372294 0.3314448 34 30 27
-0.149331 0.1706274 0.4933385 72 62 52
-0.267165 0.02512836 0.3959974 149 127 91
-0.2364257 -0.002537643 0.3089027 31 21 15
-0.1278134 0.2341554 0.3529623 39 34 27
-0.221056 0.06508936 0.4728457 141 107 71
-0.1687992 0.06303936 0.4830921 33 24 18
-0.2722882 0.02410286 0.365258 72 46 15
-0.2435982 0.1829234 0.2597197 58 43 28
-0.09502483 0.2341554 0.3488638 11 9 9
-0.1298627 0.2167364 0.428786 28 22 18
-0.09809876 0.2290324 0.3765291 60 55 47
-0.1810949 0.2167364 0.3939481 33 28 23
-0.2302778 0.2013664 0.3211984 100 67 38
-0.2456475 0.1890704 0.2914837 27 21 17
-0.22413 0.1614054 0.4636239 29 21 13
-0.1237149 0.02205336 0.4410817 55 39 24
-0.1687992 0.1030004 0.5087082 140 95 52
-0.1206409 0.04152136 0.4923139 130 97 65
-0.03252156 -0.001512643 0.443131 94 64 35
-0.1851935 0.1624304 0.4964124 32 20 11
-0.1933906 0.1747264 0.4697717 22 15 9
-0.1728978 0.08045836 0.4871906 41 26 15
-0.1585528 0.05074336 0.4728457 32 22 18
-0.05608836 0.1798494 0.4830921 44 28 17
-0.1769963 0.1111984 0.5066589 77 37 6
-0.2261792 0.008733357 0.3560362 36 26 21
-0.1544542 0.02512836 0.4318599 86 58 26
-0.2046617 0.1921454 0.4339092 37 30 22
-0.1196163 0.1880464 0.4800182 31 22 16
-0.1800703 0.1111984 0.5066589 93 54 18
-0.1985139 0.05689236 0.4687471 88 64 40
-0.1442077 0.001560857 0.414441 60 46 36
-0.1390845 0.1921454 0.4697717 55 42 28
-0.06428552 0.1706274 0.4953878 45 31 20
-0.22413 0.1163214 0.4810428 94 54 15
-0.06223622 0.2310804 0.3130012 46 42 38
-0.2446228 0.1911199 0.2996809 56 33 17
-0.1647006 0.1696024 0.48924 19 14 8
-0.2087603 0.05791636 0.4666978 106 72 37
-0.2517953 0.1900954 0.3109519 89 53 21
-0.1974892 0.0005363568 0.3796031 69 55 39
-0.07248269 0.03434936 0.5117822 120 80 48
-0.1882674 0.02922636 0.4236628 70 47 27
-0.05403909 0.2290324 0.2545965 43 37 33
-0.02944763 0.2003419 0.4349338 132 90 42
-0.1513802 0.2259574 0.3734552 54 47 41
-0.1083452 0.2362044 0.3437405 44 39 35
-0.2794607 0.1665284 0.3119766 99 64 29
-0.2774114 0.1081234 0.4134163 60 31 10
-0.2415489 0.1757504 0.4164902 40 23 14
-0.2784361 -0.0004886432 0.276114 27 15 6
-0.1985139 0.07943436 0.4841167 105 67 25
-0.2220807 0.001560857 0.3406666 26 21 18
-0.1769963 -0.002537643 0.3908741 93 79 70
-0.1114191 0.02717636 0.4625992 105 70 37
-0.2610171 0.005659357 0.3068533 40 23 13
-0.1708485 0.003610357 0.3990713 54 40 32
-0.1544542 0.2023914 0.443131 47 41 35
-0.09912342 0.2362044 0.3232477 51 47 43
-0.09502483 0.2157114 0.4328846 66 59 53
-0.2507707 0.02102936 0.382677 73 54 38
-0.2722882 0.02307836 0.3580856 132 94 44
-0.2456475 0.1398874 0.4462049 79 52 22
-0.05301443 0.2116134 0.4246874 103 65 29
-0.1821196 0.2167364 0.2607444 144 106 42
-0.1862181 0.1255424 0.5097328 98 54 16
-0.1011727 0.1675534 0.5046096 26 15 11
-0.3214711 -0.2392306 0.1593046 59 11 5
-0.3501612 -0.1716036 0.06401276 162 127 59
-0.3727033 -0.1828746 0.1480335 113 72 32
-0.3839744 -0.2392306 0.1285653 146 100 26
-0.3470872 -0.1675056 0.06298813 148 110 41
-0.3696294 -0.2084906 0.1685264 53 22 10
-0.3327422 -0.1449636 0.04864311 141 103 39
-0.3675801 -0.2617726 0.1972165 79 49 22
-0.3286436 -0.2412796 0.07016063 133 89 55
-0.3214711 -0.2535756 0.1572553 45 4 0
-0.3327422 -0.1838996 0.1418857 45 22 9
-0.3194219 -0.1562336 0.0927028 30 0 3
-0.3296683 -0.2248856 0.08553028 147 114 67
-0.3655308 -0.1695546 0.08143171 184 142 58
-0.284584 -0.1193466 0.02815023 98 65 46
-0.3747526 -0.2289846 0.1849207 124 85 55
-0.3214711 -0.2228356 0.1593046 63 21 4
-0.3030275 -0.1634066 0.04454453 102 50 13
-0.3163479 -0.2525506 0.1008999 120 62 22
-0.3460626 -0.1798016 0.1459843 88 59 31
-0.3890976 -0.2453776 0.143935 162 118 41
-0.3809005 -0.2002936 0.1080725 143 97 22
-0.3849991 -0.1941466 0.1398364 150 108 41
-0.3296683 -0.2453776 0.07425919 102 55 18
-0.3552844 -0.2074666 0.07425919 146 103 36
-0.3142986 -0.2248856 0.1203682 34 8 3
-0.388073 -0.2597226 0.1572553 147 102 35
-0.3809005 -0.2392306 0.1767236 118 72 17
-0.3358162 -0.1408646 0.05684027 154 114 34
-0.3204465 -0.2648461 0.1275407 110 60 24
-0.2968797 -0.08655864 0.03737203 120 73 36
-0.3204465 -0.1623826 0.04966773 151 115 66
-0.3399147 -0.1347166 0.1080725 128 87 35
-0.3020029 -0.09065664 0.03737203 135 94 45
-0.341964 -0.1285686 0.08962887 169 131 51
-0.3532351 -0.1695546 0.143935 50 23 9
-0.3727033 -0.2095156 0.09372743 152 108 33
-0.3235204 -0.1572596 0.08757957 23 0 0
-0.3727033 -0.1777516 0.1398364 131 96 40
-0.3727033 -0.1664806 0.1316393 172 142 88
-0.2907318 -0.2259106 0.07425919 40 0 0
-0.3409394 -0.1869736 0.1480335 77 48 23
-0.2866332 -0.09373164 0.03224879 119 75 22
-0.3378654 -0.2576736 0.08553028 125 78 40
-0.3747526 -0.1787756 0.09680137 161 119 38
-0.3522104 -0.2002936 0.1593046 67 41 18
-0.3634815 -0.2146386 0.1736497 43 7 1
-0.3542598 -0.2248856 0.07425919 149 109 52
-0.3204465 -0.1767276 0.1193435 39 2 0
-0.345038 -0.1941466 0.1541814 62 32 10
-0.2917564 -0.09782914 0.06606206 65 34 17
-0.313274 -0.1623826 0.09885066 35 0 1
-0.3163479 -0.1131996 0.08757957 127 87 42
-0.3265943 -0.1142236 0.06811133 149 113 49
-0.3931962 -0.2218116 0.1531568 159 117 39
-0.2948304 -0.1162736 0.05274167 135 98 72
-0.370654 -0.1541846 0.0998753 193 155 57
-0.3030275 -0.1142236 0.03532273 148 102 50
-0.3696294 -0.2535756 0.1920932 72 28 6
-0.3860237 -0.2464026 0.1347132 153 110 34
-0.3716787 -0.2371806 0.1039739 157 116 49
-0.3675801 -0.1562336 0.1039739 168 130 51
-0.3183972 -0.1941466 0.1111464 26 0 1
-0.3829497 -0.2187376 0.1193435 162 117 32
-0.3071261 -0.1521361 0.04556918 155 117 62
-0.3716787 -0.1818506 0.08757957 156 114 38
-0.3819251 -0.2054166 0.1562307 110 74 35
-0.3532351 -0.2023436 0.1613539 59 31 12
-0.3245451 -0.1203716 0.05171703 140 103 42
-0.3224958 -0.09373164 0.12959 110 80 40
-0.3061015 -0.2084906 0.05274167 112 60 21
-0.3757773 -0.2095156 0.0998753 152 106 32
-0.3286436 -0.1162736 0.07016063 176 141 59
-0.388073 -0.2002936 0.1306146 155 107 26
-0.3542598 -0.2320576 0.1828715 49 18 4
-0.341964 -0.2074666 0.1634032 49 20 6
-0.3204465 -0.2525506 0.1531568 55 10 0
-0.3183972 -0.1982446 0.1142203 28 0 0
-0.3337668 -0.2095156 0.06196346 119 72 28
-0.3224958 -0.2433296 0.1541814 48 10 0
-0.3030275 -0.2279586 0.08655493 101 44 9
-0.3224958 -0.1183226 0.05479097 146 107 39
-0.3788512 -0.2197621 0.1090971 153 108 37
-0.3860237 -0.1941466 0.1306146 157 110 31
-0.3839744 -0.2474276 0.1306146 149 103 28
-0.2876579 -0.1757026 0.06196346 24 0 0
-0.3409394 -0.2248856 0.1716004 54 22 5
-0.2999536 -0.2330816 0.07938241 46 8 0
-0.345038 -0.2576736 0.1941425 72 39 15
-0.3204465 -0.2279586 0.1388118 37 1 0
-0.3604076 -0.1767276 0.1459843 64 34 16
-0.2968797 -0.2638216 0.08245635 103 53 13
-0.3347915 -0.1500866 0.1254914 91 55 28
-0.3542598 -0.1552096 0.1275407 91 50 20
-0.3798758 -0.2084906 0.1090971 157 111 33
-0.3112247 -0.2197621 0.09167813 46 1 0
-0.3481119 -0.1777516 0.0599142 182 134 50
-0.3942209 -0.2228356 0.15828 163 121 43
-0.3040522 -0.2013186 0.08450563 55 11 0
-0.3224958 -0.2525506 0.1572553 71 27 10
-0.3655308 -0.2545996 0.1080725 133 80 12
-0.3378654 -0.2433296 0.07938241 117 69 18
-0.327619 -0.1152476 0.06196346 151 118 65
-0.3737279 -0.2156636 0.09680137 158 114 39
-0.356309 -0.1490616 0.0906535 189 152 72
-0.3337668 -0.1879976 0.04864311 89 49 5
-0.3194219 -0.1879976 0.112171 36 5 3
-0.3665555 -0.1992696 0.1593046 61 33 14
-0.3583583 -0.1808256 0.06811133 178 134 54
-0.3040522 -0.1306186 0.04044595 118 82 39
-0.3009783 -0.09987864 0.03327345 134 88 39
-0.3071261 -0.1121746 0.0558156 79 33 11
-0.370654 -0.2054166 0.1654525 67 36 16
-0.3686047 -0.2443536 0.1890193 63 24 6
-0.3061015 -0.09373164 0.03429809 160 119 51
-0.3901223 -0.2382066 0.143935 148 101 29
-0.2989289 -0.2464026 0.07938241 63 22 1
-0.3901223 -0.2556246 0.1593046 155 108 37
-0.2907318 -0.09373164 0.06708669 69 36 18
-0.356309 -0.2545996 0.1910686 65 29 10
-0.3306929 -0.1490616 0.04454453 151 111 55
-0.3409394 -0.1982446 0.06196346 132 89 26
-0.341964 -0.2043926 0.06503739 126 82 20
-0.3306929 -0.2545996 0.0927028 177 138 94
-0.2825347 -0.1306186 0.03019953 76 52 38
-0.3327422 -0.1439386 0.07016063 138 95 27
-0.3757773 -0.2279586 0.1746743 123 82 36
-0.3614322 -0.1951706 0.1562307 42 13 1
-0.3399147 -0.1869736 0.1480335 101 71 33
-0.3183972 -0.1838996 0.1080725 37 9 5
-0.3030275 -0.2095156 0.0558156 92 41 3
-0.3849991 -0.2371806 0.1306146 153 106 36
-0.3030275 -0.1347166 0.04147058 141 107 69
-0.3491365 -0.1777516 0.1459843 62 33 13
-0.3214711 -0.1900476 0.07938241 52 18 9
-0.3224958 -0.2187376 0.1572553 48 6 0
-0.3645062 -0.2320576 0.1849207 55 26 7
-0.3481119 -0.1941466 0.1541814 47 20 4
-0.3173725 -0.2648461 0.1418857 108 63 39
-0.3604076 -0.1613576 0.08450563 165 125 46
-0.3460626 -0.2269346 0.07016063 143 103 62
-0.3347915 -0.2566496 0.1900439 94 57 23
-0.3337668 -0.1357416 0.05171703 150 113 37
-0.3347915 -0.2392306 0.1838961 124 85 39
-0.3460626 -0.2105396 0.1664771 54 23 5
-0.3337668 -0.1511106 0.0558156 138 99 28
-0.3921715 -0.2474276 0.1664771 172 130 52
-0.3511858 -0.1470116 0.1131957 151 117 57
-0.3153233 -0.2371806 0.1060232 48 8 0
-0.3809005 -0.2556246 0.18697 127 85 27
-0.3778265 -0.2023436 0.1613539 150 111 47
-0.3368408 -0.1193466 0.07938241 165 129 53
-0.3255697 -0.2054166 0.15828 43 7 1
-0.3778265 -0.1787756 0.1029492 162 121 49
-0.3040522 -0.08963264 0.0558156 127 88 52
-0.3153233 -0.1224206 0.08962887 95 49 15
-0.3327422 -0.1972201 0.05684027 120 75 29
-0.3204465 -0.1900476 0.0998753 13 0 0
-0.3173725 -0.2453776 0.1172942 39 0 0
-0.3511858 -0.1459876 0.1172942 137 97 42
-0.2825347 -0.1798016 0.04659381 42 3 0
-0.3481119 -0.2423041 0.18697 47 16 3
-0.3604076 -0.2074666 0.07938241 151 107 37
-0.2938057 -0.1316426 0.04351988 143 110 71
-0.3696294 -0.2033676 0.1634032 53 24 7
-0.3962701 -0.2423041 0.1654525 158 117 44
-0.3122493 -0.2505016 0.1172942 60 15 3
-0.3829497 -0.2300086 0.1224175 150 102 28
-0.3686047 -0.2248856 0.08757957 140 89 24
-0.3788512 -0.2125896 0.1060232 159 112 34
-0.3583583 -0.1521361 0.1131957 151 113 40
-0.3255697 -0.2525506 0.1716004 71 36 20
-0.3183972 -0.1767276 0.09372743 21 0 1
-0.3645062 -0.1838996 0.1490582 56 29 9
-0.3399147 -0.1367656 0.112171 142 102 60
-0.3634815 -0.2146386 0.08040708 142 94 24
-0.3829497 -0.2576736 0.1910686 124 76 30
-0.356309 -0.1869736 0.06913599 155 109 33
-0.3768019 -0.1695546 0.1090971 151 107 37
-0.3204465 -0.2423041 0.1367625 40 0 0
-0.3696294 -0.2453776 0.1070478 143 94 25
-0.3604076 -0.2043926 0.1644279 51 22 8
-0.3142986 -0.1439386 0.08655493 50 10 3
-0.3788512 -0.1972201 0.1029492 151 106 32
-0.3624569 -0.1562336 0.08757957 159 117 36
-0.3696294 -0.1941466 0.1562307 54 27 12
-0.3214711 -0.2341076 0.1572553 55 16 2
-0.3050768 -0.1029526 0.03327345 119 70 31
-0.3788512 -0.2084906 0.1654525 114 75 28
-0.3768019 -0.1931216 0.1552061 143 110 71
-0.3399147 -0.1746781 0.05479097 151 111 31
-0.3849991 -0.2371806 0.1797975 129 87 49
-0.3757773 -0.2218116 0.1029492 154 105 30
-0.3306929 -0.2033676 0.05376633 157 127 76
-0.3429886 -0.1347166 0.08553028 173 143 79
-0.3296683 -0.2013186 0.1562307 52 25 9
-0.345038 -0.1941466 0.06093883 148 107 37
-0.370654 -0.1746781 0.1377871 130 91 38
-0.3747526 -0.2207866 0.097826 159 115 45
-0.3306929 -0.2494766 0.1828715 60 35 18
-0.2886825 -0.1890236 0.04249525 113 64 25
-0.3399147 -0.2412796 0.1808222 58 31 15
-0.3337668 -0.1767276 0.05171703 157 112 46
-0.2825347 -0.1091006 0.02917486 103 59 22
-0.3327422 -0.2464026 0.1828715 130 95 44
-0.3429886 -0.2228356 0.1716004 59 27 9
-0.2866332 -0.1879976 0.0578649 41 0 0
-0.3686047 -0.1931216 0.08757957 160 119 45
-0.3112247 -0.1449636 0.04761847 165 123 47
-0.3798758 -0.1767276 0.1224175 158 122 57
-0.3061015 -0.1603326 0.04659381 140 110 59
-0.313274 -0.1511106 0.097826 49 16 0
-0.3081507 -0.09168164 0.0578649 122 86 46
-0.3952455 -0.2310336 0.1623786 153 110 37
-0.3306929 -0.1480376 0.1193435 85 45 19
-0.3860237 -0.2371806 0.172625 132 89 38
-0.3511858 -0.1705796 0.06708669 144 103 29
-0.3829497 -0.2627976 0.1459843 147 100 31
-0.3296683 -0.1213966 0.06401276 169 132 50
-0.3491365 -0.2054166 0.1644279 46 17 2
-0.3542598 -0.1552096 0.08040708 155 114 31
-0.3153233 -0.1726286 0.1070478 40 5 3
-0.3686047 -0.2125896 0.08860421 143 95 26
-0.3194219 -0.1675056 0.09680137 30 0 0
-0.3696294 -0.2248856 0.08860421 147 101 38
-0.3399147 -0.1357416 0.07835778 148 106 29
-0.3737279 -0.2494766 0.1900439 81 41 14
-0.3306929 -0.1121746 0.08450563 185 159 117
-0.3962701 -0.2494766 0.1746743 161 114 43
-0.3224958 -0.2033676 0.1336885 56 17 1
-0.3583583 -0.2392306 0.08553028 146 102 37
-0.3727033 -0.1654556 0.1224175 153 116 50
-0.3214711 -0.1951706 0.1049985 15 0 0
-0.3399147 -0.1818506 0.05888953 144 102 36
-0.327619 -0.2218116 0.1685264 107 72 36
-0.2989289 -0.2474276 0.06811133 41 13 0
-0.2897072 -0.2218116 0.07425919 36 0 0
-0.3429886 -0.1336916 0.09680137 138 95 22
-0.3686047 -0.2474276 0.1070478 138 87 17
-0.3860237 -0.2279586 0.1695511 127 82 23
-0.3265943 -0.1142236 0.0906535 165 124 58
-0.3009783 -0.1121746 0.03634738 130 83 52
-0.3942209 -0.2320576 0.1531568 140 93 13
-0.3265943 -0.1265196 0.0558156 194 158 65
-0.3829497 -0.2023436 0.1152449 160 113 31
-0.3204465 -0.2586986 0.1388118 75 28 3
-0.3470872 -0.2361566 0.1828715 40 10 2
-0.2927811 -0.1910716 0.07425919 24 0 0
-0.3020029 -0.2433296 0.07938241 72 26 1
-0.388073 -0.2002936 0.1398364 151 111 40
-0.3378654 -0.1582836 0.05376633 160 119 37
-0.3675801 -0.2084906 0.08553028 155 109 43
-0.3347915 -0.1562336 0.04556918 164 122 44
-0.3388901 -0.1316426 0.07220993 158 118 44
-0.3204465 -0.1685296 0.1224175 70 31 2
-0.2835593 -0.08553364 0.06503739 69 42 27
-0.3337668 -0.2330816 0.1746743 121 92 67
-0.3849991 -0.1900476 0.1357378 148 110 39
-0.2804854 -0.1224206 0.04147058 79 49 31
-0.3634815 -0.2453776 0.09885066 140 91 26
-0.3819251 -0.1705796 0.1234421 207 168 74
-0.3839744 -0.1910716 0.1224175 158 112 32
-0.3358162 -0.1541846 0.07118526 147 104 19
-0.3839744 -0.2238606 0.1716004 150 102 33
-0.3819251 -0.2013186 0.1531568 123 83 32
-0.3573337 -0.2105396 0.1685264 46 18 3
-0.3942209 -0.2566496 0.1767236 144 99 34
-0.3224958 -0.2525506 0.143935 72 21 0
-0.327619 -0.1336916 0.05171703 141 102 33
-0.3409394 -0.2136146 0.06298813 142 95 32
-0.388073 -0.2023436 0.1347132 155 110 29
-0.3265943 -0.1777516 0.1306146 30 3 0
-0.3224958 -0.2043926 0.126516 49 15 6
-0.3327422 -0.1213966 0.07220993 158 120 46
-0.3235204 -0.2525506 0.1644279 65 28 12
-0.3532351 -0.1511106 0.08655493 161 122 47
-0.3634815 -0.1582836 0.09167813 156 113 36
-0.3347915 -0.2556246 0.08348101 129 87 39
-0.345038 -0.2310336 0.07220993 135 88 34
-0.3245451 -0.1920966 0.1254914 47 15 1
-0.3440133 -0.2269346 0.07118526 122 72 20
-0.2989289 -0.1377906 0.04249525 138 107 69
-0.2999536 -0.2515266 0.08860421 107 59 23
-0.3860237 -0.1951706 0.1254914 154 107 28
-0.3102001 -0.1193466 0.03737203 122 78 33
-0.3296683 -0.2115656 0.1644279 81 47 20
-0.3542598 -0.1470116 0.1101217 150 111 41
-0.3173725 -0.1162736 0.04659381 170 131 62
-0.2804854 -0.1275446 0.02405166 121 92 54
-0.3686047 -0.2392306 0.1029492 150 106 33
-0.3317176 -0.2443536 0.1808222 83 49 21
-0.3030275 -0.1439386 0.1203682 87 47 21
-0.3388901 -0.1265196 0.07733313 151 114 37
-0.2835593 -0.08348464 0.03327345 129 83 35
-0.3757773 -0.2300086 0.1787729 75 36 10
-0.3481119 -0.1480376 0.126516 88 46 11
-0.3388901 -0.2545996 0.08655493 125 80 33
-0.3911469 -0.2515266 0.1593046 149 105 40
-0.3634815 -0.2330816 0.08450563 145 105 52
-0.3296683 -0.1285686 0.05376633 144 106 32
-0.3829497 -0.1798016 0.1377871 185 148 63
-0.3829497 -0.1992696 0.1480335 137 97 37
-0.3235204 -0.1644316 0.126516 59 24 11
-0.3245451 -0.1972201 0.1388118 49 14 3
-0.345038 -0.1582836 0.06196346 140 98 33
-0.2999536 -0.2013186 0.05479097 81 30 9
-0.3286436 -0.1408646 0.04454453 142 108 46
-0.3194219 -0.1920966 0.1131957 30 0 0
-0.3122493 -0.1091006 0.08245635 122 87 44
-0.3819251 -0.1869736 0.1111464 167 125 43
-0.3102001 -0.1091006 0.06298813 75 31 5
-0.3470872 -0.1818506 0.0599142 171 127 49
-0.3634815 -0.1900476 0.1531568 54 28 12
-0.3142986 -0.2474276 0.097826 69 21 0
-0.3440133 -0.1859486 0.0599142 138 91 21
-0.3655308 -0.1849246 0.1511075 61 32 13
-0.3604076 -0.1541846 0.0927028 147 104 27
-0.3819251 -0.2166886 0.1162696 145 95 19
-0.3163479 -0.1623826 0.09680137 33 0 0
-0.3573337 -0.1531606 0.1152449 146 108 33
-0.295855 -0.1972201 0.06196346 38 0 0
-0.3122493 -0.1029526 0.04454453 143 98 37
-0.3665555 -0.1900476 0.08450563 162 118 40
-0.3194219 -0.2545996 0.1234421 58 11 1
-0.3819251 -0.2648461 0.1920932 140 98 43
-0.3686047 -0.1716036 0.1429103 136 102 61
-0.3614322 -0.2597226 0.1070478 144 96 31
-0.345038 -0.2187376 0.06913599 134 87 28
-0.3347915 -0.2156636 0.06503739 115 68 29
-0.3552844 -0.1521361 0.1275407 133 93 46
-0.3532351 -0.2330816 0.07835778 133 85 24
-0.3235204 -0.2095156 0.126516 42 8 0
-0.2979043 -0.2023436 0.0578649 70 27 9
-0.3911469 -0.2525506 0.15828 153 108 38
-0.356309 -0.2146386 0.07220993 158 118 47
-0.3235204 -0.1767276 0.1224175 84 47 13
-0.3296683 -0.1490616 0.1234421 87 54 27
-0.3214711 -0.1080766 0.06298813 140 104 46
-0.3224958 -0.2136146 0.1162696 35 1 0
-0.3440133 -0.1336916 0.08860421 154 121 49
-0.3194219 -0.2115656 0.09372743 42 3 0
-0.3122493 -0.09782914 0.06401276 114 75 39
-0.3214711 -0.2207866 0.1306146 60 24 4
-0.3645062 -0.1757026 0.08040708 159 111 34
-0.3112247 -0.1152476 0.03429809 132 92 41
-0.2968797 -0.1009036 0.03019953 129 80 29
-0.3511858 -0.2443536 0.18697 50 19 6
-0.388073 -0.2279586 0.1357378 153 108 34
-0.3071261 -0.09782914 0.03429809 173 130 48
-0.3860237 -0.2341076 0.1336885 153 106 34
-0.3829497 -0.1798016 0.1224175 157 120 46
-0.3194219 -0.1603326 0.1244667 86 57 42
-0.3409394 -0.1992696 0.06196346 129 86 23
-0.3194219 -0.1787756 0.0906535 13 0 0
-0.3040522 -0.2484526 0.07630848 101 47 9
-0.3245451 -0.2556246 0.1716004 47 0 0
-0.3224958 -0.2125896 0.1541814 73 37 16
-0.3696294 -0.2279586 0.1797975 69 37 18
-0.3112247 -0.1326676 0.04249525 157 115 42
-0.3798758 -0.2013186 0.1070478 157 112 36
-0.3204465 -0.1593076 0.08348101 19 0 0
-0.3122493 -0.1111496 0.03839665 136 92 37
-0.370654 -0.1582836 0.1101217 179 139 54
-0.3716787 -0.2576736 0.1193435 133 79 9
-0.3870483 -0.2627976 0.1900439 164 122 49
-0.356309 -0.2289846 0.1797975 51 18 0
-0.3358162 -0.2638216 0.1931179 88 46 17
-0.2876579 -0.1275446 0.03224879 111 83 60
-0.3265943 -0.2146386 0.1654525 46 11 2
-0.3675801 -0.1613576 0.09475207 162 120 39
-0.3952455 -0.2423041 0.1593046 146 103 31
-0.284584 -0.08860764 0.03532273 88 44 15
-0.3583583 -0.1429136 0.09885066 181 148 84
-0.2979043 -0.2607486 0.0906535 100 56 22
-0.2927811 -0.1234456 0.04044595 127 89 54
-0.3050768 -0.1142236 0.0558156 92 48 19
-0.3809005 -0.2371806 0.1808222 112 66 29
-0.3778265 -0.2648461 0.1931179 116 68 24
-0.3716787 -0.2638216 0.1254914 143 95 26
-0.359383 -0.1828746 0.1500828 52 23 6
-0.3235204 -0.2228356 0.1367625 41 6 0
-0.3163479 -0.1511106 0.04659381 158 115 44
-0.1298627 -0.1521361 0.02815023 62 39 18
-0.1728978 -0.05684364 0.2351283 120 94 60
-0.1278134 -0.1470116 0.1531568 84 68 50
-0.1452324 -0.1152476 0.1879947 160 138 102
-0.2487214 -0.1131996 0.01892843 34 20 14
-0.2200314 -0.1336916 0.07733313 92 72 47
-0.209785 -0.07221364 0.1828715 193 171 141
-0.2415489 -0.04762164 0.2156601 166 146 113
-0.2036371 -0.1224206 0.08450563 46 29 16
-0.1800703 -0.04967164 0.1449596 99 72 47
-0.09400019 -0.1552096 0.09577673 25 13 6
-0.238475 -0.05786864 0.2095122 133 110 74
-0.1124438 -0.1193466 0.04556918 27 11 7
-0.1513802 -0.1777516 0.0506924 79 48 24
-0.1554788 -0.05786864 0.2371776 91 66 41
-0.2466721 -0.1009036 0.01995307 35 14 6
-0.1206409 -0.03020314 0.09372743 97 75 57
-0.2261792 -0.07938564 0.1797975 92 77 55
-0.2333518 -0.07426264 0.1910686 179 156 114
-0.209785 -0.1347166 0.01278057 41 28 18
-0.2558939 -0.1244696 0.03839665 44 31 22
-0.06326089 -0.1726286 0.08757957 97 52 13
-0.04481729 -0.1541846 0.2463994 41 24 17
-0.2036371 -0.05172064 0.1716004 140 114 74
-0.2394996 -0.05889364 0.2074629 132 107 65
-0.2190067 -0.1234456 0.01995307 35 23 17
-0.09092626 -0.1623826 0.02610093 50 24 4
-0.2272039 -0.1613576 0.04351988 66 37 13
-0.2077357 -0.1029526 0.1859454 171 148 105
-0.2753622 -0.1019276 0.0599142 60 33 18
-0.1769963 -0.1316426 0.0158545 33 18 11
-0.1144931 -0.02712964 0.08757957 84 65 48
-0.2651157 -0.1234456 0.02097773 92 70 49
-0.2056864 -0.01688264 0.1275407 129 108 72
-0.06223622 -0.1552096 0.1224175 102 92 83
-0.09092626 -0.1377906 0.2392269 135 112 80
-0.2425736 -0.1347166 0.07425919 31 18 10
-0.2733129 -0.1019276 0.03122416 81 36 0
-0.07965517 -0.007661143 0.06093883 27 16 13
-0.2087603 -0.1388156 0.01482987 71 55 43
-0.163676 -0.09168164 0.1480335 154 132 94
-0.2220807 -0.1459876 0.01995307 55 31 6
-0.2702389 -0.08143564 0.04454453 111 75 35
-0.2036371 -0.07016364 0.2115615 182 163 130
-0.1718731 -0.1603326 0.02200236 85 50 18
-0.1821196 -0.1459876 0.0158545 23 0 0
-0.1360106 -0.1470116 0.1418857 147 131 102
-0.2487214 -0.09680464 0.1213928 42 20 10
-0.2118342 -0.1623826 0.04659381 89 59 29
-0.1657253 -0.1726286 0.0578649 64 34 14
-0.2343764 -0.1470116 0.02815023 93 71 49
-0.2036371 -0.02507964 0.1347132 111 85 55
-0.1257642 -0.1142236 0.04044595 38 29 27
-0.2128589 -0.1377906 0.01175593 99 71 36
-0.2569186 -0.01483364 0.1951672 74 46 27
-0.1687992 -0.02405464 0.09577673 33 16 6
-0.09502483 -0.1172976 0.04761847 20 1 0
-0.2394996 -0.1511106 0.03634738 73 46 20
-0.2712636 -0.1203716 0.03532273 97 80 72
-0.1370352 -0.1009036 0.2289804 116 78 36
-0.1206409 -0.1295936 0.1951672 112 92 63
-0.1524049 -0.1408646 0.1531568 111 94 67
-0.08477839 -0.1357416 0.2423008 80 49 23
-0.2569186 -0.1500866 0.04864311 55 37 30
-0.02944763 -0.1746781 0.07323455 87 56 25
-0.2507707 -0.02815364 0.2279557 98 85 69
-0.1667499 -0.09578064 0.204389 174 151 110
-0.1687992 -0.01073464 0.06811133 27 11 2
-0.2579432 -0.05274514 0.15828 135 120 98
-0.2364257 -0.1316426 0.01892843 48 32 17
-0.02227512 -0.06811464 0.0158545 24 15 7
-0.178021 -0.1613576 0.02405166 105 72 28
-0.2282285 -0.1418886 0.0179038 49 30 15
-0.08990163 -0.1357416 0.1244667 26 14 5
-0.235401 -0.03635064 0.2341037 122 99 74
-0.04686657 -0.1726286 0.03942133 72 28 1
-0.1944153 -0.1213966 0.097826 44 31 14
-0.04686657 -0.09475564 0.04659381 176 153 120
-0.1370352 -0.1285686 0.2259065 133 109 75
-0.06018695 -0.1439386 0.2279557 95 66 31
-0.0263737 -0.1634066 0.06606206 55 26 2
-0.03149691 -0.05172064 0.03429809 44 31 25
-0.08477839 -0.1234456 0.04044595 7 1 1
-0.1370352 -0.09885464 0.2423008 114 80 42
-0.04686657 -0.04044964 0.02405166 31 21 16
-0.2313025 -0.04249864 0.1634032 134 104 66
-0.07863054 -0.007661143 0.04966773 22 12 10
-0.2774114 -0.1254956 0.03839665 69 49 37
-0.1800703 -0.1429136 0.09475207 30 16 8
-0.03457084 -0.1716036 0.02610093 60 36 19
-0.08785233 -0.1521361 0.09680137 37 22 18
-0.1800703 -0.1142236 0.03737203 0 0 0
-0.1585528 -0.08553364 0.2125861 174 145 97
-0.1390845 -0.1828746 0.05171703 86 43 11
-0.2302778 -0.006635643 0.1326639 93 61 32
-0.1687992 -0.1275446 0.01175593 22 11 7
-0.06633482 -0.1316426 -0.003613743 52 32 18
-0.05608836 -0.02507964 0.02097773 28 15 11
-0.1718731 -0.1705796 0.07630848 55 24 0
-0.08067984 -0.1500866 0.01995307 51 35 21
-0.1851935 -0.1111496 0.1285653 44 30 21
-0.02022584 -0.06606514 0.02097773 15 5 0
-0.2302778 -0.1367656 0.07733313 76 60 49
-0.05096516 -0.1818506 0.04556918 72 37 9
-0.1790456 -0.1234456 0.0998753 31 20 11
-0.2056864 -0.04557264 0.1603293 132 102 69
-0.2169574 -0.1060266 0.1849207 119 93 68
-0.07965517 -0.1818506 0.04659381 135 98 44
-0.1503556 -0.08041064 0.2289804 134 104 65
-0.2077357 -0.1050016 0.03122416 3 0 0
-0.2108096 -0.1347166 0.07835778 35 23 13
-0.1257642 -0.1777516 0.08962887 87 49 18
-0.2302778 -0.06811464 0.1972165 174 148 97
-0.2692143 -0.09987864 0.03122416 77 40 2
-0.2292532 -0.1613576 0.03634738 101 74 42
-0.1913414 -0.1521361 0.01482987 85 59 27
-0.2487214 -0.08553364 0.1326639 87 74 57
-0.2159328 -0.09475564 0.0906535 42 33 22
-0.192366 -0.08143564 0.1654525 172 154 120
-0.1851935 -0.09270564 0.2002904 177 150 110
-0.1595774 -0.1388156 0.1480335 60 41 15
-0.1954399 -0.08450964 0.204389 181 157 114
-0.1503556 -0.1091006 0.03737203 10 5 5
-0.2476968 -0.006635643 0.1541814 109 74 39
-0.1933906 -0.1275446 0.08757957 22 11 7
-0.2333518 -0.007661143 0.1377871 82 54 27
-0.2722882 -0.09065664 0.04966773 96 56 16
-0.22413 -0.09065664 0.04761847 35 18 10
-0.2128589 -0.01278464 0.1275407 57 33 11
-0.2077357 -0.1142236 0.1849207 127 108 76
-0.2651157 -0.004586643 0.2320543 37 26 16
-0.06838409 -0.1183226 -0.01181087 91 69 28
-0.131912 -0.1787756 0.07630848 88 48 17
-0.146257 -0.08450964 0.1367625 214 207 191
-0.1677746 -0.1039776 0.1664771 167 143 108
-0.2589678 -0.04352314 0.1736497 149 121 78
-0.134986 -0.1664806 0.1049985 49 23 7
-0.2651157 -0.1183226 0.01995307 75 48 31
-0.2231053 -0.09475564 0.04249525 16 2 0
-0.1452324 -0.08450964 0.2361529 137 112 72
-0.2517953 -0.1183226 0.07733313 39 23 12
-0.05813766 -0.1572596 0.1941425 72 55 36
-0.03559549 -0.1716036 0.06606206 79 46 15
-0.2302778 -0.04454864 0.2259065 135 111 78
-0.2200314 -0.01278464 0.1306146 97 71 40
-0.1134684 -0.1470116 0.1685264 138 114 82
-0.1216656 -0.1388156 0.2269311 116 98 73
-0.1964646 -0.08245964 0.2064383 173 151 112
-0.1749471 -0.1316426 0.0998753 20 10 8
-0.07453194 -0.1828746 0.03634738 90 50 11
-0.1595774 -0.09885464 0.04351988 1 0 0
-0.2507707 -0.08450964 0.1285653 63 51 39
-0.1575281 -0.1050016 0.04147058 1 0 0
-0.1831442 -0.1664806 0.07630848 78 48 16
-0.06326089 -0.04557264 0.04044595 18 9 7
-0.06940875 -0.1244696 -0.004638373 40 16 2
-0.2517953 -0.1306186 0.04659381 46 28 18
-0.07350731 -0.1439386 0.0158545 48 38 31
-0.22413 -0.1449636 0.06913599 42 28 27
-0.2261792 -0.08553364 0.1685264 52 39 27
-0.1165424 -0.05479464 0.04864311 18 7 5
-0.2476968 -0.1091006 0.01892843 30 11 5
-0.1667499 -0.06401664 0.2269311 123 93 57
-0.08067984 -0.1091006 0.03942133 5 0 0
-0.05301443 -0.03430164 0.02200236 16 7 5
-0.03559549 -0.1685296 0.03019953 50 22 3
-0.1524049 -0.01995664 0.07118526 59 41 28
-0.25282 -0.1521361 0.04966773 62 46 31
-0.2630664 -0.1070516 0.01892843 114 81 32
-0.07965517 -0.1336916 0.1039739 74 57 42
-0.05711302 -0.1716036 0.03429809 71 39 14
-0.1698238 -0.1716036 0.07528385 62 33 7
-0.2610171 -0.1572596 0.05274167 158 132 77
-0.221056 -0.1623826 0.0599142 130 102 60
-0.2005632 -0.1511106 0.07630848 40 26 13
-0.1677746 -0.1613576 0.0998753 55 29 10
-0.1667499 -0.02610464 0.07528385 40 20 11
-0.1155177 -0.02303064 0.08450563 72 52 37
-0.02739833 -0.1664806 0.01892843 35 15 5
-0.09604949 -0.1716036 0.02917486 88 49 16
-0.2487214 -0.05274514 0.204389 146 120 75
-0.1503556 -0.1429136 0.1500828 121 102 80
-0.2046617 -0.07221364 0.2115615 168 145 101
-0.09912342 -0.1172976 0.0906535 163 147 121
-0.02739833 -0.1613576 0.08450563 94 71 47
-0.103222 -0.1009036 0.04864311 24 10 2
-0.03969407 -0.1562336 0.01482987 44 20 11
-0.1360106 -0.1808256 0.07323455 79 44 17
-0.1134684 -0.1736526 0.04556918 95 57 27
-0.2774114 -0.08963264 0.0599142 87 54 21
-0.1421584 -0.08450964 0.2433255 133 106 73
-0.2005632 -0.09885464 0.08860421 28 19 12
-0.2333518 -0.01175864 0.1418857 103 72 42
-0.07555661 -0.04044964 0.09372743 97 72 47
-0.1892921 -0.1439386 0.01482987 71 48 27
-0.1083452 -0.1777516 0.08553028 114 67 24
-0.2456475 -0.1418886 0.03532273 103 76 50
-0.1708485 -0.01688264 0.1080725 20 7 4
-0.1298627 -0.1562336 0.02917486 60 35 14
-0.2282285 -0.07221364 0.2002904 159 136 94
-0.05096516 -0.01278464 0.002534127 12 9 7
-0.2046617 -0.02405464 0.1357378 122 101 71
-0.1626513 -0.1716036 0.04864311 73 40 13
-0.09092626 -0.1593076 0.09372743 54 34 23
-0.06121159 -0.1429136 0.2002904 135 112 76
-0.1083452 -0.1716036 0.09680137 98 55 13
-0.09604949 -0.1418886 0.2341037 67 48 24
-0.221056 -0.09065664 0.03429809 0 0 0
-0.2282285 -0.1009036 0.03019953 13 3 1
-0.06940875 -0.1531606 0.09885066 37 12 0
-0.1667499 -0.09270564 0.1521321 173 150 112
-0.221056 -0.1377906 0.07425919 35 27 22
-0.09912342 -0.03430164 0.09680137 108 85 60
-0.2661404 -0.1162736 0.023027 65 39 24
-0.06326089 -0.05479464 0.04966773 23 9 7
-0.1565035 -0.1121746 0.1593046 161 144 104
-0.117567 -0.06504064 0.04249525 36 23 16
-0.06121159 -0.05172064 0.04454453 22 11 8
-0.2087603 -0.06094164 0.2207833 136 107 63
-0.1206409 -0.1490616 0.2289804 85 57 35
-0.05813766 -0.1265196 0.1941425 154 131 98
-0.2343764 -0.09373164 0.03019953 15 1 0
-0.2313025 -0.03327664 0.1562307 153 129 92
-0.02944763 -0.1767276 0.09680137 118 72 31
-0.08785233 -0.1849246 0.06093883 83 43 10
-0.05711302 -0.1429136 0.1982411 127 103 75
-0.2558939 -0.07118964 0.08655493 117 92 59
-0.2220807 -0.09885464 0.08450563 61 45 31
-0.131912 -0.1705796 0.03942133 103 63 26
-0.1657253 -0.01483364 0.08757957 23 5 5
-0.07248269 -0.1172976 -0.009761613 73 49 20
-0.06428552 -0.04044964 0.03122416 22 11 10
-0.2302778 -0.06196764 0.2105368 144 118 76
-0.09092626 -0.1767276 0.03019953 86 59 26
-0.2753622 -0.08450964 0.03839665 89 47 11
-0.103222 -0.03430164 0.097826 104 84 60
-0.04174335 -0.1787756 0.07835778 107 63 20
-0.2476968 -0.08860764 0.1808222 97 75 49
-0.2753622 -0.1234456 0.03839665 110 93 82
-0.2548693 -0.01995664 0.1675018 176 161 124
-0.163676 -0.09168164 0.2074629 142 114 71
-0.1278134 -0.1910716 0.05171703 115 70 22
-0.146257 -0.03122764 0.1306146 47 29 17
-0.1134684 -0.1388156 0.18697 140 120 89
-0.1872428 -0.09680464 0.1224175 114 95 75
-0.1431831 -0.1490616 0.1449596 41 24 8
-0.2456475 -0.02610464 0.1644279 156 131 90
-0.1339613 -0.1480376 0.1326639 40 23 6
-0.1626513 -0.1101246 0.1705757 161 142 103
-0.1728978 -0.1593076 0.02200236 57 25 6
-0.146257 -0.1203716 0.1767236 168 147 109
-0.1339613 -0.1634066 0.03224879 59 27 1
-0.1831442 -0.1705796 0.0506924 46 19 4
-0.2517953 -0.03942564 0.2064383 97 74 50
-0.2056864 -0.1675056 0.05274167 93 67 36
-0.1872428 -0.02815364 0.1213928 50 35 26
-0.03866942 -0.1500866 -0.007712313 55 27 10
-0.1841688 -0.08860764 0.1254914 62 42 27
-0.2661404 -0.05786864 0.1756989 122 102 72
-0.1185916 -0.1490616 0.2392269 124 104 72
-0.06223622 -0.1869736 0.06913599 111 65 15
-0.2231053 -0.03430164 0.2463994 75 59 41
-0.2415489 -0.08655864 0.1336885 37 26 22
-0.09195089 -0.1849246 0.06708669 81 39 11
-0.07555661 -0.1039776 0.08245635 153 132 92
-0.2292532 -0.1039776 0.02815023 8 2 0
-0.2364257 -0.08655864 0.1060232 124 103 66
-0.2517953 -0.02507964 0.2412761 65 47 31
-0.2005632 -0.1111496 0.02917486 0 0 0
-0.06531015 -0.1265196 -0.008736943 64 40 18
-0.02125047 -0.05991764 0.03327345 22 7 5
-0.08990163 -0.1808256 0.07323455 110 69 14
-0.163676 -0.07323764 0.2228326 122 92 58
-0.06735945 -0.04044964 0.04147058 33 24 20
-0.1974892 -0.09782914 0.04249525 0 0 0
-0.08477839 -0.1326676 0.1234421 53 41 28
-0.1657253 -0.1716036 0.04556918 67 31 5
-0.1206409 -0.1531606 0.2351283 142 120 88
-0.2364257 -0.1562336 0.0578649 92 74 49
-0.1933906 -0.06196764 0.2218079 148 116 67
-0.0243244 -0.1705796 0.02097773 39 7 0
-0.2190067 -0.02712964 0.1449596 92 63 34
-0.2292532 -0.09168164 0.1111464 116 100 69
-0.07760589 -0.1623826 0.023027 86 55 23
-0.08682769 -0.1152476 0.03532273 10 3 3
-0.1892921 -0.05684364 0.2289804 132 102 65
-0.1196163 -0.1644316 0.2494733 185 173 141
-0.1390845 -0.1316426 0.1705757 149 128 92
-0.1739224 -0.1091006 0.172625 160 137 95
-0.1841688 -0.1142236 0.1152449 31 20 13
-0.1862181 -0.1285686 0.09577673 15 6 3
-0.03969407 -0.1705796 0.03019953 67 31 3
-0.2733129 -0.004586643 0.2443501 113 83 54
-0.05916229 -0.1234456 0.06811133 47 25 14
-0.02842299 -0.1695546 0.03224879 78 49 26
-0.163676 -0.1746781 0.07528385 77 44 18
-0.1308874 -0.1306186 0.2259065 144 120 87
-0.07145801 -0.05172064 0.05171703 67 54 50
-0.1114191 -0.1890236 0.0506924 127 87 36
-0.04071871 -0.03942564 0.01380521 31 21 15
-0.09092626 -0.1869736 0.04864311 79 35 0
-0.1472817 -0.08041064 0.2351283 148 120 82
-0.09912342 -0.1777516 0.08245635 98 54 14
-0.1165424 -0.1521361 0.1562307 82 62 40
-0.1329367 -0.1234456 0.2433255 81 53 25
-0.2435982 -0.1193466 0.08040708 49 29 10
-0.25282 -0.03327664 0.1695511 177 161 125
-0.2333518 -0.1562336 0.06196346 59 46 37
-0.1513802 -0.1080766 0.2095122 154 131 89
-0.05916229 -0.1490616 0.007657327 44 31 19
-0.08477839 -0.1439386 0.02405166 37 21 10
-0.2558939 -0.01585764 0.1654525 151 121 81
-0.2313025 -0.1408646 0.07220993 39 24 15
-0.178021 -0.06504064 0.05171703 99 72 39
-0.07453194 -0.1121746 0.02097773 18 5 3
-0.1862181 -0.08143564 0.1480335 140 118 87
-0.07760589 -0.1060266 -0.004638373 32 14 3
-0.2149082 -0.09578064 0.08860421 25 11 7
-0.2394996 -0.09168164 0.02610093 18 0 0
-0.08272909 -0.06709064 0.06093883 99 70 46
-0.1862181 -0.05479464 0.143935 148 125 95
-0.09809876 -0.1244696 0.05376633 13 2 0
-0.08375377 -0.1234456 0.08245635 55 33 18
-0.2036371 -0.02405464 0.1347132 133 108 78
-0.1534295 -0.1316426 0.01892843 15 1 0
-0.04481729 -0.1562336 0.01687913 57 39 24
-0.2190067 -0.1193466 0.08245635 50 35 23
-0.1554788 -0.1050016 0.04044595 16 11 9
-0.1872428 -0.1654556 0.02815023 105 65 23
-0.06735945 -0.1695546 0.02917486 73 43 15
-0.1677746 -0.1511106 0.1090971 57 39 33
-0.2343764 -0.04762164 0.1695511 138 105 62
-0.08170447 -0.1798016 0.07733313 105 68 30
-0.1882674 -0.1101246 0.03839665 0 0 0
-0.25282 -0.08041064 0.1367625 37 26 22
-0.2364257 -0.08348464 0.0506924 71 44 28
-0.2507707 -0.1019276 0.07220993 44 23 15
-0.2702389 -0.1050016 0.0599142 40 11 2
-0.2220807 -0.1172976 0.1767236 141 110 72
-0.2231053 -0.07836064 0.1920932 154 126 76
-0.01817654 -0.1654556 0.03224879 37 15 0
-0.2138835 -0.1480376 0.01995307 58 35 20
-0.100148 -0.1449636 0.03737203 35 21 11
-0.2077357 -0.04044964 0.143935 151 127 85
-0.02944763 -0.06299164 0.008681977 44 30 17
-0.160602 -0.1521361 0.1336885 75 47 27
-0.1995385 -0.1142236 0.1797975 163 144 111
-0.2651157 -0.06504064 0.1849207 153 135 106
-0.160602 -0.1377906 0.1388118 101 82 60
-0.2302778 -0.09168164 0.03737203 13 3 0
-0.1042466 -0.1367656 0.05376633 20 5 1
-0.1769963 -0.1562336 0.01892843 57 29 7
-0.2425736 -0.05786864 0.2054136 149 125 85
-0.2323271 -0.05479464 0.2156601 164 144 105
-0.05711302 -0.1859486 0.0578649 71 33 4
-0.2558939 -0.1224206 0.04351988 40 26 16
-0.07760589 -0.1838996 0.05274167 101 65 23
-0.07965517 -0.02303064 0.04966773 21 10 6
-0.2620418 -0.1429136 0.03634738 47 32 24
-0.1206409 -0.1470116 0.2423008 129 98 62
-0.2190067 -0.06094164 0.1787729 135 105 63
-0.1390845 -0.03327664 0.097826 52 39 30
-0.2313025 -0.1029526 0.07528385 22 8 6
-0.06018695 -0.05479464 0.03942133 26 13 7
-0.2015878 -0.1664806 0.04351988 57 31 7
-0.1913414 -0.1193466 0.006632707 13 2 1
-0.1483063 -0.1644316 0.03122416 85 50 17
-0.2507707 -0.1562336 0.05274167 151 124 80
-0.1421584 -0.1172976 0.201315 154 129 90
-0.1226902 -0.1347166 0.2423008 129 105 75
-0.08272909 -0.1336916 0.2423008 111 91 62
-0.1534295 -0.1357416 0.1511075 157 133 95
-0.1401091 -0.1203716 0.201315 144 117 78
-0.117567 -0.1746781 0.09577673 72 31 1
-0.131912 -0.1705796 0.097826 47 15 0
-0.1329367 -0.07426264 0.247424 74 57 40
-0.07350731 -0.1593076 0.02097773 81 55 27
-0.2343764 -0.01175864 0.1449596 131 94 53
-0.1196163 -0.1613576 0.02917486 30 13 2
-0.1687992 -0.1408646 0.1152449 23 11 2
-0.1718731 -0.08143564 0.2105368 155 126 74
-0.1144931 -0.1521361 0.204389 20 7 0
-0.2128589 -0.07323764 0.2095122 175 154 111
-0.08477839 -0.1828746 0.0578649 122 88 46
-0.2425736 -0.09885464 0.06913599 31 13 3
-0.2415489 -0.03942564 0.1675018 162 138 100
-0.2046617 -0.05684364 0.2269311 138 105 64
-0.1728978 -0.1623826 0.0250763 65 32 8
-0.131912 -0.1634066 0.1183189 28 12 1
-0.2374503 -0.04044964 0.2289804 124 102 71
-0.1431831 -0.1347166 0.02712559 60 47 33
-0.131912 -0.1808256 0.07220993 63 26 0
-0.2220807 -0.004586643 0.1224175 96 72 45
-0.1749471 -0.06811464 0.1183189 70 42 18
-0.2446228 -0.1224206 0.07835778 25 10 6
-0.117567 -0.005611643 0.06708669 60 42 33
-0.1667499 -0.1142236 0.1459843 160 137 101
-0.05813766 -0.02610464 0.02405166 7 2 0
-0.05506373 -0.1418886 -0.0005398126 62 45 31
-0.1862181 -0.1234456 0.1398364 24 13 9
-0.1759717 -0.09168164 0.1531568 148 125 84
-0.2692143 -0.008685643 0.247424 124 95 56
-0.1985139 -0.1603326 0.07425919 105 69 33
-0.04584193 -0.02098114 -0.0005398126 35 19 8
-0.192366 -0.1675056 0.03532273 69 39 13
-0.2364257 -0.1398406 0.01995307 29 15 5
-0.1575281 -0.1654556 0.097826 66 37 19
-0.206711 -0.06709064 0.2146354 164 140 99
-0.1565035 -0.1388156 0.1541814 121 105 83
-0.09400019 -0.1326676 0.04351988 16 6 0
-0.1759717 -0.09373164 0.04556918 15 5 3
-0.192366 -0.1685296 0.0578649 110 78 41
-0.235401 -0.1254956 0.07938241 94 67 37
-0.1196163 -0.1562336 0.2289804 79 53 28
-0.2128589 -0.1377906 0.07733313 57 36 15
-0.1339613 -0.1623826 0.1203682 31 13 5
-0.1339613 -0.1429136 0.1511075 91 72 47
-0.1155177 -0.1623826 0.1142203 42 22 3
-0.1882674 -0.1439386 0.08860421 46 26 10
-0.2446228 -0.03225264 0.2269311 95 70 41
-0.09400019 -0.1849246 0.06606206 106 62 24
-0.1739224 -0.1162736 0.1511075 179 163 130
-0.1585528 -0.1275446 0.1541814 132 115 88
-0.1452324 -0.1664806 0.1039739 61 33 10
-0.1483063 -0.1767276 0.07835778 84 42 11
-0.06018695 -0.006635643 0.007657327 13 6 5
-0.1810949 -0.03942564 0.1193435 62 37 18
-0.2466721 -0.08758264 0.03429809 28 8 0
-0.2517953 -0.09065664 0.023027 36 6 0
-0.2784361 -0.08143564 0.04864311 144 115 80
-0.1872428 -0.06811464 0.1613539 133 104 62
-0.2538446 -0.1254956 0.02200236 55 39 30
-0.2733129 -0.1244696 0.06503739 131 117 105
-0.2425736 -0.09885464 0.023027 21 0 1
-0.2015878 -0.08655864 0.1049985 26 21 18
-0.1155177 -0.1490616 0.1634032 151 131 100
-0.06633482 -0.04352314 0.04351988 19 9 7
-0.178021 -0.1131996 0.1398364 91 75 59
-0.2620418 -0.1347166 0.03429809 44 27 16
-0.2343764 -0.03225264 0.1593046 149 121 78
-0.05403909 -0.1429136 -0.007712313 49 33 23
-0.2159328 -0.02507964 0.1418857 84 53 24
-0.09912342 -0.1388156 0.03839665 21 4 0
-0.1267888 -0.1644316 0.03224879 79 44 14
-0.2599925 -0.07631264 0.1808222 139 119 95
-0.2302778 -0.09065664 0.08348101 102 82 57
-0.07043339 -0.1828746 0.07425919 123 79 34
-0.04891586 -0.1859486 0.06196346 95 66 33
-0.2784361 -0.1562336 0.0578649 35 0 0
-0.1401091 -0.1091006 0.2248818 142 114 72
-0.2333518 -0.09065664 0.04147058 18 1 1
-0.1831442 -0.01073464 0.1070478 28 15 5
-0.2794607 -0.1131996 0.02610093 93 59 36
-0.1524049 -0.007661143 0.07630848 39 18 11
-0.2394996 -0.1224206 0.01482987 67 49 26
-0.2651157 -0.07118964 0.1859454 125 110 86
-0.2446228 -0.07221364 0.07733313 131 105 71
-0.1329367 -0.1675056 0.1029492 75 39 5
-0.1401091 -0.07733664 0.2453747 109 87 59
-0.2200314 -0.1613576 0.04659381 82 54 30
-0.1390845 -0.1172976 0.2320543 153 131 93
-0.1831442 -0.07528714 0.2136108 171 146 101
-0.2517953 -0.02917764 0.2095122 149 112 62
-0.06223622 -0.1418886 0.2320543 118 92 62
-0.07555661 -0.1705796 0.02405166 67 42 16
-0.08785233 -0.1224206 0.1367625 27 15 10
-0.07965517 -0.01278464 0.05376633 20 9 6
-0.2056864 -0.006635643 0.112171 48 34 21
-0.2435982 -0.04454864 0.2166847 132 110 79
-0.06223622 -0.1408646 0.004583407 63 48 36
-0.1800703 -0.1562336 0.08962887 49 23 6
-0.1411338 -0.1746781 0.03634738 90 53 20
-0.2118342 -0.1234456 0.08040708 25 11 1
-0.2507707 -0.006635643 0.1572553 127 96 58
-0.22413 -0.07323764 0.2054136 159 136 94
-0.02739833 -0.1521361 -0.008736943 65 30 2
-0.04174335 -0.05069564 -0.004638373 31 23 18
-0.03866942 -0.04557264 -0.002589073 19 8 3
-0.07965517 -0.1275446 0.01073128 50 33 19
-0.08785233 -0.1367656 0.02610093 39 24 15
-0.146257 -0.1019276 0.2218079 122 75 27
-0.1411338 -0.1183226 0.2207833 140 105 59
-0.03662014 -0.1541846 0.005608047 65 38 13
-0.1790456 -0.1623826 0.08450563 78 43 17
-0.1913414 -0.1060266 0.1808222 188 164 122
-0.2149082 -0.08963264 0.04454453 5 0 0
-0.2476968 -0.1306186 0.02405166 36 20 13
-0.2026124 -0.03942564 0.2494733 114 94 64
-0.2394996 -0.04557264 0.2207833 153 129 92
-0.160602 -0.1562336 0.1418857 65 49 33
-0.2169574 -0.1224206 0.07938241 49 33 22
-0.05813766 -0.1531606 0.1931179 114 95 72
-0.1585528 -0.1593076 0.1183189 49 26 15
-0.2272039 -0.1131996 0.08245635 74 61 53
-0.1974892 -0.1439386 0.01687913 79 52 31
-0.1728978 -0.05991764 0.2279557 137 110 72
-0.1483063 -0.09168164 0.04556918 24 18 15
-0.1944153 -0.04454864 0.1388118 108 87 60
-0.178021 -0.03122764 0.1152449 33 16 6
-0.2394996 -0.08245964 0.05479097 98 77 57
-0.1708485 -0.08450964 0.2084875 159 133 87
-0.160602 -0.1511106 0.1470089 37 23 10
-0.1964646 -0.1009036 0.05171703 18 7 6
-0.1903167 -0.09168164 0.1746743 181 161 131
-0.04686657 -0.01790764 -0.004638373 14 9 6
-0.1534295 -0.1091006 0.1961918 165 137 89
-0.06428552 -0.01380864 0.02712559 15 6 5
-0.07555661 -0.1357416 0.01278057 43 30 21
-0.04071871 -0.1582836 0.07733313 50 24 3
-0.1974892 -0.1101246 0.03224879 0 0 0
-0.02329977 -0.1541846 -0.006687673 55 28 10
-0.06121159 -0.1582836 0.09680137 127 104 79
-0.1298627 -0.1603326 0.1234421 69 50 36
-0.1810949 -0.1582836 0.08348101 39 14 2
-0.09400019 -0.06913964 0.0599142 108 79 52
-0.192366 -0.08245964 0.2064383 168 143 96
-0.09502483 -0.1685296 0.03224879 49 22 5
-0.1769963 -0.1705796 0.05684027 54 30 14
-0.2374503 -0.09270564 0.02712559 7 0 0
-0.07965517 -0.008685643 0.05479097 28 15 11
-0.2620418 -0.09475564 0.02815023 57 20 0
-0.1124438 -0.1449636 0.1746743 167 147 106
-0.2446228 -0.1470116 0.04351988 60 40 25
-0.07453194 -0.1060266 0.03019953 13 5 5
-0.1370352 -0.1838996 0.06093883 103 59 19
-0.2487214 -0.1285686 0.02712559 52 37 26
-0.1739224 -0.1050016 0.1572553 180 154 108
-0.1964646 -0.02303064 0.1213928 127 99 70
-0.1380599 -0.1675056 0.02917486 75 49 20
-0.03559549 -0.1726286 0.07938241 86 55 24
-0.1728978 -0.1705796 0.04659381 59 30 10
-0.2405243 -0.03737564 0.2289804 109 91 65
-0.2569186 -0.02098114 0.2341037 33 16 8
-0.1974892 -0.05684364 0.2300051 129 89 49
-0.04686657 -0.09578064 0.02610093 40 18 5
-0.2272039 -0.04557264 0.1654525 144 118 81
-0.192366 -0.1572596 0.01687913 104 73 34
-0.1083452 -0.1326676 0.08348101 92 84 74
-0.06428552 -0.1828746 0.07835778 118 84 41
-0.1708485 -0.1716036 0.05274167 81 50 26
-0.1565035 -0.1746781 0.05888953 65 35 9
-0.1165424 -0.06913964 0.04351988 37 21 11
-0.05198979 -0.1439386 0.1961918 102 85 69
-0.1657253 -0.06299164 0.2289804 132 100 61
-0.2579432 -0.09475564 0.02712559 49 11 2
-0.2015878 -0.1480376 0.01380521 111 88 60
-0.05096516 -0.1162736 0.07016063 49 30 23
-0.2302778 -0.09168164 0.1183189 88 71 43
-0.2015878 -0.1152476 0.08962887 49 31 11
-0.02022584 -0.1572596 0.01073128 56 37 19
-0.2169574 -0.1091006 0.0250763 0 0 0
-0.1308874 -0.1603326 0.02815023 60 28 11
-0.2569186 -0.01790764 0.247424 105 90 66
-0.206711 -0.1603326 0.07118526 114 82 41
-0.02329977 -0.1500866 -0.007712313 102 70 36
-0.2620418 -0.01278464 0.2351283 78 60 41
-0.209785 -0.08758264 0.1992657 172 147 102
-0.1964646 -0.1439386 0.08553028 32 17 10
-0.100148 -0.1101246 0.2494733 114 80 40
-0.06838409 -0.08143564 0.05479097 88 62 44
-0.2763868 -0.1511106 0.06093883 49 11 2
-0.1810949 -0.09680464 0.05274167 0 0 0
-0.1544542 -0.1767276 0.05376633 83 53 24
-0.1513802 -0.1767276 0.07733313 85 46 13
-0.1974892 -0.1582836 0.02200236 98 67 33
-0.1411338 -0.1562336 0.0250763 63 41 22
-0.2733129 -0.07016364 0.1695511 88 59 26
-0.1851935 -0.1142236 0.1244667 31 23 15
-0.03047227 -0.1726286 0.07733313 78 42 16
-0.1503556 -0.1787756 0.05274167 66 38 13
-0.1308874 -0.1336916 0.2197586 150 133 91
-0.05506373 -0.1828746 0.0599142 63 27 5
-0.05711302 -0.08758264 0.001509477 88 75 63
-0.1954399 -0.06913964 0.1705757 137 108 67
-0.1769963 -0.1705796 0.05479097 62 31 9
-0.08272909 -0.1593076 0.09577673 80 51 20
-0.2200314 -0.08963264 0.1859454 138 117 78
-0.09400019 -0.1224206 0.247424 124 95 63
-0.1339613 -0.1736526 0.09167813 64 27 5
-0.1401091 -0.01380864 0.07220993 88 56 35
-0.05916229 -0.1869736 0.04966773 72 30 0
-0.1728978 -0.1142236 0.02610093 66 55 46
-0.1872428 -0.07528714 0.2115615 155 130 83
-0.01920119 -0.1306186 0.2033643 6 2 1
-0.1421584 -0.07836064 0.2433255 101 74 46
-0.1370352 -0.1582836 0.0250763 57 31 10
-0.1011727 -0.01585764 0.08348101 42 28 20
-0.2517953 -0.02507964 0.2371776 33 18 7
-0.0243244 -0.1603326 0.07938241 77 55 27
-0.05301443 -0.03225264 0.023027 21 11 9
-0.2733129 -0.1152476 0.0558156 54 33 23
-0.06121159 -0.03532664 0.02610093 27 17 13
-0.2333518 -0.1408646 0.07323455 72 58 45
-0.1810949 -0.01688264 0.1101217 16 6 6
-0.05096516 -0.1459876 0.0004848474 65 45 27
-0.05506373 -0.1695546 0.02917486 56 28 7
-0.1298627 -0.1029526 0.2402515 125 89 55
-0.2118342 -0.07118964 0.2125861 155 129 80
-0.1739224 -0.1388156 0.1039739 47 37 28
-0.07145801 -0.1767276 0.07733313 117 72 27
-0.1595774 -0.09373164 0.03942133 9 3 0
-0.1759717 -0.04967164 0.1449596 65 41 18
-0.04789123 -0.01688264 0.001509477 11 7 6
-0.05403909 -0.1172976 0.18697 70 57 42
-0.09604949 -0.1275446 0.08962887 119 95 71
-0.2476968 -0.07631264 0.0927028 40 28 16
-0.05198979 -0.1070516 0.03224879 22 11 7
-0.2323271 -0.1019276 0.1111464 49 31 18
-0.2640911 -0.09578064 0.06401276 29 7 0
-0.1554788 -0.1203716 0.1593046 176 158 131
-0.2774114 -0.08348464 0.04454453 111 70 18
-0.2364257 -0.1183226 0.08143171 60 39 21
-0.1503556 -0.1736526 0.04351988 114 72 30
-0.1821196 -0.06299164 0.1613539 129 103 72
-0.2763868 -0.1316426 0.02815023 72 53 40
-0.149331 -0.1777516 0.04454453 114 72 31
-0.25282 -0.05581864 0.201315 177 154 107
-0.22413 -0.04659764 0.1623786 130 105 71
-0.1647006 -0.1572596 0.1019246 40 15 0
-0.209785 -0.1152476 0.02405166 10 2 0
-0.1534295 -0.1213966 0.1716004 167 143 98
-0.2425736 -0.1470116 0.03224879 72 44 11
-0.2128589 -0.1429136 0.07425919 34 23 15
-0.2681896 -0.1142236 0.02097773 79 47 24
-0.1144931 -0.1388156 0.04761847 24 9 2
-0.1103945 -0.1459876 0.1777482 155 138 111
-0.1903167 -0.009710643 0.1101217 20 12 9
-0.146257 -0.09578064 0.03942133 6 5 3
-0.1083452 -0.1818506 0.0506924 87 42 3
-0.03969407 -0.1439386 0.1152449 36 26 15
-0.05608836 -0.1039776 0.03327345 36 22 13
-0.2538446 -0.01790764 0.2115615 108 75 42
-0.238475 -0.06299164 0.2033643 160 138 96
-0.2056864 -0.1275446 0.08450563 68 43 22
-0.03969407 -0.03635064 0.007657327 44 33 24
-0.1544542 -0.1111496 0.18697 163 134 82
-0.1995385 -0.1060266 0.01380521 0 0 0
-0.2333518 -0.1500866 0.03019953 55 29 7
-0.06531015 -0.1572596 0.097826 52 28 8
-0.2138835 -0.05274514 0.2228326 156 131 91
-0.2190067 -0.01585764 0.1336885 98 69 39
-0.08170447 -0.1849246 0.06298813 117 77 31
-0.1626513 -0.04864664 0.1490582 55 35 15
-0.2118342 -0.04557264 0.1593046 143 114 80
-0.09604949 -0.1449636 0.1049985 30 13 2
-0.1687992 -0.08245964 0.112171 13 7 7
-0.1206409 -0.02303064 0.08348101 91 66 42
-0.1800703 -0.1131996 0.01073128 23 10 2
-0.1524049 -0.02405464 0.07118526 67 49 37
-0.06121159 -0.1070516 0.04966773 21 11 5
-0.117567 -0.1418886 0.04454453 33 15 9
-0.07043339 -0.06401664 0.04761847 34 22 17
-0.09297556 -0.1726286 0.03019953 67 33 6
-0.2036371 -0.007661143 0.1111464 50 35 20
-0.160602 -0.07938564 0.2177094 138 104 57
-0.1503556 -0.1695546 0.09577673 58 26 9
-0.267165 -0.04147364 0.172625 134 117 87
-0.2343764 -0.1552096 0.04044595 97 63 23
-0.1790456 -0.03635064 0.1111464 55 33 15
-0.06428552 -0.04762164 0.03122416 44 33 30
-0.07555661 -0.1736526 0.08245635 98 58 25
-0.08067984 -0.1757026 0.03737203 105 71 41
-0.08682769 -0.1244696 0.2463994 111 80 42
-0.1851935 -0.04557264 0.2423008 99 73 49
-0.04686657 -0.1664806 0.02610093 62 37 15
-0.07248269 -0.1634066 0.02200236 99 65 32
-0.2364257 -0.1541846 0.03839665 75 49 23
-0.06121159 -0.1398406 0.2382022 67 49 33
-0.2507707 -0.06196764 0.201315 178 159 120
-0.2425736 -0.09782914 0.02405166 34 11 6
-0.2415489 -0.01790764 0.1562307 139 107 69
-0.05403909 -0.1603326 0.01995307 74 47 22
-0.2610171 -0.01790764 0.2433255 47 29 17
-0.1370352 -0.1736526 0.0906535 65 28 4
-0.1974892 -0.1623826 0.03019953 90 56 24
-0.2661404 -0.06709064 0.1756989 90 61 31
-0.2190067 -0.05274514 0.2238572 152 127 89
-0.03764478 -0.04864664 0.006632707 9 3 0
-0.2589678 -0.1306186 0.03019953 92 74 57
-0.2466721 -0.007661143 0.1541814 115 84 50
-0.06121159 -0.1388156 0.2443501 65 42 18
-0.1308874 -0.1634066 0.02712559 62 35 11
-0.160602 -0.1377906 0.1418857 108 87 67
-0.1872428 -0.1623826 0.07835778 75 44 13
-0.2579432 -0.08348464 0.04966773 151 135 112
-0.04174335 -0.02917764 -0.006687673 42 24 18
-0.08067984 -0.02303064 0.04659381 27 14 7
-0.1093698 -0.1593076 0.1142203 47 36 28
-0.2200314 -0.03122764 0.247424 101 71 41
-0.2292532 -0.02712964 0.2463994 80 57 40
-0.1718731 -0.1316426 0.1306146 112 97 82
-0.2517953 -0.02610464 0.2279557 49 35 24
-0.2425736 -0.07221364 0.1890193 130 102 72
-0.2343764 -0.1449636 0.07528385 129 114 102
-0.1554788 -0.1705796 0.04147058 90 53 20
-0.2220807 -0.06299164 0.2146354 143 118 75
-0.146257 -0.03839964 0.1398364 92 75 60
-0.2487214 -0.1070516 0.0179038 45 18 9
-0.05096516 -0.1818506 0.07220993 94 54 18
-0.1810949 -0.04864664 0.2402515 122 93 61
-0.1985139 -0.1675056 0.04556918 60 39 24
-0.05608836 -0.1470116 0.2279557 143 117 83
-0.1421584 -0.1746781 0.04147058 99 57 21
-0.07863054 -0.1377906 0.112171 21 7 5
-0.2425736 -0.04249864 0.1716004 193 179 143
-0.1739224 -0.02815364 0.09885066 87 72 62
-0.07248269 -0.1347166 0.007657327 68 47 29
-0.22413 -0.1531606 0.0250763 130 104 66
-0.05403909 -0.02200664 0.0179038 16 6 6
-0.05403909 -0.1408646 -0.001564453 79 57 37
-0.2118342 -0.1101246 0.1838961 178 161 130
-0.2507707 -0.08450964 0.04249525 52 26 12
-0.1185916 -0.06196764 0.2494733 104 81 57
-0.2087603 -0.09782914 0.18697 185 164 127
-0.2364257 -0.1009036 0.1101217 38 21 14
-0.22413 -0.05684364 0.1767236 129 98 60
-0.07965517 -0.09578064 -0.01078624 44 28 22
-0.2712636 -0.08245964 0.04454453 117 77 27
-0.2784361 -0.1757026 0.06811133 33 2 0
-0.2610171 -0.05479464 0.1900439 165 144 105
-0.1052713 -0.1521361 0.03532273 30 13 2
-0.100148 -0.03225264 0.08655493 116 96 76
-0.2292532 -0.08655864 0.09475207 71 58 43
-0.2313025 -0.1572596 0.03634738 110 87 59
-0.1831442 -0.1070516 0.1859454 160 138 97
-0.2015878 -0.08758264 0.1992657 199 176 138
-0.2610171 -0.04659764 0.1808222 163 140 96
-0.2128589 -0.05889364 0.1746743 164 141 96
-0.0243244 -0.1654556 0.02097773 91 74 58
-0.08990163 -0.1480376 0.09885066 33 20 13
-0.2589678 -0.02917764 0.1890193 133 110 74
-0.1237149 -0.1664806 0.1070478 52 23 7
-0.03969407 -0.1101246 0.06401276 60 40 15
-0.05916229 -0.1193466 0.07425919 58 34 26
-0.05916229 -0.1367656 -0.003613743 44 26 15
-0.1718731 -0.005611643 0.07528385 31 16 12
-0.1165424 -0.1080766 0.04351988 114 108 98
-0.1595774 -0.09168164 0.1490582 164 135 88
-0.2487214 -0.1336916 0.03019953 107 91 79
-0.07248269 -0.06094164 0.05171703 40 27 20
-0.2026124 -0.06913964 0.1767236 163 140 95
-0.2579432 -0.04967164 0.1951672 163 141 99
-0.1862181 -0.1726286 0.0506924 48 24 9
-0.2292532 -0.1019276 0.03429809 6 1 3
-0.1595774 -0.1593076 0.1049985 55 27 10
-0.03047227 -0.1757026 0.06913599 53 21 3
-0.2446228 -0.1142236 0.07938241 89 72 50
-0.1728978 -0.1716036 0.06298813 81 53 26
-0.2251546 -0.1459876 0.06298813 57 42 36
-0.1698238 -0.1388156 0.01995307 16 0 0
-0.2108096 -0.1070516 0.07938241 83 67 57
-0.08170447 -0.1398406 0.01995307 23 12 9
-0.1718731 -0.08553364 0.2084875 156 132 85
-0.2405243 -0.03430164 0.1634032 139 112 75
-0.02739833 -0.1326676 0.1849207 7 3 2
-0.1595774 -0.1470116 0.1459843 27 15 3
-0.2610171 -0.006635643 0.2259065 23 15 9
-0.2231053 -0.04044964 0.2371776 115 90 62
-0.04379264 -0.02712964 0.004583407 15 10 7
-0.1841688 -0.08245964 0.2074629 173 148 102
-0.04686657 -0.09578064 0.01278057 35 15 6
-0.2599925 -0.008685643 0.1695511 108 74 36
-0.1103945 -0.1879976 0.06093883 85 41 1
-0.2179821 -0.09270564 0.1838961 163 141 98
-0.2415489 -0.07323764 0.1910686 119 98 69
-0.03969407 -0.1828746 0.07220993 87 45 13
-0.2149082 -0.007661143 0.1203682 44 23 10
-0.2056864 -0.09373164 0.1777482 171 153 113
-0.2415489 -0.06094164 0.2033643 161 138 97
-0.2302778 -0.1295936 0.07835778 53 35 19
-0.2548693 -0.01380864 0.2105368 96 71 43
-0.1185916 -0.1347166 0.247424 49 18 7
-0.2200314 -0.09680464 0.1654525 44 31 27
-0.1339613 -0.1572596 0.1285653 26 11 4
-0.2897072 -0.004586643 0.3037794 117 96 76
-0.08990163 -0.1080766 0.307878 109 84 60
-0.2128589 -0.007661143 0.3293955 29 23 19
-0.02739833 -0.04352314 0.3345187 37 23 16
-0.02842299 -0.01483364 0.414441 22 11 9
-0.06735945 -0.1439386 0.2699662 92 66 39
-0.2149082 -0.01585764 0.3150505 37 16 1
-0.06121159 -0.05479464 0.3252969 26 11 8
-0.042768 -0.05684364 0.3160751 29 14 7
-0.1011727 -0.05069564 0.3017301 29 15 9
-0.1831442 -0.01585764 0.3457898 52 38 27
-0.05711302 -0.05479464 0.3273463 27 11 9
-0.134986 -0.05684364 0.2556212 54 32 21
-0.2118342 -0.007661143 0.3324694 23 17 14
-0.2272039 -0.01380864 0.2976315 57 41 29
-0.2220807 -0.01585764 0.293533 30 25 20
-0.1288381 -0.04967164 0.2843112 32 18 12
-0.1411338 -0.02507964 0.3642334 40 31 27
-0.1892921 -0.02917764 0.3017301 32 21 12
-0.1841688 -0.03225264 0.2914837 38 27 19
-0.06735945 -0.1316426 0.261769 60 37 19
-0.04584193 -0.1357416 0.2853358 54 31 13
-0.1810949 -0.04147364 0.2556212 89 69 49
-0.1298627 -0.02917764 0.365258 40 29 26
-0.1288381 -0.02303064 0.3775538 42 36 31
-0.1267888 -0.06299164 0.2535719 48 23 5
-0.09912342 -0.05172064 0.3007055 30 15 10
-0.0243244 -0.1203716 0.3017301 97 72 42
-0.01817654 -0.03020314 0.4134163 27 15 11
-0.06633482 -0.009710643 0.4185395 25 20 16
-0.100148 -0.05376964 0.2955823 32 17 11
-0.02227512 -0.02610464 0.4093177 39 26 16
-0.07145801 -0.1224206 0.307878 54 39 31
-0.06531015 -0.1203716 0.307878 31 13 10
-0.1288381 -0.04557264 0.3119766 33 20 11
-0.03252156 -0.09987864 0.3109519 70 50 30
-0.01920119 -0.03122764 0.4072685 50 36 27
-0.1257642 -0.04454864 0.3324694 36 24 19
-0.02022584 -0.1203716 0.3037794 101 75 50
-0.03559549 -0.02917764 0.3990713 65 57 54
-0.08682769 -0.1111496 0.2976315 92 46 11
-0.07658124 -0.09680464 0.3191491 96 60 24
-0.2282285 -0.004586643 0.3140259 20 15 11
-0.134986 -0.04659764 0.2884098 32 18 13
-0.238475 -0.006635643 0.2996809 57 43 34
-0.1595774 -0.02405464 0.3519377 33 24 21
-0.06531015 -0.05376964 0.3181245 26 12 9
-0.1103945 -0.09475564 0.2740648 35 15 6
-0.07043339 -0.01073464 0.414441 23 15 11
-0.2179821 -0.02098114 0.2740648 39 27 16
-0.206711 -0.02405464 0.2843112 30 21 16
-0.03457084 -0.03225264 0.3918988 45 33 28
-0.1103945 -0.05376964 0.2873851 43 27 18
-0.08682769 -0.01893164 0.3980467 25 21 18
-0.05608836 -0.07221364 0.3068533 30 11 3
-0.03559549 -0.08450964 0.3201737 101 80 52
-0.03969407 -0.1203716 0.2955823 123 89 49
-0.1513802 -0.006635643 0.3949727 52 42 34
-0.1903167 -0.02917764 0.2976315 53 43 33
-0.04174335 -0.06094164 0.3140259 34 12 7
-0.2333518 -0.01380864 0.2771387 21 12 4
-0.06735945 -0.1265196 0.2863605 121 76 31
-0.03662014 -0.06709064 0.3109519 26 11 7
-0.1401091 -0.01790764 0.382677 61 50 41
-0.09502483 -0.06709064 0.279188 27 12 7
-0.05608836 -0.09270564 0.3283709 83 54 28
-0.01920119 -0.04249864 0.339642 23 11 5
-0.05403909 -0.01278464 0.4123916 42 28 20
-0.09297556 -0.06196764 0.2853358 35 15 9
-0.117567 -0.1285686 0.2545965 68 42 23
-0.134986 -0.04659764 0.2873851 35 22 13
-0.1339613 -0.01688264 0.3867756 43 31 24
-0.1083452 -0.01893164 0.3898495 58 47 38
-0.1687992 -0.02303064 0.3468144 43 32 24
-0.1411338 -0.01995664 0.3765291 51 42 36
-0.03252156 -0.03635064 0.3693566 22 15 13
-0.1114191 -0.04454864 0.3406666 34 24 22
-0.149331 -0.04762164 0.2709908 35 22 13
-0.2722882 -0.006635643 0.2607444 76 59 40
-0.02842299 -0.09475564 0.3150505 131 106 69
-0.2364257 -0.01790764 0.2586951 92 79 66
-0.2558939 -0.01175864 0.2576704 84 66 50
-0.07248269 -0.02712964 0.3857509 35 24 21
-0.131912 -0.007661143 0.4052192 48 37 32
-0.178021 -0.02200664 0.3386173 29 24 20
-0.02227512 -0.1070516 0.307878 121 97 62
-0.04686657 -0.01380864 0.4103424 24 15 13
-0.149331 -0.03839964 0.3273463 38 28 24
-0.03662014 -0.1121746 0.3017301 101 66 26
-0.08887696 -0.05172064 0.3058287 30 16 11
-0.1267888 -0.04659764 0.2996809 30 17 14
-0.1042466 -0.09782914 0.2802126 46 22 9
-0.1964646 -0.02712964 0.3048041 50 35 23
-0.02022584 -0.004586643 0.4349338 71 50 33
-0.06018695 -0.03430164 0.3765291 45 33 31
-0.04891586 -0.004586643 0.4328846 41 32 25
-0.05198979 -0.1388156 0.2740648 23 11 2
-0.07965517 -0.02200664 0.3929235 24 17 14
-0.1831442 -0.01483364 0.3519377 56 45 35
-0.04071871 -0.1367656 0.290459 114 89 62
-0.03252156 -0.04249864 0.3437405 24 13 9
-0.01817654 -0.1459876 0.290459 27 10 2
-0.1216656 -0.02507964 0.3775538 30 21 14
-0.03149691 -0.02200664 0.4041945 91 74 57
-0.07248269 -0.1142236 0.3242723 129 108 77
-0.1626513 -0.05274514 0.2627936 57 40 23
-0.1708485 -0.04762164 0.261769 41 25 13
-0.08067984 -0.02507964 0.3867756 44 28 18
-0.1073205 -0.03225264 0.3673074 53 41 35
-0.07248269 -0.1470116 0.2566458 85 57 28
-0.1083452 -0.06606514 0.2781633 29 12 5
-0.1298627 -0.03532664 0.3468144 30 19 15
-0.09809876 -0.03635064 0.3611595 47 32 24
-0.06940875 -0.03020314 0.3796031 55 40 27
-0.03662014 -0.1326676 0.2925083 94 67 41
-0.09195089 -0.01380864 0.4041945 40 30 23
-0.1913414 -0.004586643 0.3724305 73 57 45
-0.08785233 -0.04557264 0.3437405 46 31 23
-0.1718731 -0.005611643 0.3888249 41 30 26
-0.1134684 -0.01790764 0.3939481 43 33 24
-0.08682769 -0.02405464 0.3857509 32 23 20
-0.103222 -0.1101246 0.2597197 105 75 42
-0.042768 -0.03532664 0.3796031 28 17 11
-0.07145801 -0.05274514 0.3140259 31 17 13
-0.07453194 -0.05274514 0.3119766 30 15 11
-0.03252156 -0.1152476 0.2986562 140 98 59
-0.07555661 -0.03020314 0.3775538 51 36 24
-0.03047227 -0.07323764 0.3181245 52 24 6
-0.08477839 -0.05786864 0.2945576 38 21 13
-0.103222 -0.05376964 0.2914837 34 18 11
-0.1278134 -0.02200664 0.382677 60 49 39
-0.07658124 -0.1203716 0.2771387 129 101 60
-0.1237149 -0.07836064 0.276114 111 84 49
-0.07760589 -0.1152476 0.2576704 106 83 57
-0.05301443 -0.01278464 0.4103424 28 22 17
-0.1165424 -0.1265196 0.2556212 98 77 55
-0.1933906 -0.01585764 0.3345187 36 27 20
-0.08990163 -0.1111496 0.261769 126 95 63
-0.06735945 -0.1531606 0.261769 144 127 98
-0.1974892 -0.01380864 0.3334941 21 17 15
-0.2118342 -0.005611643 0.3386173 42 37 33
-0.1196163 -0.06196764 0.2679169 36 16 9
-0.1769963 -0.03327664 0.2925083 44 31 21
-0.1739224 -0.01278464 0.3693566 32 23 19
-0.1913414 -0.02917764 0.2822619 37 24 15
-0.04686657 -0.04352314 0.3416912 23 13 11
-0.08067984 -0.003562643 0.4205888 37 27 21
-0.149331 -0.01790764 0.3744799 59 48 41
-0.08785233 -0.007661143 0.414441 59 45 32
-0.08067984 -0.007661143 0.4154656 33 27 27
-0.07350731 -0.1203716 0.2925083 111 72 33
-0.05403909 -0.1336916 0.2822619 127 95 55
-0.1831442 -0.03122764 0.2955823 39 27 17
-0.07350731 -0.07323764 0.290459 30 11 2
-0.2261792 -0.01893164 0.2699662 59 48 40
-0.05608836 -0.01380864 0.4103424 40 29 24
-0.03047227 -0.009710643 0.425712 80 51 26
-0.04174335 -0.07323764 0.3140259 66 29 9
-0.1954399 -0.03020314 0.2699662 37 27 19
-0.1124438 -0.09885464 0.2709908 72 44 23
-0.149331 -0.02507964 0.3550116 33 23 19
-0.08785233 -0.01483364 0.4031699 29 24 19
-0.1380599 -0.05274514 0.2627936 37 20 11
-0.05813766 -0.008685643 0.4226381 21 17 15
-0.1083452 -0.06811464 0.2771387 37 16 7
-0.07350731 -0.05069564 0.322223 25 12 10
-0.06428552 -0.1306186 0.2781633 108 69 31
-0.2446228 -0.01175864 0.2668922 93 75 56
-0.05301443 -0.05274514 0.3283709 25 11 8
-0.1472817 -0.007661143 0.3959974 58 46 37
-0.01920119 -0.03532664 0.365258 28 17 15
-0.08580303 -0.1224206 0.2556212 123 98 67
-0.1124438 -0.08143564 0.2873851 47 18 7
-0.1011727 -0.04762164 0.3293955 33 18 15
-0.06531015 -0.1459876 0.2627936 108 82 46
-0.042768 -0.03532664 0.3765291 20 18 18
-0.1011727 -0.01893164 0.3939481 44 31 23
-0.08477839 -0.08553364 0.2976315 30 13 5
-0.1687992 -0.03635064 0.3027548 30 19 15
-0.1093698 -0.04147364 0.3529623 44 30 21
-0.06223622 -0.04249864 0.353987 29 15 12
-0.2569186 -0.005611643 0.2720154 23 15 7
-0.01920119 -0.04557264 0.3252969 24 10 6
-0.01817654 -0.03635064 0.3529623 21 11 9
-0.1903167 -0.02917764 0.2853358 52 40 30
-0.2446228 -0.01483364 0.2586951 92 75 56
-0.04994049 -0.06299164 0.3119766 29 11 6
-0.02842299 -0.05069564 0.3201737 21 7 4
-0.06326089 -0.06196764 0.3017301 29 12 5
-0.1278134 -0.05581864 0.2658676 37 19 9
-0.1042466 -0.03430164 0.3632088 44 30 24
-0.1093698 -0.04557264 0.3355434 36 26 19
-0.1442077 -0.02917764 0.350913 40 29 23
-0.01920119 -0.1101246 0.2822619 117 88 49
-0.06940875 -0.1265196 0.2853358 124 83 41
-0.04174335 -0.04044964 0.3560362 63 41 26
-0.08170447 -0.06606514 0.2945576 34 14 7
-0.04891586 -0.1101246 0.3089027 143 117 84
-0.1073205 -0.05274514 0.290459 31 15 9
-0.1974892 -0.02815364 0.2802126 32 20 11
-0.2302778 -0.02303064 0.2597197 74 56 36
-0.02125047 -0.02507964 0.4082931 74 54 34
-0.1472817 -0.02917764 0.3488638 36 25 18
-0.1237149 -0.03942564 0.3457898 57 42 32
-0.07248269 -0.06811464 0.3007055 39 18 5
-0.03764478 -0.02098114 0.4041945 20 15 11
-0.06428552 -0.04762164 0.3386173 23 13 11
-0.2272039 -0.01483364 0.2925083 43 31 23
-0.2558939 -0.005611643 0.276114 80 59 39
-0.05608836 -0.06913964 0.3130012 46 15 5
-0.0243244 -0.1111496 0.2822619 88 60 27
-0.07145801 -0.02507964 0.3898495 35 25 20
-0.2640911 -0.003562643 0.2689415 57 43 31
-0.1821196 -0.005611643 0.3847263 51 37 27
-0.178021 -0.04249864 0.2576704 48 31 17
-0.05813766 -0.04249864 0.3498884 36 25 23
-0.1298627 -0.1254956 0.2504979 137 102 54
-0.103222 -0.01790764 0.3929235 30 24 20
-0.1667499 -0.04864664 0.2627936 60 43 30
-0.09912342 -0.09885464 0.3007055 109 83 60
-0.05506373 -0.009710643 0.4185395 28 22 19
-0.0243244 -0.08758264 0.3232477 121 92 56
-0.2036371 -0.01278464 0.3304202 24 18 15
-0.07350731 -0.003562643 0.4267367 35 26 22
-0.1185916 -0.02712964 0.3724305 36 27 22
-0.1995385 -0.02610464 0.290459 40 28 20
-0.04584193 -0.01893164 0.4031699 32 24 20
-0.1073205 -0.02610464 0.3806277 75 60 54
-0.07965517 -0.1183226 0.3089027 75 47 23
-0.1452324 -0.02098114 0.3703813 44 36 30
-0.1698238 -0.01278464 0.3734552 38 28 22
-0.134986 -0.04454864 0.322223 46 30 15
-0.06940875 -0.05376964 0.3140259 32 16 11
-0.100148 -0.09987864 0.2843112 67 31 10
-0.06838409 -0.04454864 0.3468144 32 20 18
-0.117567 -0.04557264 0.3304202 34 22 15
-0.1380599 -0.09373164 0.2556212 115 91 55
-0.02842299 -0.07016364 0.3160751 45 18 5
-0.1575281 -0.04967164 0.2679169 44 28 17
-0.1974892 -0.02610464 0.3007055 41 29 22
-0.09707412 -0.04249864 0.3519377 32 22 14
-0.117567 -0.1224206 0.2638183 132 95 46
-0.04686657 -0.003562643 0.4369832 56 50 46
-0.1103945 -0.04454864 0.336568 37 23 15
-0.1718731 -0.03532664 0.2996809 31 21 17
-0.1544542 -0.04249864 0.293533 28 16 10
-0.1278134 -0.01790764 0.3888249 55 42 35
-0.1226902 -0.04659764 0.3089027 32 20 14
-0.06018695 -0.1019276 0.3304202 125 99 65
-0.02534905 -0.03122764 0.3990713 38 25 18
-0.1421584 -0.05274514 0.2566458 35 16 6
-0.1083452 -0.09270564 0.2884098 50 28 11
-0.04891586 -0.03737564 0.3662827 36 26 23
-0.1165424 -0.09270564 0.2720154 23 9 2
-0.03969407 -0.008685643 0.428786 47 31 19
-0.2087603 -0.004586643 0.3457898 25 20 17
-0.08887696 -0.003562643 0.4185395 37 26 21
-0.04071871 -0.1050016 0.3119766 102 75 44
-0.07145801 -0.09680464 0.3191491 99 67 33
-0.1626513 -0.01278464 0.3755045 45 32 23
-0.1308874 -0.009710643 0.4011206 58 47 41
-0.02125047 -0.09578064 0.3201737 148 122 82
-0.1103945 -0.02507964 0.3775538 68 58 49
-0.08887696 -0.1131996 0.2812372 107 65 29
-0.1892921 -0.02712964 0.3191491 68 50 37
-0.09707412 -0.1039776 0.2832866 79 49 26
-0.1677746 -0.02712964 0.336568 36 25 19
-0.117567 -0.02712964 0.3744799 44 35 30
-0.04584193 -0.03737564 0.3693566 22 14 13
-0.07145801 -0.1213966 0.3099273 51 28 11
-0.03354619 -0.05479464 0.3130012 27 10 7
-0.2190067 -0.003562643 0.3283709 25 19 15
-0.1401091 -0.03839964 0.3334941 46 33 25
-0.1401091 -0.01688264 0.3847263 46 35 28
-0.03354619 -0.01585764 0.4103424 26 18 15
-0.05608836 -0.03839964 0.3642334 37 28 24
-0.163676 -0.03942564 0.2966069 30 18 12
-0.1687992 -0.04044964 0.279188 34 22 15
-0.05711302 -0.02610464 0.3888249 101 66 31
-0.01817654 -0.009710643 0.4246874 21 9 6
-0.1247395 -0.04147364 0.339642 45 33 27
-0.07555661 -0.09680464 0.3109519 92 57 21
-0.2333518 -0.01175864 0.2832866 26 17 11
-0.1052713 -0.04762164 0.3242723 35 22 17
-0.06223622 -0.09065664 0.3283709 44 18 9
-0.09400019 -0.1039776 0.3017301 40 13 5
-0.178021 -0.02815364 0.3283709 62 41 21
-0.05813766 -0.1285686 0.2853358 145 105 49
-0.06940875 -0.02507964 0.3898495 41 29 22
-0.2026124 -0.03635064 0.2525472 122 97 65
-0.03866942 -0.008685643 0.4318599 29 22 16
-0.05916229 -0.01688264 0.4000959 25 17 14
-0.1329367 -0.07733664 0.2545965 125 101 75
-0.02227512 -0.02303064 0.4093177 74 56 44
-0.03764478 -0.03225264 0.3939481 52 38 29
-0.09707412 -0.04762164 0.3211984 33 18 11
-0.1872428 -0.03532664 0.264843 30 18 9
-0.1647006 -0.02200664 0.353987 34 26 23
-0.04994049 -0.03942564 0.3591102 28 18 15
-0.08477839 -0.1152476 0.2812372 122 88 46
-0.08170447 -0.1162736 0.3037794 108 74 37
-0.206711 -0.005611643 0.3447652 34 26 24
-0.08887696 -0.1193466 0.2597197 117 92 60
-0.03354619 -0.006635643 0.4318599 18 14 11
-0.1411338 -0.05069564 0.2668922 36 18 11
-0.03764478 -0.1039776 0.3130012 129 108 77
-0.2077357 -0.02200664 0.2976315 40 29 22
-0.05198979 -0.02200664 0.4000959 31 22 21
-0.1483063 -0.03532664 0.3355434 37 24 17
-0.02227512 -0.1326676 0.2996809 35 22 13
-0.05403909 -0.06196764 0.3130012 29 13 8
-0.05096516 -0.03635064 0.3765291 47 34 26
-0.1401091 -0.05479464 0.2535719 49 30 21
-0.1882674 -0.03020314 0.2884098 60 46 33
-0.02534905 -0.1459876 0.2873851 132 111 85
-0.1247395 -0.06196764 0.261769 35 15 9
-0.06326089 -0.1111496 0.3273463 124 108 83
-0.1267888 -0.01278464 0.3980467 47 35 31
-0.08785233 -0.04967164 0.3191491 29 16 13
-0.2261792 -0.01483364 0.2781633 41 29 22
-0.01817654 -0.1009036 0.3140259 134 108 80
-0.1237149 -0.03737564 0.3478391 44 31 23
-0.05916229 -0.03327664 0.3796031 54 42 36
-0.1483063 -0.04352314 0.3007055 31 20 15
-0.04379264 -0.1121746 0.3058287 133 108 69
-0.05301443 0.1173454 0.5199793 48 24 9
-0.1083452 0.06303936 0.5189546 123 82 48
-0.05506373 0.1142714 0.5189546 52 29 12
-0.1237149 0.07635936 0.5271518 98 62 35
-0.02227512 0.1132464 0.5169054 101 72 38
-0.02739833 0.05996536 0.5220286 59 31 10
-0.1339613 0.09890236 0.5148561 191 176 167
-0.1442077 0.06713836 0.5251025 123 71 30
-0.08170447 0.08353236 0.5292011 137 99 59
-0.0263737 0.04664486 0.5240779 149 108 60
-0.1144931 0.09070436 0.5281764 126 86 47
-0.04584193 0.03844836 0.5210039 112 69 34
-0.1052713 0.07123636 0.5251025 142 106 66
-0.05813766 0.1316904 0.51793 37 18 8
-0.04789123 0.1368134 0.5220286 54 25 15
-0.07350731 0.07328536 0.5292011 114 66 26
-0.0263737 0.03025136 0.5148561 135 98 62
-0.1390845 0.09275436 0.5199793 43 23 9
-0.05711302 0.04869436 0.5251025 150 113 62
-0.05506373 0.1214444 0.5189546 54 30 12
-0.05916229 0.1152964 0.5189546 34 17 6
-0.1093698 0.05484236 0.5138314 110 64 29
-0.03764478 0.02922636 0.5158807 137 99 63
-0.1237149 0.09172936 0.5261271 91 57 27
-0.1124438 0.06918736 0.5240779 119 85 55
-0.1165424 0.1183704 0.5169054 51 35 22
-0.1103945 0.1009514 0.5271518 135 93 45
-0.1298627 0.1347644 0.5148561 85 46 15
-0.1872428 0.1542324 0.5148561 42 16 1
-0.02944763 0.06201536 0.5251025 121 63 24
-0.1257642 0.06099036 0.5199793 113 67 28
-0.07863054 0.06918736 0.5261271 96 47 14
-0.05608836 0.06303936 0.5271518 67 28 6
-0.07350731 0.09480336 0.5271518 122 84 47
-0.1257642 0.1060754 0.5169054 22 11 1
-0.1062959 0.1081234 0.5240779 111 74 35
-0.04994049 0.08763136 0.5230532 139 99 53
-0.042768 0.1050494 0.5189546 68 44 25
-0.117567 0.06918736 0.5251025 130 96 64
-0.06018695 0.09787736 0.5230532 111 67 26
-0.08477839 0.07738436 0.5281764 119 76 39
-0.06121159 0.08763136 0.5271518 122 80 42
-0.1298627 0.1193954 0.5148561 50 32 16
-0.04071871 0.05381736 0.5271518 147 107 64
-0.09400019 0.05894036 0.5210039 110 60 24
-0.07145801 0.08148336 0.5302257 142 95 47
-0.1472817 0.1224684 0.5138314 85 49 20
-0.04379264 0.1081234 0.5189546 54 27 13
-0.1155177 0.06508936 0.5210039 116 83 53
-0.03252156 0.04357136 0.5240779 148 104 58
-0.06326089 0.1245184 0.51793 94 59 22
-0.1257642 0.05894036 0.5169054 145 105 67
-0.07863054 0.05381736 0.5251025 138 93 40
-0.03866942 0.1019764 0.5189546 49 29 13
-0.05608836 0.06406336 0.5281764 99 57 27
-0.05403909 0.1429624 0.5158807 47 34 26
-0.03047227 0.1193954 0.5189546 48 31 19
-0.04686657 0.06713836 0.5251025 82 43 16
-0.08990163 0.09070436 0.5292011 110 66 30
-0.08580303 0.1316904 0.5158807 37 20 5
-0.1718731 0.1388634 0.51793 62 37 20
-0.1237149 0.08660636 0.5312503 151 122 85
-0.03457084 0.07431136 0.5189546 52 36 26
-0.1708485 0.1224684 0.5128068 112 69 27
-0.1544542 0.1419374 0.51793 49 23 6
-0.09912342 0.09582736 0.5281764 108 66 29
-0.1247395 0.1081234 0.51793 54 32 15
-0.1339613 0.09890236 0.5169054 79 55 33
-0.02534905 0.08353236 0.5158807 37 18 8
-0.01817654 0.1050494 0.5158807 61 41 20
-0.05403909 0.1204194 0.5199793 67 36 14
-0.05403909 0.03332536 0.51793 134 95 59
-0.07965517 0.1152964 0.5199793 99 67 29
-0.02329977 0.03639836 0.5189546 123 76 35
-0.09502483 0.1327154 0.5148561 48 33 19
-0.1011727 0.06508936 0.5220286 145 101 60
-0.02227512 0.09992636 0.5158807 40 23 12
-0.04891586 0.04152136 0.5230532 116 70 34
-0.1483063 0.1511594 0.5128068 39 23 9
-0.1790456 0.1398874 0.5158807 62 30 7
-0.1308874 0.08045836 0.5281764 66 34 14
-0.07555661 0.1234939 0.51793 88 57 22
-0.131912 0.08763136 0.5261271 104 62 26
-0.1308874 0.1388634 0.5169054 62 30 5
-0.1524049 0.07533536 0.5240779 116 66 29
-0.1155177 0.1193954 0.5158807 35 24 16
-0.1278134 0.1040254 0.5210039 155 135 105
-0.1124438 0.07431136 0.5271518 119 83 52
-0.03866942 0.04562036 0.5240779 119 67 13
-0.06018695 0.1163214 0.5189546 39 17 7
-0.01920119 0.1214444 0.5138314 46 35 28
-0.03969407 0.1163214 0.5189546 44 26 16
-0.09092626 0.07840936 0.5281764 133 94 58
-0.05096516 0.05586736 0.5281764 127 87 51
-0.03559549 0.1019764 0.5189546 69 47 31
-0.03354619 0.1265674 0.5169054 49 30 14
-0.1667499 0.1245184 0.5138314 96 56 13
-0.06735945 0.1286174 0.51793 72 45 19
-0.1278134 0.08660636 0.5271518 64 35 16
-0.1329367 0.1491094 0.5128068 95 69 34
-0.1513802 0.1265674 0.5158807 89 54 22
-0.1185916 0.06099036 0.51793 96 60 26
-0.02022584 0.08045836 0.5158807 50 26 11
-0.07145801 0.03639836 0.5158807 124 83 41
-0.03969407 0.1378384 0.5148561 45 33 25
-0.05506373 0.1316904 0.5189546 44 27 17
-0.01920119 0.1245184 0.5138314 74 49 23
-0.08477839 0.1573064 0.5148561 129 99 65
-0.05198979 0.03742336 0.5199793 135 96 57
-0.1288381 0.1265674 0.5138314 30 20 12
-0.04071871 0.03947236 0.5220286 119 74 37
-0.05301443 0.1419374 0.5199793 55 31 23
-0.1185916 0.08968036 0.5271518 80 46 23
-0.1196163 0.07226136 0.5271518 119 84 54
-0.1513802 0.07943436 0.5240779 100 54 18
-0.08887696 0.09685336 0.5281764 133 89 39
-0.07965517 0.04869436 0.5230532 154 121 81
-0.1206409 0.1419374 0.5138314 78 52 26
-0.03354619 0.06406336 0.5240779 103 63 31
-0.04994049 0.1388634 0.5169054 50 29 15
-0.03252156 0.07635936 0.51793 81 54 30
-0.1185916 0.08250736 0.5271518 135 98 60
-0.09502483 0.1060754 0.5240779 53 24 9
-0.08477839 0.09377936 0.5292011 137 82 27
-0.07555661 0.06918736 0.5281764 121 83 50
-0.09400019 0.09070436 0.5302257 113 69 31
-0.08887696 0.1132464 0.5210039 86 53 23
-0.1585528 0.09992636 0.5148561 87 44 10
-0.192366 0.1470604 0.5138314 34 12 4
-0.131912 0.1101734 0.5138314 21 13 6
-0.05301443 0.08660636 0.5251025 137 95 49
-0.06838409 0.04459636 0.5230532 133 88 44
-0.04379264 0.09787736 0.5199793 77 50 25
-0.04071871 0.06508936 0.5240779 71 35 14
-0.05403909 0.09787736 0.5220286 66 32 7
-0.06018695 0.06406336 0.5281764 111 71 38
-0.09707412 0.1316904 0.5169054 109 66 23
-0.1585528 0.1378384 0.51793 59 31 11
-0.06940875 0.04664486 0.5240779 145 102 58
-0.1083452 0.1275914 0.5189546 122 79 33
-0.03354619 0.1347644 0.5158807 83 63 47
-0.1554788 0.07635936 0.5158807 148 95 40
-0.1841688 0.1532084 0.5128068 47 25 10
-0.05506373 0.04049736 0.5220286 128 84 45
-0.1411338 0.07943436 0.5292011 146 92 35
0.1498651 0.1409124 0.1767236 41 32 29
0.1160518 0.1603814 0.2023397 143 109 46
0.1058054 0.1327154 0.08348101 12 8 5
0.1498651 0.02615236 0.2166847 31 13 11
0.05559781 0.1634544 0.05888953 7 6 5
0.1232243 0.2218594 0.01687913 111 83 44
0.1652347 0.06508936 0.05888953 62 47 34
0.1273229 0.1275914 0.09372743 81 50 17
0.1519143 0.07431136 0.04454453 31 20 5
0.1713826 0.1675534 0.03429809 67 47 20
0.2215901 0.03025136 0.1080725 214 205 199
0.07404141 0.1726764 0.05274167 8 4 2
0.1221997 0.1193954 0.08040708 45 32 17
0.1980233 0.07431136 0.03737203 115 88 47
0.1621608 0.04767036 0.2105368 135 118 105
0.08838642 0.1798494 0.1675018 36 30 26
0.2000726 0.1675534 0.0004848474 93 73 45
0.01871064 0.1890704 0.01995307 24 17 12
0.1642101 0.1009514 0.2033643 40 30 25
0.1088793 0.1675534 0.1818468 43 34 29
0.1334708 0.006684357 0.2300051 21 9 9
0.1549883 0.03844836 0.1511075 49 25 18
0.1754811 0.06918736 0.1910686 65 41 31
0.1560129 0.1316904 0.1828715 61 46 39
-0.0079301 0.2228839 0.2279557 75 71 67
0.1662594 0.06611336 0.2074629 25 13 11
0.1447418 0.2023914 0.01482987 63 48 29
0.1334708 0.01488086 0.1920932 36 16 11
0.03817887 0.2013664 0.1756989 44 24 13
0.06994283 0.1849724 0.1131957 32 23 12
0.2379844 0.05484236 0.02610093 74 57 33
0.1560129 0.1152964 0.2443501 130 98 52
0.07199211 0.1921454 0.2412761 161 124 37
0.2287626 0.1296414 0.004583407 65 45 25
0.2328612 0.03537436 0.1275407 158 149 133
0.1734319 0.07635936 0.1716004 116 84 52
-0.0079301 0.2095644 -0.007712313 55 44 30
0.08736177 0.1747264 0.1183189 90 61 28
0.1365447 0.1050494 0.06811133 92 77 52
0.1683086 0.04664486 0.1531568 130 91 37
0.1642101 0.1101734 0.03839665 41 37 31
0.1888015 0.1839474 0.004583407 105 86 53
0.1621608 0.04357136 0.2433255 104 74 39
0.00948883 0.2177604 0.247424 36 34 33
0.1406433 0.1378384 0.2197586 177 142 66
0.1662594 0.05176836 0.2361529 39 26 19
0.04535137 0.2126374 0.0158545 10 9 7
0.2051958 0.01897936 0.1080725 21 15 10
0.1406433 0.1398874 0.2269311 171 135 59
0.2226148 0.04049736 0.1172942 89 74 59
0.1560129 0.09070436 0.08962887 66 50 30
0.1314215 0.2208344 0.01278057 129 98 40
0.02178457 0.2126374 0.2095122 90 61 35
0.06891818 0.1941934 0.2361529 153 117 40
0.08941106 0.1818974 0.2494733 147 112 38
0.1027314 0.006684357 0.06298813 11 6 5
0.1283475 0.03332536 0.04966773 85 72 59
0.09863286 0.1747264 0.04147058 13 9 5
0.1693333 0.09275436 0.1705757 103 69 32
0.00539027 0.2187854 0.2156601 27 24 21
0.2072451 0.1562824 0.0004848474 110 91 57
0.181629 0.07226136 0.1500828 135 102 42
0.08941106 0.1562824 0.09167813 73 46 11
0.1416679 0.1409124 0.1449596 49 27 19
0.04227744 0.1952184 0.02917486 24 16 5
0.04330209 0.1982924 0.1695511 35 22 13
0.09863286 0.2105884 0.02712559 64 44 22
0.1652347 0.1111984 0.1797975 74 60 52
0.05354853 0.1952184 0.1705757 47 33 24
0.2185162 0.1275914 0.005608047 117 97 65
0.1549883 0.1327154 0.1634032 50 39 35
0.0648196 0.1941934 0.03634738 34 22 12
0.09658357 0.1378384 0.07733313 8 4 3
0.1324461 0.01897936 0.09577673 22 14 10
0.06174567 0.1972684 0.2392269 147 114 58
0.1344954 0.01590636 0.1634032 28 11 9
0.01871064 0.2126374 0.1859454 98 67 37
0.1416679 0.1450104 0.1603293 47 37 35
0.1601115 0.1214444 0.1377871 133 107 56
0.2369598 0.02717636 0.1285653 192 184 171
0.1478158 0.04254736 0.1019246 93 65 27
0.1293722 0.1900954 0.02405166 69 54 36
0.1703579 0.07021236 0.1900439 57 38 27
0.2092944 0.001560857 0.1234421 173 162 144
0.1498651 0.02512836 0.2371776 24 10 8
0.13552 0.1163214 0.09167813 26 15 8
0.1908508 0.06508936 0.1234421 179 158 124
0.138594 0.1501344 0.04044595 135 117 85
0.09555893 0.005659357 0.1756989 65 48 41
0.1949494 0.1737014 0.002534127 108 86 50
0.1324461 0.1777999 0.03019953 69 55 36
0.01768599 0.2136619 0.204389 63 44 31
0.1652347 0.09685336 0.1828715 55 42 33
0.06994283 0.1900954 0.1603293 37 32 29
0.1795797 0.08148336 0.1336885 147 113 48
0.1642101 0.04869436 0.2146354 33 16 16
0.1088793 0.1675534 0.1408611 38 30 26
-0.00588082 0.2208344 0.2125861 47 42 37
0.02998171 0.2095644 0.2084875 140 105 44
0.1683086 0.07943436 0.218734 50 40 33
0.1642101 0.09787736 0.18697 35 28 26
0.04535137 0.2034154 0.02405166 43 33 20
0.10683 0.2126374 0.0250763 42 31 23
0.2010972 0.1696024 -0.003613743 89 71 42
0.02383385 0.2126374 0.2136108 70 49 34
0.1836783 0.1163214 0.03634738 37 26 7
0.05354853 0.1982924 0.1224175 148 137 117
0.1703579 0.1019764 0.1675018 102 68 36
0.1611361 0.04459636 0.172625 52 28 17
0.2246641 0.1583314 -0.008736943 123 99 69
0.1939247 0.05176836 0.1336885 23 13 9
0.1252736 0.0005363568 0.2392269 34 18 11
0.02280921 0.2064894 0.1685264 50 40 33
0.1017068 0.1593554 0.04659381 11 7 4
0.1836783 0.05381736 0.112171 102 80 47
0.1283475 0.1511594 0.04454453 77 62 39
0.02793243 0.1890704 0.02200236 10 5 3
0.1447418 0.1737014 0.03737203 114 95 59
0.2144176 0.06099036 0.07938241 26 18 16
0.1273229 0.1193954 0.08757957 29 20 11
0.01768599 0.2249334 -0.006687673 57 40 19
0.06379497 0.2392784 0.001509477 82 55 27
0.1631854 0.08865536 0.2310297 68 48 29
0.1703579 0.1081234 0.1500828 187 157 84
0.1693333 0.1501344 0.03839665 73 54 34
0.1652347 0.04971936 0.1377871 125 88 36
0.00641491 0.1859964 0.07835778 10 7 5
0.121175 0.1583314 0.1449596 45 37 33
0.03715423 0.2003419 0.1193435 24 19 17
0.1262982 0.1706274 0.03839665 112 96 68
0.01563671 0.1726764 0.04147058 11 5 0
0.1129779 0.2362044 0.0004848474 136 106 39
0.1703579 0.09172936 0.1705757 135 102 61
0.2400337 0.07021236 0.07630848 98 83 62
0.1099039 0.1675534 0.2197586 168 132 49
0.02690778 0.1859964 0.02815023 6 2 1
0.1847029 0.1972684 -0.004638373 104 87 57
0.124249 0.009757357 0.1039739 16 6 5
0.199048 0.1460359 0.0158545 113 91 56
0.1765058 0.09070436 0.1306146 152 118 48
0.08223855 0.1706274 0.04966773 15 7 1
0.1088793 0.1593554 0.1152449 136 103 36
0.2226148 0.1552579 -0.006687673 129 105 70
0.1334708 0.1470604 0.1931179 36 28 24
0.121175 0.1439864 0.1049985 141 106 37
0.1467911 0.1327154 0.2074629 66 42 21
-0.01305333 0.1993174 -0.003613743 47 34 19
0.1601115 0.1163214 0.201315 31 22 17
0.04944995 0.2423524 -0.008736943 40 34 28
0.1642101 0.1173454 0.1695511 45 32 27
0.1560129 0.04459636 0.1951672 47 21 11
0.09658357 0.1767744 0.2105368 167 132 52
0.1806044 0.07840936 0.1347132 95 66 19
0.2308119 0.05996536 0.09167813 113 99 75
0.2215901 0.06611336 0.07733313 18 9 0
-0.00690547 0.2085384 0.1090971 118 88 69
0.1601115 0.1152964 0.2177094 60 47 31
0.1037561 0.2341554 0.009706627 130 99 36
0.1437172 0.1357894 0.2197586 159 124 52
0.1262982 0.001560857 0.2382022 44 35 36
0.1713826 0.1409124 0.03737203 92 72 41
0.1129779 0.1737014 0.04454453 13 10 6
0.03715423 0.1880464 0.03327345 16 9 3
0.05252388 0.1952184 0.1234421 32 26 22
0.2431076 0.02615236 0.1070478 209 199 191
0.01256276 0.1798494 0.03634738 9 2 1
0.227738 0.03947236 0.1193435 170 160 138
0.05559781 0.1972684 0.1459843 30 29 25
-0.0007575897 0.1757504 0.02815023 11 5 2
0.1150272 0.1655044 0.04351988 44 36 27
0.00231634 0.1747264 0.06606206 10 9 7
0.1765058 0.07021236 0.1859454 55 25 14
0.08633713 0.1491094 0.07733313 62 33 14
0.1601115 0.03742336 0.1203682 124 92 39
0.09863286 0.1491094 0.09167813 57 33 1
0.1662594 0.08148336 0.2238572 34 27 25
0.0504746 0.1542324 0.07118526 3 2 1
0.1283475 0.1511594 0.2361529 165 130 49
0.1601115 0.09275436 0.2484487 136 101 44
0.1539636 0.1163214 0.2382022 146 111 39
0.1334708 0.1460359 0.2207833 155 120 44
0.05354853 0.2013664 0.2084875 159 122 42
0.1119532 0.1644794 0.2023397 138 102 38
0.1303968 0.01283236 0.1511075 27 13 10
0.1590868 0.03230036 0.2310297 26 15 13
0.1488404 0.1255424 0.1162696 135 103 38
0.0904357 0.2003419 0.03122416 42 30 16
0.1508897 0.01897936 0.2279557 23 13 11
0.2410584 0.1275914 0.007657327 112 89 64
0.2051958 0.02615236 0.1787729 66 40 24
0.04227744 0.2218594 0.007657327 53 43 27
0.1724072 0.06303936 0.1634032 115 77 30
0.1447418 0.02717636 0.1736497 35 16 10
0.1191257 0.1583314 0.04761847 47 36 23
0.05354853 0.1952184 0.172625 53 36 26
0.1334708 0.02307836 0.18697 44 23 13
0.09146035 0.002585357 0.1675018 46 27 20
0.02895707 0.2075144 0.009706627 46 38 29
-0.01510261 0.2105884 0.1459843 26 22 20
0.2338858 0.04971936 0.1049985 194 176 145
0.1406433 0.1870224 0.023027 95 77 49
0.03817887 0.2075144 0.2453747 40 34 31
0.02485851 0.2013664 0.01175593 33 25 18
0.0648196 0.1931694 0.1552061 25 19 16
0.09658357 0.1777999 0.2146354 161 125 41
0.00539027 0.2044404 0.1111464 22 18 15
0.1201504 0.1614054 0.1531568 39 33 34
0.1908508 0.1849724 -0.001564453 88 72 46
0.1437172 0.2290324 0.001509477 82 63 46
0.06174567 0.1972684 0.2423008 105 72 33
0.04227744 0.1737014 0.0599142 34 22 11
-0.01510261 0.2239094 0.2228326 64 57 52
0.06277032 0.1767744 0.05274167 5 5 2
0.1621608 0.08763136 0.2402515 70 48 37
0.04944995 0.2023914 0.201315 161 125 47
0.1631854 0.09172936 0.1029492 75 48 20
0.1724072 0.08455736 0.1716004 112 82 49
0.05867174 0.1737014 0.08450563 16 8 5
0.08121391 -0.002537643 0.05274167 37 28 21
0.06277032 0.1941934 0.1316393 39 33 28
0.06891818 0.1931694 0.03634738 29 20 9
0.06379497 0.1962434 0.2115615 164 129 43
0.1365447 0.1368134 0.112171 137 105 42
0.1488404 0.1081234 0.097826 35 11 3
0.08121391 0.2362044 0.01073128 181 148 66
0.09760821 0.1439864 0.08553028 7 4 3
0.00743955 0.1777999 0.07016063 4 5 2
0.05764711 0.1941934 0.1664771 21 15 11
0.1498651 0.1275914 0.2320543 153 119 47
0.2297873 0.1501344 -0.004638373 107 88 62
0.1262982 0.1747264 0.03122416 133 108 67
0.1478158 0.03127536 0.1418857 40 22 17
0.1416679 0.1439864 0.1562307 43 33 31
0.1785551 0.08045836 0.1716004 188 168 131
-0.00588082 0.1552579 0.03942133 37 24 15
0.1181011 0.2259574 0.01482987 144 112 46
0.1795797 0.09992636 0.03327345 33 26 19
0.1099039 0.2249334 0.01995307 150 116 45
0.1580622 0.1009514 0.247424 165 128 48
0.121175 0.1573064 0.04556918 76 64 46
0.05867174 0.1931694 0.1705757 48 35 27
0.1119532 0.2403024 -0.007712313 150 120 53
0.1713826 0.06816236 0.04147058 82 70 53
0.01666134 0.2136619 0.1859454 86 57 33
0.04022816 0.2064894 0.2423008 42 35 30
0.2123683 0.04971936 0.1080725 3 2 0
0.0084642 0.2095644 -0.0005398126 30 16 6
0.04432674 0.1982924 0.1213928 33 28 23
0.04637602 0.1839474 0.0927028 17 11 6
0.06891818 0.1767744 0.05171703 10 7 4
0.1416679 0.1316904 0.1131957 145 112 41
0.032031 0.2013664 0.1654525 42 34 29
0.1037561 0.2105884 0.02712559 47 33 16
0.0504746 0.1870224 0.04351988 51 31 15
0.2205655 0.002585357 0.1459843 187 176 161
0.1457665 0.2146874 0.01175593 95 79 57
0.1734319 0.03947236 0.1828715 62 35 22
0.195974 0.007709357 0.1490582 174 166 148
0.07301676 0.2464514 -0.01078624 50 39 27
0.1303968 0.004634357 0.1511075 42 23 22
0.04227744 0.1757504 0.07733313 16 13 11
0.08941106 0.1829234 0.2423008 152 117 38
0.1713826 0.05689236 0.1603293 118 72 31
0.06891818 0.1716514 0.09372743 80 51 16
0.00539027 0.2198104 0.1920932 50 37 26
0.1457665 0.04152136 0.08860421 88 69 44
0.1662594 0.1060754 0.1716004 61 41 30
0.1580622 0.03332536 0.2146354 36 20 18
0.00539027 0.2146874 -0.003613743 67 51 31
0.1498651 0.1665284 0.02917486 108 85 52
0.1734319 0.1788244 0.02815023 117 94 52
0.1170765 0.1603814 0.247424 157 121 47
0.1539636 0.1357894 0.1695511 46 35 32
0.1519143 0.2300564 -0.005663013 120 92 40
0.1303968 0.1183704 0.08962887 38 23 13
-0.00690547 0.2198104 0.201315 44 38 33
0.1693333 0.1030004 0.1254914 144 108 30
0.152939 0.09992636 0.04454453 21 15 10
0.01358741 0.2075144 0.1511075 26 22 18
0.1744565 0.1378384 0.03019953 107 85 52
0.1334708 0.007709357 0.1736497 27 13 10
0.2256887 0.06713836 0.07118526 42 32 20
0.1232243 0.1173454 0.07835778 73 54 36
0.03100636 0.1880464 0.03019953 29 22 15
0.242083 0.1142714 0.02405166 127 111 78
0.1150272 0.003610357 0.2207833 21 10 7
0.06584425 0.1952184 0.2412761 147 111 43
0.1170765 0.1614054 0.2125861 158 122 44
0.2215901 0.1132464 0.009706627 92 73 47
0.1191257 0.1562824 0.04761847 34 26 17
0.1877769 0.1070994 0.02815023 67 49 28
0.1877769 0.05791636 0.07938241 75 60 36
0.1662594 0.06713836 0.2351283 36 29 26
0.1857276 0.1327154 0.03019953 86 69 44
-0.01100403 0.2167364 0.172625 47 39 33
0.06891818 0.1921454 0.04249525 33 24 12
0.1539636 0.1921454 0.01687913 84 68 42
0.1877769 0.1173454 0.03019953 56 44 22
0.1642101 0.08353236 0.0906535 40 24 11
0.07404141 0.1870224 0.1254914 43 35 27
0.1847029 0.1767744 0.01687913 144 121 76
0.2328612 -0.002537643 0.1511075 193 181 169
0.1611361 0.1193954 0.1716004 44 31 27
0.2021219 0.07123636 0.04454453 124 89 54
0.1457665 0.01488086 0.2218079 34 18 16
0.08633713 0.1808734 0.1316393 32 27 22
0.08531248 0.1818974 0.1931179 131 96 35
0.1775304 0.08865536 0.1562307 148 117 52
0.1375693 0.1450104 0.1920932 23 18 16
0.1560129 0.08353236 0.08040708 121 105 79
0.00231634 0.1911199 0.0158545 10 5 1
0.08018927 0.1788244 0.1142203 59 41 28
0.195974 0.05484236 0.09372743 7 2 2
0.1662594 0.1849724 0.02405166 136 114 68
0.1631854 0.05074336 0.1992657 26 9 1
0.1662594 0.05176836 0.1224175 122 89 36
0.01871064 0.2075144 0.1695511 38 30 24
0.1611361 0.1777999 0.03224879 132 108 67
0.1416679 0.1818974 0.02712559 77 62 38
0.04227744 0.2075144 0.2074629 157 122 45
0.1590868 0.05074336 0.2002904 50 35 28
0.1621608 0.09480336 0.1070478 98 69 38
0.227738 0.06303936 0.08757957 208 202 184
0.01461206 0.1890704 0.08553028 42 37 31
0.03100636 0.1747264 0.05274167 4 5 3
0.05252388 0.1982924 0.03019953 47 35 21
0.1652347 0.07328536 0.2218079 36 27 22
0.01051348 0.2259574 -0.01181087 48 39 26
0.1765058 0.1859964 0.01482987 124 101 72
0.1590868 0.04049736 0.2494733 104 68 26
0.08428784 0.0005363568 0.05479097 57 44 35
0.1314215 0.1347644 0.05274167 101 85 59
-0.01510261 0.2208344 0.1910686 50 43 38
0.1160518 0.1368134 0.0506924 11 10 11
0.00743955 0.2085384 0.1203682 29 25 22
0.1498651 0.03332536 0.1449596 50 29 24
0.2164669 0.1306664 0.005608047 58 42 20
0.1457665 0.09275436 0.07835778 133 115 87
0.1160518 0.1542324 0.1203682 132 101 37
0.1662594 0.04049736 0.2361529 27 15 11
0.1129779 0.1634544 0.2002904 144 110 49
0.1457665 0.01795536 0.218734 23 13 11
0.1519143 0.1224684 0.2351283 156 122 48
0.1303968 0.2300564 0.004583407 134 101 45
0.1262982 0.1439864 0.1101217 135 101 35
0.1406433 0.03639836 0.04249525 23 18 15
0.1447418 0.1327154 0.1234421 142 110 40
0.2359351 0.02717636 0.1224175 143 131 109
0.08121391 0.1859964 0.1449596 35 31 30
0.1939247 0.04562036 0.1224175 61 43 18
0.1662594 0.05894036 0.201315 69 55 49
0.2246641 0.02307836 0.1326639 146 134 113
0.01153813 0.2157114 0.2033643 71 57 47
0.1611361 0.09992636 0.2310297 90 63 35
0.167284 0.1747264 0.03942133 143 124 85
0.08428784 0.1870224 0.2259065 209 168 60
0.1088793 0.1675534 0.2412761 154 118 41
0.2441323 0.07738436 0.05684027 201 192 172
-0.01202868 0.2105884 0.1224175 37 31 26
0.1221997 0.2054654 0.023027 48 35 23
0.1570376 0.1327154 0.172625 45 30 28
0.08531248 0.1982924 0.03532273 51 37 16
0.2082698 0.06508936 0.07220993 30 26 18
0.00129169 0.2116134 0.1562307 23 13 5
0.0084642 0.1941934 0.0179038 9 5 2
0.1806044 0.2023914 -0.004638373 120 100 64
0.1017068 0.1214444 0.06401276 37 26 13
0.167284 0.05074336 0.2084875 151 134 115
0.1549883 0.2146874 0.005608047 75 56 23
0.1406433 0.1747264 0.02815023 131 112 79
0.1150272 0.01283236 0.07938241 16 6 5
0.1693333 0.05791636 0.1408611 151 118 50
0.1283475 0.003610357 0.201315 182 171 145
0.04432674 0.1890704 0.1019246 9 6 3
0.1519143 0.1306664 0.1398364 142 112 48
0.0648196 0.1931694 0.03634738 32 21 12
0.1621608 0.1193954 0.1931179 68 59 49
0.1662594 0.04869436 0.2279557 27 17 15
0.00641491 0.1706274 0.03429809 7 2 0
0.04330209 0.1849724 0.04351988 14 8 4
0.00743955 0.1706274 0.06708669 6 4 4
0.1539636 0.1829234 0.03532273 134 112 69
0.1406433 0.1347644 0.1203682 147 116 45
0.1611361 0.2064894 0.006632707 82 64 38
0.04637602 0.2034154 0.2341037 67 47 32
0.2195408 0.1439864 0.001509477 76 59 35
0.2297873 0.04971936 0.1111464 7 5 5
0.1642101 0.2239094 -0.007712313 144 116 46
0.1549883 0.03639836 0.1716004 44 23 16
0.1273229 0.1962434 0.023027 58 44 28
0.1754811 0.1982924 0.004583407 104 87 58
0.06584425 0.1573064 0.07938241 5 3 1
0.1508897 0.1419374 0.03532273 72 60 49
0.1283475 0.001560857 0.1541814 27 13 11
0.10683 0.1696024 0.2300051 154 118 39
0.1539636 0.1040254 0.04659381 38 33 28
0.07813997 0.2249334 0.01995307 45 28 13
0.13552 0.2351794 -0.004638373 59 48 37
0.1396186 0.01488086 0.2095122 28 14 13
0.1324461 0.1521834 0.1787729 35 28 27
0.1099039 0.1337404 0.08655493 10 5 4
0.1314215 0.005659357 0.1736497 30 11 10
0.02793243 0.2034154 0.1552061 38 30 24
0.138594 0.2116134 0.01482987 58 41 22
0.04330209 0.2136619 0.01278057 58 46 30
0.0484253 0.1911199 0.1080725 68 58 48
0.03817887 0.2075144 0.2248818 82 53 30
-0.00280689 0.2218594 0.2423008 58 53 49
0.00436562 0.2054654 0.001509477 35 26 13
0.0002670403 0.2013664 0.1008999 24 20 15
0.1498651 0.09377936 0.08450563 45 34 20
0.1836783 0.1450104 0.02917486 105 82 44
0.0832632 0.1603814 0.0906535 75 50 20
0.1416679 0.09787736 0.07528385 135 111 78
0.06994283 0.1634544 0.0558156 10 6 3
0.06584425 0.2075144 0.02405166 41 35 27
0.02280921 0.1859964 0.08655493 2 1 0
0.1857276 0.1419374 0.03122416 117 95 55
0.210319 0.1296414 0.007657327 78 62 44
0.2215901 -0.002537643 0.1398364 134 120 99
0.06584425 0.1911199 0.1623786 25 20 16
0.08941106 0.1798494 0.1357378 36 30 28
0.2010972 0.1532084 0.01278057 102 81 49
0.1457665 0.1378384 0.1480335 61 47 37
0.1447418 0.1357894 0.2125861 133 99 43
0.2031465 0.1491094 0.009706627 97 78 47
0.05252388 0.1911199 0.1101217 56 49 40
0.04740067 0.2034154 0.2289804 118 82 37
0.09863286 0.1757504 0.2197586 164 128 45
0.03920351 0.1941934 0.02815023 49 38 25
0.1447418 0.1245184 0.1080725 122 87 27
0.1631854 0.1101734 0.1705757 79 64 53
0.1662594 0.09172936 0.1101217 108 76 30
0.1693333 0.07635936 0.1111464 73 47 20
0.1775304 0.06201536 0.1336885 124 88 31
0.1314215 0.009757357 0.126516 23 10 9
0.1580622 0.1152964 0.2351283 121 92 48
0.2226148 0.01283236 0.1377871 99 84 65
0.1744565 0.2146874 -0.006687673 85 60 27
0.1037561 0.1716514 0.2392269 167 130 49
0.1590868 0.04357136 0.2095122 35 19 16
0.2031465 0.1122224 0.0158545 134 108 67
0.09453428 0.002585357 0.0599142 28 23 18
0.00231634 0.2095644 0.1398364 20 16 13
0.1037561 0.1726764 0.1623786 39 34 33
0.1744565 0.06713836 0.1664771 134 97 49
0.2092944 0.09480336 0.01995307 92 75 49
-0.01612726 0.2218594 0.2064383 50 45 41
0.04022816 0.2064894 0.1982411 160 125 49
0.02588314 0.1972684 0.1070478 32 28 23
0.0832632 0.1849724 0.1541814 48 43 39
0.01461206 0.2085384 0.004583407 33 25 15
0.03817887 0.2003419 0.1224175 36 32 26
0.1693333 0.1009514 0.1254914 142 112 51
0.1467911 0.01795536 0.2279557 23 13 3
0.1406433 0.02717636 0.2054136 27 11 11
0.1201504 0.1593554 0.2463994 211 182 121
0.210319 0.1204194 0.009706627 79 59 36
0.02690778 0.2116134 0.008681977 78 65 47
0.02588314 0.1634544 0.06196346 18 9 2
0.2226148 0.05279336 0.097826 163 151 132
0.1396186 0.01795536 0.2054136 28 13 9
0.08736177 0.2187854 0.02405166 72 54 32
0.1806044 0.2105884 -0.009761613 83 65 40
0.08633713 0.2187854 0.02405166 43 29 19
0.1631854 0.1173454 0.143935 157 126 52
0.09350964 -0.0004886432 0.1797975 46 31 23
0.13552 0.02307836 0.1060232 49 25 11
0.1181011 0.1818974 0.03224879 91 72 47
0.09658357 0.1777999 0.2218079 168 131 46
0.2185162 0.1132464 0.008681977 92 72 46
0.2400337 0.05176836 0.09167813 151 135 101
0.152939 0.1183704 0.247424 162 129 58
0.1396186 0.1368134 0.1224175 149 118 45
0.1601115 0.1152964 0.1797975 66 58 56
0.1017068 0.009757357 0.03942133 16 13 11
0.1570376 0.2177604 0.003558777 79 57 31
0.1283475 0.005659357 0.12959 22 7 6
0.07506604 0.2403024 0.001509477 128 98 46
0.138594 0.2321064 -0.0005398126 50 38 28
0.03920351 0.2075144 0.2320543 50 39 31
0.1662594 0.05689236 0.2074629 30 17 14
0.1447418 0.02922636 0.1828715 58 34 27
0.04535137 0.2044404 0.2371776 57 45 36
0.1447418 0.09480336 0.07733313 138 118 85
0.01051348 0.1931694 0.02200236 8 2 0
0.1170765 0.004634357 0.1193435 21 11 9
0.1478158 0.1306664 0.2125861 53 33 20
0.06379497 0.1931694 0.03737203 24 11 1
0.05867174 0.1685779 0.08143171 5 3 1
0.2226148 0.1286174 0.004583407 72 52 29
0.1652347 0.09787736 0.2002904 80 62 46
0.1806044 0.1573064 0.02917486 92 70 40
0.181629 0.06816236 0.07733313 44 35 18
0.1601115 0.1234939 0.15828 104 70 31
0.1109286 0.2382534 -0.001564453 164 132 53
0.1631854 0.1696024 0.04147058 129 110 77
0.1273229 0.1122224 0.07016063 36 26 15
0.1396186 0.1419374 0.2423008 154 119 46
0.07301676 0.2433764 -0.005663013 79 56 35
0.1150272 -0.001512643 0.1972165 36 18 9
0.00743955 0.2085384 0.1234421 37 31 27
0.09863286 0.1972684 0.03122416 42 33 21
0.0904357 0.1808734 0.1531568 33 29 28
0.09453428 0.1491094 0.08962887 36 15 5
0.06789355 0.2321064 0.01278057 113 79 31
0.1303968 0.1941934 0.0250763 92 70 49
0.07404141 0.2392784 0.003558777 125 94 39
0.03612958 0.1849724 0.03839665 11 3 0
0.1949494 0.007709357 0.1470089 5 2 3
0.1017068 0.2177604 0.02610093 84 64 34
0.00334097 0.1737014 0.03122416 7 2 0
0.1498651 0.1808734 0.03429809 101 80 44
0.1775304 0.08148336 0.1695511 128 91 48
0.1775304 0.07943436 0.1818468 115 100 72
0.1969987 0.02102936 0.097826 18 16 15
0.0504746 0.2023914 0.2033643 162 127 46
0.1877769 0.06713836 0.1347132 135 112 77
0.07301676 0.2239094 0.01995307 72 52 27
0.1129779 0.1255424 0.08245635 9 6 7
0.1734319 0.01795536 0.04044595 18 13 11
0.04740067 0.1982924 0.1244667 34 29 25
0.1611361 0.2044404 0.009706627 99 83 65
0.1683086 0.05586736 0.03224879 55 42 33
0.1467911 0.09377936 0.06503739 54 41 23
0.2359351 0.09992636 0.02815023 72 58 39
0.1232243 0.2228839 0.01482987 137 98 42
0.1898262 0.04971936 0.09885066 63 50 36
0.1047807 0.1829234 0.03737203 25 18 11
0.167284 0.09275436 0.1777482 75 52 37
0.1806044 0.1357894 0.04044595 70 55 31
0.04432674 0.1993174 0.1562307 16 11 6
0.1642101 0.1573064 0.04351988 124 101 70
0.1017068 0.004634357 0.07528385 11 6 7
0.1017068 0.2413284 -0.006687673 137 106 47
0.07199211 0.1911199 0.2033643 148 113 37
0.02280921 0.1921454 0.01892843 20 13 6
0.09453428 0.0005363568 0.1716004 44 26 15
0.06584425 0.2116134 0.02405166 42 32 19
-0.01305333 0.1972684 0.08348101 13 11 10
0.2246641 0.05689236 0.0906535 127 107 75
0.1724072 0.1460359 0.03737203 92 77 41
0.1734319 0.08045836 0.1716004 112 76 41
0.00436562 0.2177604 0.2002904 69 61 54
0.2154423 0.1009514 0.01687913 122 103 71
0.1324461 0.03025136 0.07938241 27 18 13
0.08121391 -0.002537643 0.06093883 13 7 7
0.2431076 0.04254736 0.097826 139 123 108
0.1969987 0.06406336 0.06811133 55 40 18
0.08018927 0.1880464 0.2433255 162 127 46
0.1181011 0.1614054 0.1470089 42 34 31
0.1867522 0.05996536 0.08450563 27 12 3
0.09248499 0.2198104 0.0250763 49 37 28
0.1129779 -0.001512643 0.201315 27 13 11
0.1601115 0.09172936 0.2484487 118 84 22
0.1713826 0.07431136 0.1920932 82 62 52
0.1160518 0.1614054 0.2156601 159 127 57
0.07916462 0.1890704 0.2259065 214 177 92
0.03408029 0.2095644 0.2402515 40 35 32
0.01871064 0.1655044 0.06708669 18 11 7
0.2318366 0.04357136 0.1111464 156 146 119
0.07404141 0.2310804 0.0158545 134 97 38
0.1642101 0.09480336 0.2351283 92 69 41
0.04432674 0.1788244 0.05479097 36 18 6
-0.00690547 0.2208344 0.2084875 49 44 39
0.1252736 0.1480854 0.1213928 142 110 40
0.07404141 0.1890704 0.1336885 37 32 27
0.1457665 0.1439864 0.1818468 42 31 26
0.05457318 0.2198104 0.01482987 26 22 15
0.167284 0.06406336 0.1890193 67 35 21
0.1929001 0.1644794 0.01073128 119 96 57
0.1857276 -0.0004886432 0.1634032 174 161 143
0.1078547 0.003610357 0.08450563 12 8 9
0.1416679 0.1337404 0.03942133 26 21 18
0.1570376 0.1245184 0.1808222 81 72 69
0.1703579 0.07738436 0.08860421 92 72 43
0.1652347 0.06201536 0.2484487 69 46 33
0.1775304 0.1931694 0.006632707 102 85 57
0.1344954 0.01283236 0.1429103 26 11 9
0.1365447 0.01897936 0.1818468 47 25 16
0.04535137 0.1993174 0.1470089 26 21 18
0.1478158 0.1091484 0.09885066 71 44 16
0.07199211 0.1900954 0.1449596 39 34 31
0.1662594 0.1122224 0.1377871 161 129 51
0.1303968 0.01283236 0.1890193 49 31 24
0.1929001 0.05176836 0.1244667 119 89 37
0.1621608 0.1040254 0.03942133 29 23 18
0.1898262 0.06816236 0.04044595 55 39 23
0.1765058 0.06611336 0.1142203 133 109 71
0.1283475 0.1552579 0.1787729 14 10 8
0.05764711 0.2085384 0.02405166 69 53 31
0.181629 0.1644794 0.02610093 102 81 50
0.03715423 0.1880464 0.09680137 24 21 16
0.1447418 0.2351794 -0.008736943 54 42 30
0.08018927 0.1859964 0.1562307 40 34 29
0.2297873 0.04152136 0.1142203 139 126 102
0.1160518 0.2136619 0.02200236 61 42 21
-0.00383154 0.1941934 0.08245635 28 25 21
0.181629 0.07943436 0.1500828 133 99 38
0.02998171 0.2023914 0.1644279 31 20 15
0.1713826 0.07738436 0.1982411 85 62 50
0.09350964 0.1798494 0.2412761 155 120 43
-0.01202868 0.2095644 0.1172942 56 48 41
0.1344954 0.1429624 0.1316393 149 118 50
0.08838642 0.1829234 0.2412761 156 121 42
0.01358741 0.2013664 0.1080725 27 23 21
0.1549883 0.09685336 0.09577673 22 18 13
0.181629 0.02820136 0.04556918 27 22 15
0.1293722 0.2331304 0.0004848474 104 72 28
0.1713826 0.07123636 0.03737203 72 62 42
0.01461206 0.1859964 0.08245635 7 4 2
0.1601115 0.1214444 0.143935 150 121 59
-0.01100403 0.1562824 0.0506924 14 7 4
0.0504746 0.1931694 0.1142203 55 47 37
0.199048 0.06713836 0.02712559 118 101 74
0.1775304 0.06201536 0.1644279 108 72 30
0.07506604 0.1890704 0.1490582 30 26 24
0.1181011 0.1552579 0.126516 131 100 46
0.04944995 0.1982924 0.1531568 24 19 16
0.152939 0.1224684 0.1172942 138 106 38
0.1631854 0.07533536 0.04249525 59 51 39
0.1754811 0.06508936 0.1623786 98 63 27
0.07711534 0.1880464 0.2484487 147 111 39
0.08018927 0.1726764 0.1070478 119 87 33
0.02998171 0.2105884 0.2125861 140 105 51
0.1160518 0.007709357 0.1879947 25 11 9
0.2021219 0.05279336 0.09372743 22 10 3
0.1406433 0.1398874 0.247424 152 115 40
0.138594 0.2269824 0.005608047 98 67 32
0.210319 0.1019764 0.01995307 134 117 85
0.121175 0.007709357 0.0998753 17 9 7
0.1754811 0.07226136 0.1756989 90 66 46
0.1929001 0.05484236 0.097826 12 6 4
0.1652347 0.09890236 0.03634738 60 52 42
0.1088793 -0.001512643 0.0998753 11 7 6
0.1775304 0.05996536 0.05171703 37 26 13
0.2144176 0.03742336 0.1203682 18 7 5
0.2390091 0.03844836 0.09885066 153 135 108
0.09555893 0.1726764 0.04249525 10 7 5
0.2338858 0.02410286 0.1316393 63 47 34
0.1478158 0.1306664 0.2351283 163 129 53
0.1693333 0.05894036 0.0506924 63 54 42
-0.01202868 0.1921454 0.07733313 15 13 11
0.1047807 0.1716514 0.1459843 35 30 29
0.1549883 0.1214444 0.2105368 45 33 23
0.05559781 0.2146874 0.01995307 53 39 22
0.08736177 0.1398874 0.06708669 0 0 0
0.1631854 0.09582736 0.2361529 114 81 38
0.1621608 0.1030004 0.2115615 34 26 18
0.1908508 0.04869436 0.1213928 91 63 23
0.1580622 0.1234939 0.1429103 161 129 55
0.05969639 0.1972684 0.2453747 59 44 33
-0.00690547 0.2044404 -0.003613743 35 26 14
0.138594 0.03230036 0.04249525 26 20 14
0.1631854 0.07533536 0.2095122 39 28 24
-0.0099794 0.2228839 0.2207833 62 56 50
-0.01715189 0.2095644 0.1357378 31 26 22
0.01153813 0.1921454 0.08962887 84 75 65
0.0648196 0.1952184 0.2105368 155 119 38
0.2062205 0.1562824 0.001509477 104 86 57
0.1826537 0.1665284 0.03224879 154 134 84
0.00231634 0.1839474 0.07220993 9 6 3
0.1426925 0.1880464 0.02200236 80 65 45
0.09248499 0.1818974 0.03942133 40 30 19
0.02280921 0.1962434 0.01687913 23 17 9
0.1416679 0.1378384 0.2105368 120 86 38
0.06891818 0.2310804 0.01482987 85 58 22
0.2226148 0.09992636 0.0158545 108 88 57
0.1693333 0.09685336 0.1736497 90 64 45
0.181629 0.08148336 0.1367625 144 110 41
0.1262982 0.1634544 0.04454453 13 10 2
0.1027314 0.1337404 0.08040708 26 19 11
0.1611361 0.1040254 0.2361529 124 89 36
0.09760821 0.2013664 0.02917486 45 33 15
0.0996575 0.1726764 0.1818468 31 20 18
0.138594 0.1603814 0.04761847 85 70 49
0.1734319 0.06816236 0.08245635 125 102 67
0.1396186 0.1409124 0.2218079 159 124 53
0.08633713 0.1388634 0.06093883 9 5 1
0.0648196 0.1921454 0.1838961 138 103 42
0.08121391 0.2423524 -0.0005398126 141 113 55
0.07813997 0.01180736 0.15828 42 23 15
-0.00485617 0.2105884 0.1254914 49 44 38
0.1498651 0.1111984 0.1029492 98 68 23
0.1488404 0.2280074 -0.0005398126 70 48 24
0.1621608 0.2280074 -0.01078624 147 120 50
0.1088793 0.008733357 0.05888953 18 9 5
0.02485851 0.1706274 0.04966773 9 5 1
-0.00280689 0.2228839 0.2279557 27 25 23
0.1590868 0.1193954 0.1797975 58 52 50
0.05867174 0.1952184 0.18697 151 116 42
0.1888015 0.1921454 -0.006687673 79 65 41
0.1324461 0.02615236 0.08450563 60 52 41
0.1621608 0.1111984 0.1787729 59 53 50
0.1683086 0.02205336 0.07528385 26 18 20
0.05252388 0.2064894 0.02405166 27 20 13
0.08531248 0.1829234 0.1408611 34 30 26
0.1703579 0.07123636 0.1008999 51 35 20
0.13552 0.02205336 0.09577673 18 11 6
0.2369598 0.02205336 0.1336885 138 125 108
0.05252388 0.2013664 0.2023397 158 122 41
0.1467911 0.1224684 0.1101217 126 94 32
0.1129779 0.1839474 0.03737203 62 48 29
0.03100636 0.2331304 -0.006687673 56 45 30
0.2205655 0.1101734 0.01175593 107 86 55
0.1806044 0.1234939 0.03532273 57 41 19
0.181629 0.1163214 0.03327345 91 74 49
0.00743955 0.2136619 0.1716004 56 46 39
0.2379844 0.009757357 0.1316393 166 150 124
0.124249 0.1542324 0.2115615 144 110 38
0.1549883 0.2310804 -0.009761613 140 112 49
0.08838642 0.1655044 0.1008999 110 77 19
0.1303968 0.1480854 0.2074629 115 82 40
0.227738 0.06816236 0.07630848 21 11 7
0.04535137 0.2290324 0.003558777 26 22 16
-0.01510261 0.1870224 0.07118526 7 5 4
0.03510494 0.1829234 0.08553028 13 11 8
0.167284 0.06508936 0.2351283 31 22 19
0.0484253 0.1859964 0.097826 37 30 18
0.1396186 0.1368134 0.1111464 176 138 75
0.1375693 0.1491094 0.1685264 88 74 65
0.04740067 0.2423524 -0.01181087 36 30 25
0.07301676 0.1952184 0.03634738 35 24 12
0.08121391 0.2362044 0.009706627 149 120 53
0.2215901 0.001560857 0.143935 161 147 121
0.1406433 0.1552579 0.04249525 42 31 23
0.1119532 0.001560857 0.1029492 14 9 6
0.03408029 0.2095644 0.2443501 40 35 32
0.09760821 0.1767744 0.1500828 40 36 35
0.1467911 0.1183704 0.1049985 110 78 27
0.07916462 0.1890704 0.2300051 159 123 42
0.09453428 -0.001512643 0.1756989 40 24 18
0.07916462 0.1511594 0.05888953 7 3 2
0.1129779 0.1255424 0.08040708 13 9 8
0.2195408 0.002585357 0.1306146 181 171 155
0.1344954 0.1204194 0.09372743 65 38 13
0.1119532 0.1562824 0.04659381 39 29 19
0.06584425 0.1675534 0.08655493 27 15 5
0.152939 0.1388634 0.03839665 24 18 11
0.1611361 0.09377936 0.09885066 79 58 31
0.1775304 0.06201536 0.0927028 88 72 47
0.2072451 0.1429624 0.009706627 55 41 20
0.1416679 0.03332536 0.1890193 49 22 12
0.1642101 0.08250736 0.2095122 15 11 13
0.01768599 0.2064894 0.1531568 27 23 20
0.03510494 0.1941934 0.1060232 38 32 27
0.2328612 0.01693036 0.1326639 158 145 131
-0.0079301 0.2095644 0.1285653 30 26 22
0.01768599 0.2126374 0.1838961 68 45 28
0.02383385 0.2095644 0.1828715 80 51 24
0.0648196 0.1501344 0.06196346 21 13 7
0.05764711 0.1890704 0.1111464 89 78 66
0.1416679 0.1726764 0.03839665 105 87 60
0.1744565 0.02615236 0.1480335 49 31 23
0.1724072 0.06303936 0.1675018 79 47 17
0.08838642 0.1829234 0.2105368 158 123 42
0.167284 0.1060754 0.03737203 44 37 31
0.1334708 0.01180736 0.1787729 39 20 14
0.1334708 0.1788244 0.02815023 75 59 36
0.1918755 0.1450104 0.01892843 116 93 55
0.152939 0.1070994 0.1039739 104 74 29
0.05867174 0.2157114 0.01892843 15 9 6
0.1857276 0.06303936 0.02712559 95 78 54
0.03100636 0.1941934 0.02200236 16 9 5
0.2256887 0.04357136 0.1203682 107 95 78
-0.01612726 0.2034154 -0.01181087 23 17 9
0.1826537 0.1378384 0.03532273 80 55 24
0.01051348 0.2177604 0.2289804 35 30 27
0.0832632 0.2187854 0.02200236 21 12 13
-0.01510261 0.2259574 0.2341037 76 72 69
0.1047807 0.1562824 0.04659381 79 63 45
0.05867174 0.1798494 0.09680137 45 25 13
0.213393 0.1132464 0.009706627 100 78 49
0.02280921 0.1788244 0.07528385 8 5 4
0.03305565 0.2085384 0.2054136 146 111 40
0.07711534 0.1993174 0.03224879 56 44 29
0.1498651 0.08250736 0.04351988 22 18 7
0.0904357 0.1716514 0.1162696 125 90 40
0.1734319 0.1941934 0.009706627 66 49 23
0.1611361 0.09172936 0.2392269 55 27 3
0.09248499 0.1767744 0.1326639 37 30 25
0.1457665 0.1388634 0.1511075 62 43 29
0.2051958 0.05176836 0.0927028 102 88 72
0.2349105 0.1101734 0.01687913 62 42 20
0.05457318 0.1972684 0.1552061 17 14 11
0.1457665 0.2064894 0.01482987 137 114 74
0.1201504 0.1757504 0.03942133 43 36 16
0.09350964 0.1890704 0.03839665 35 24 12
0.07506604 0.1511594 0.07630848 5 4 2
0.195974 0.1685779 0.006632707 138 115 71
0.0832632 0.1419374 0.06196346 3 0 1
0.06072104 0.1941934 0.1828715 133 97 39
0.1129779 0.1470604 0.0506924 26 17 8
0.04125281 0.2003419 0.12959 29 25 21
0.1027314 0.1706274 0.1879947 72 40 24
0.138594 0.2300564 0.001509477 70 53 34
0.09350964 0.1224684 0.06401276 27 23 15
-0.01510261 0.1583314 0.04966773 15 8 4
0.1857276 0.1009514 0.02917486 115 98 71
0.06174567 0.1931694 0.1234421 38 31 23
0.05867174 0.1532084 0.06093883 2 0 1
0.1929001 0.1747264 0.006632707 145 123 85
0.2328612 0.003610357 0.1500828 198 189 176
0.1939247 0.1829234 -0.006687673 92 77 53
0.1775304 0.06201536 0.1818468 70 42 22
0.1314215 0.007709357 0.2136108 24 13 11
0.152939 0.1224684 0.2177094 117 85 40
0.1078547 0.2218594 0.01995307 61 32 13
0.05149925 0.2157114 0.0179038 81 68 47
0.2236394 0.06918736 0.06811133 20 10 6
0.08223855 0.1573064 0.08757957 35 17 4
0.2113437 0.1255424 0.01073128 116 97 64
0.00743955 0.2198104 0.2341037 53 48 44
0.2410584 0.04459636 0.1019246 85 67 42
0.1047807 0.1644794 0.1244667 84 54 25
0.1560129 0.1286174 0.1541814 72 50 37
0.02998171 0.1696024 0.06811133 14 8 3
0.1611361 0.1234939 0.1808222 47 34 30
0.00539027 0.1777999 0.06811133 0 0 0
0.167284 0.08250736 0.2238572 69 56 41
0.05969639 0.1962434 0.1470089 47 40 36
0.1508897 0.1193954 0.112171 139 107 41
0.00539027 0.2198104 0.2494733 39 36 35
0.08018927 0.2167364 0.02200236 39 28 15
0.1232243 0.1603814 0.04454453 51 42 27
0.05764711 0.1982924 0.204389 158 122 42
0.1324461 0.2321064 0.0004848474 104 73 35
0.1365447 0.1439864 0.1367625 78 52 26
0.06891818 0.1829234 0.1101217 50 32 19
0.06072104 0.1450104 0.06401276 11 7 3
0.1621608 0.1193954 0.15828 129 97 43
0.01051348 0.1665284 0.06606206 6 2 1
0.07301676 0.1900954 0.1367625 24 20 18
0.0002670403 0.1941934 0.08553028 25 22 17
0.1140025 0.1460359 0.09885066 117 77 18
0.1078547 0.1419374 0.09167813 39 19 5
0.1293722 0.2218594 0.01380521 136 103 42
0.2195408 -0.001512643 0.1398364 151 134 114
0.08838642 0.1675534 0.04659381 89 57 31
0.08121391 0.1675534 0.097826 100 68 16
0.1969987 0.1275914 0.023027 94 72 47
0.1498651 0.1368134 0.1593046 68 55 50
0.05457318 0.1911199 0.03942133 18 10 4
0.2369598 0.02820136 0.1183189 147 135 110
0.1908508 0.09787736 0.03532273 145 122 89
-0.00588082 0.2198104 0.1992657 40 34 30
0.05252388 0.1818974 0.0927028 20 11 5
0.01461206 0.2157114 -0.0005398126 24 15 7
0.01973527 0.2126374 0.1951672 103 70 35
0.0832632 0.1480854 0.0599142 5 5 2
0.1621608 0.08045836 0.2351283 27 20 15
0.1416679 0.02307836 0.1695511 36 16 11
-0.00178224 0.2023914 0.001509477 56 45 33
0.1344954 0.03025136 0.03737203 28 23 20
0.1498651 0.1409124 0.1767236 44 33 28
0.1099039 0.1685779 0.1716004 19 13 10
0.02588314 0.2126374 0.2423008 45 39 35
0.1099039 0.1941934 0.03224879 36 23 6
0.1765058 0.03537436 0.1101217 21 15 13
0.1334708 0.1429624 0.1285653 151 122 52
0.1365447 0.1111984 0.08553028 35 28 17
0.01563671 0.2105884 0.172625 49 41 33
0.1273229 0.004634357 0.1920932 154 134 114
0.1365447 0.1070994 0.08348101 35 25 15
0.01871064 0.2259574 -0.005663013 55 33 13
0.2082698 0.009757357 0.1172942 186 176 161
0.02895707 0.1931694 0.1008999 28 23 19
0.0648196 0.2228839 0.01892843 53 37 17
0.04535137 0.1818974 0.08655493 13 9 5
0.2256887 0.06611336 0.08860421 65 55 46
0.1047807 0.1757504 0.04147058 15 10 4
0.03817887 0.2075144 0.2279557 61 41 26
0.1232243 0.1726764 0.04044595 65 52 34
0.05149925 0.1962434 0.1664771 33 26 21
0.1703579 0.05484236 0.1685264 67 42 24
0.02793243 0.1941934 0.0179038 22 16 9
0.2410584 0.003610357 0.1480335 150 135 114
0.2287626 0.05279336 0.08962887 154 137 108
0.1570376 0.04767036 0.1019246 98 78 54
0.1652347 0.08455736 0.2002904 24 15 16
0.1560129 0.03025136 0.2279557 26 15 13
0.1396186 0.02205336 0.1347132 37 22 17
0.1109286 0.1665284 0.1828715 54 40 32
-0.01715189 0.2259574 0.2433255 33 30 27
0.1017068 0.1716514 0.1838961 67 44 31
0.1642101 0.05381736 0.2064383 34 18 14
0.1560129 0.1644794 0.04249525 85 70 39
0.06379497 0.1941934 0.1429103 39 34 30
0.1713826 0.1040254 0.1429103 168 130 50
0.1109286 0.01488086 0.04147058 16 12 11
0.1713826 0.09992636 0.1490582 164 130 50
0.07609069 0.1757504 0.1070478 89 58 23
0.1888015 0.1542324 0.02200236 88 73 46
0.1570376 0.1337404 0.1787729 74 57 47
0.0904357 0.2392784 0.004583407 163 134 63
0.1047807 0.1337404 0.08245635 9 7 5
0.1713826 0.05074336 0.1500828 117 82 34
0.124249 0.1552579 0.1859454 36 29 26
0.1826537 0.07431136 0.1470089 132 105 46
0.1642101 0.06713836 0.201315 54 33 24
0.1375693 0.1450104 0.1920932 36 26 20
0.1652347 0.08865536 0.2002904 41 27 25
0.1703579 0.01488086 0.04351988 18 13 10
0.1539636 0.1265674 0.1992657 25 18 15
-0.00178224 0.2187854 0.1982411 52 45 39
0.1775304 0.08148336 0.1275407 143 111 48
0.1949494 0.1614054 0.01073128 83 63 35
0.2379844 0.05484236 0.02200236 91 75 50
0.1058054 0.2269824 0.01892843 154 120 43
0.1580622 0.1439864 0.03839665 46 40 28
0.2031465 -0.001512643 0.1306146 194 184 174
0.1703579 0.1040254 0.1459843 156 124 50
0.1683086 0.04971936 0.172625 60 39 26
-0.00485617 0.1921454 0.02097773 23 18 15
0.1929001 0.1265674 0.02610093 115 95 66
0.1191257 0.1593554 0.2197586 157 122 44
0.124249 0.1552579 0.04556918 85 70 52
0.09350964 0.1357894 0.0558156 16 12 4
0.1580622 0.03742336 0.2463994 56 29 11
0.09760821 0.1634544 0.1060232 122 90 30
0.1683086 0.1019764 0.1234421 153 118 40
0.0668689 0.1562824 0.07938241 4 3 2
0.2082698 0.1357894 0.009706627 35 23 11
0.1621608 0.1173454 0.1347132 137 110 53
0.1037561 0.1716514 0.2125861 155 119 40
0.1478158 0.1624304 0.03839665 71 52 31
0.1775304 0.1388634 0.03634738 88 68 39
0.04227744 0.1839474 0.08962887 11 7 4
0.1519143 0.09685336 0.08860421 34 26 17
0.1611361 0.2157114 0.0004848474 111 86 44
0.1662594 0.09992636 0.1849207 52 38 29
0.00231634 0.2198104 0.2197586 54 49 45
0.01768599 0.2075144 0.1480335 19 17 13
0.152939 0.1706274 0.04556918 124 105 72
0.08121391 0.2444014 -0.009761613 86 61 37
0.2031465 0.002585357 0.1244667 167 155 138
0.1754811 0.06816236 0.03942133 97 80 52
0.05559781 0.1880464 0.04044595 23 15 8
0.1437172 0.1368134 0.2402515 160 125 50
0.2400337 0.06201536 0.08245635 190 171 138
0.05867174 0.2054654 0.02610093 31 16 3
0.1570376 0.09787736 0.0998753 43 29 19
0.02793243 0.1644794 0.0599142 5 5 5
0.242083 0.1204194 0.01380521 93 74 48
0.08531248 0.1460359 0.07323455 27 13 9
0.07301676 0.1921454 0.2125861 161 125 43
0.00539027 0.2095644 0.1326639 20 16 12
0.0904357 0.2433764 -0.004638373 187 160 90
0.02280921 0.2136619 0.2453747 35 31 28
0.00743955 0.1696024 0.03942133 9 5 1
0.05354853 0.1849724 0.1019246 33 25 18
0.167284 0.04767036 0.1500828 94 62 40
0.1806044 0.05586736 0.1029492 13 6 2
0.1949494 0.1060754 0.0250763 88 72 47
0.1129779 0.006684357 0.07938241 24 19 16
0.1365447 0.1429624 0.1357378 132 100 43
0.2799948 0.05074336 0.09475207 192 182 169
0.3086849 -0.002537643 0.004583407 77 40 5
0.3015123 0.02512836 0.1049985 193 182 166
0.2779455 0.08250736 -0.0005398126 27 18 6
0.273847 0.07738436 0.05684027 86 65 38
0.2830688 0.04971936 0.005608047 28 21 15
0.2717977 0.09890236 0.03634738 135 105 69
0.2513048 0.08353236 0.0578649 147 125 91
0.270773 0.02615236 0.1172942 164 150 125
0.316882 0.007709357 0.01278057 104 64 16
0.3220052 0.004634357 0.02815023 176 135 55
0.2779455 0.1081234 0.006632707 27 18 11
0.2994631 0.02820136 0.07323455 31 23 18
0.2769209 0.09172936 0.01073128 47 31 13
0.2676991 0.1163214 0.0250763 77 52 30
0.3066356 0.01488086 0.1275407 220 217 211
0.256428 0.1255424 0.01482987 93 65 40
0.2912659 0.03742336 0.1111464 145 124 96
0.2769209 0.01488086 0.1019246 33 18 2
0.3250792 0.007709357 0.1418857 114 75 39
0.2533541 0.1347644 0.004583407 81 51 26
0.2513048 0.09992636 -0.003613743 188 171 138
0.3476213 0.01078336 0.0004848474 127 81 26
0.2789702 0.09377936 0.01995307 67 44 31
0.2666745 0.06303936 0.07425919 95 71 44
0.3004877 0.02820136 0.07016063 66 42 23
0.2830688 0.04357136 0.01995307 40 27 18
0.2584773 0.1542324 -0.007712313 75 48 26
0.2922906 0.01180736 0.02200236 49 21 5
0.2728223 0.03947236 0.0927028 134 117 85
0.2676991 0.08455736 -0.005663013 85 67 46
0.3004877 0.04254736 0.08962887 89 71 52
0.2789702 0.07123636 0.002534127 22 14 10
0.2656498 0.04767036 0.08757957 123 108 84
0.2728223 0.09275436 0.04351988 155 133 99
0.2769209 0.09480336 0.003558777 41 30 16
0.2984384 0.03947236 0.06811133 16 13 11
0.2676991 0.1122224 0.02610093 84 51 28
0.2871673 0.07533536 0.06196346 57 34 15
0.2933152 0.005659357 0.03942133 108 91 70
0.288192 -0.002537643 -0.001564453 22 7 0
0.3056109 0.001560857 0.03019953 118 91 50
0.2676991 0.1368134 0.001509477 115 79 42
0.2728223 0.1081234 0.01380521 112 84 59
0.2472062 0.1532084 -0.004638373 82 53 32
0.2697484 0.01590636 0.1480335 217 217 213
0.3322517 0.01078336 0.006632707 106 56 11
0.2543787 0.1450104 0.0004848474 82 46 18
0.2584773 0.1593554 -0.01078624 83 50 22
0.2799948 0.1019764 0.01482987 85 49 18
0.2799948 0.06508936 0.08040708 163 150 140
0.2810195 0.09377936 0.04147058 80 51 25
0.2574527 0.009757357 0.1429103 169 152 124
0.2523294 0.008733357 0.1172942 157 137 111
0.2492555 0.02000536 0.1275407 88 72 57
0.2810195 0.05894036 0.07220993 72 50 31
0.316882 0.0005363568 0.1377871 97 71 41
0.2963891 -0.002537643 0.008681977 65 33 5
0.2820441 0.03025136 0.01278057 11 0 1
0.2482309 0.005659357 0.1275407 164 151 121
0.2615512 0.1224684 -0.01078624 34 16 2
0.3015123 0.05484236 0.09885066 158 134 89
0.2779455 0.1111984 -0.007712313 32 17 7
0.2615512 0.04562036 0.08040708 124 101 65
0.2595019 0.1173454 0.0250763 112 86 60
0.270773 -0.002537643 0.1172942 82 60 37
0.2513048 0.08968036 0.04761847 142 128 109
0.2656498 0.09377936 -0.007712313 82 67 43
0.2615512 0.05791636 -0.009761613 85 70 47
0.2871673 0.07123636 0.06298813 57 34 16
0.3220052 -0.0004886432 0.1623786 228 222 207
0.2461816 0.006684357 0.1449596 197 189 175
0.256428 0.1327154 0.001509477 151 118 69
0.2625759 0.005659357 0.1511075 164 154 139
0.2799948 0.07533536 0.01380521 6 0 0
0.2994631 0.06303936 0.04556918 59 31 13
0.2748716 0.03639836 0.1008999 101 80 55
0.2953645 0.01078336 0.1090971 126 101 78
0.270773 0.006684357 0.1008999 108 87 62
0.2974138 0.07226136 0.07630848 153 117 78
0.3127834 0.04459636 0.07425919 140 108 62
0.2820441 0.04664486 0.06811133 164 145 114
0.2492555 0.1460359 0.001509477 55 30 12
0.2728223 0.07840936 0.05684027 100 80 52
0.2472062 0.003610357 0.1449596 177 167 148
0.2656498 0.1296414 0.005608047 92 47 13
0.2523294 0.1398874 0.004583407 134 105 62
0.2502802 0.009757357 0.1326639 212 200 185
0.2810195 0.05074336 0.02200236 46 27 20
0.2871673 0.08763136 0.04966773 125 96 67
0.3076602 0.001560857 0.08553028 136 127 115
0.2769209 0.08353236 0.05274167 121 91 56
0.2574527 0.1347644 0.0004848474 139 107 66
0.2779455 -0.0004886432 -0.005663013 91 72 49
0.2789702 0.06099036 0.01073128 42 27 20
0.2697484 0.05689236 0.07630848 75 55 31
0.2451569 0.09685336 0.03224879 115 95 70
0.3097095 0.003610357 0.03019953 144 124 82
0.2728223 0.1040254 0.02917486 74 46 26
0.3015123 0.002585357 0.03634738 63 35 9
0.2974138 0.04049736 0.0558156 98 72 47
0.2779455 0.03127536 0.09372743 41 25 10
0.2605266 0.04767036 0.08962887 130 117 100
0.3015123 0.01180736 0.1142203 83 57 33
0.285118 0.05586736 0.08757957 183 168 143
0.2676991 0.06816236 0.07835778 150 136 105
0.2605266 0.01488086 0.1049985 210 202 191
0.3670896 -0.001512643 0.003558777 176 147 83
0.2533541 0.01590636 0.1131957 119 105 85
0.2605266 0.03742336 0.08757957 65 49 30
0.2472062 0.07840936 0.0599142 140 119 90
0.3045863 -0.0004886432 0.07630848 171 151 120
0.288192 0.01385636 0.097826 92 72 47
0.2769209 0.07021236 0.06913599 132 112 78
0.3578678 0.006684357 -0.003613743 194 166 85
0.3056109 0.01385636 0.1408611 210 195 163
0.2574527 0.1398874 -0.0005398126 117 85 53
0.2595019 0.1070994 -0.01078624 41 21 9
0.2543787 0.1193954 0.0179038 151 131 97
0.2728223 0.09070436 0.007657327 117 99 72
0.2605266 0.1327154 -0.002589073 99 59 30
0.2892166 0.01283236 0.1029492 60 42 23
0.3496706 0.001560857 0.02405166 124 79 39
0.2697484 0.1419374 -0.007712313 71 50 24
0.2666745 0.09685336 0.04147058 147 125 91
0.345572 0.008733357 0.01995307 124 78 30
0.2636005 0.01590636 0.1388118 118 105 90
0.288192 0.03127536 0.1090971 196 185 176
0.2584773 0.08763136 0.0506924 155 139 114
0.2615512 0.1286174 0.005608047 125 91 51
0.2554034 0.1480854 -0.003613743 77 49 27
0.2984384 0.03025136 0.1234421 225 215 191
0.3209806 0.01180736 0.1480335 228 225 208
0.3127834 0.007709357 0.01687913 119 82 29
0.2861427 0.05381736 0.09167813 202 195 181
0.2861427 0.09070436 0.04351988 145 115 78
0.3015123 0.007709357 0.0179038 95 55 18
0.2769209 0.08763136 -0.0005398126 30 20 11
0.2717977 0.03947236 0.08245635 77 52 28
0.2799948 0.07021236 0.07425919 129 117 95
0.2799948 0.04049736 0.097826 157 138 108
0.2799948 0.04049736 0.02405166 59 44 31
0.270773 0.05484236 0.06708669 90 52 29
0.2994631 0.03844836 0.07938241 148 124 95
0.2625759 0.1122224 0.03019953 103 77 51
0.2933152 0.05586736 0.08143171 95 74 57
0.3066356 -0.002537643 0.04044595 37 21 11
0.2789702 0.05996536 0.08143171 149 132 103
0.2871673 0.009757357 0.1049985 66 44 26
0.2769209 0.08763136 0.02815023 79 54 33
0.2902413 0.06406336 0.07835778 150 133 107
0.2636005 0.1224684 0.01073128 99 71 44
0.2758963 0.04049736 0.0998753 94 75 52
0.2595019 0.01693036 0.1316393 52 38 27
0.2984384 0.01385636 0.06401276 39 26 13
0.288192 0.02307836 0.09577673 115 98 72
0.2595019 0.05074336 -0.009761613 95 80 57
0.2974138 0.04254736 0.05479097 21 16 13
0.270773 0.1142714 0.01175593 74 43 25
0.2666745 0.1050494 0.03839665 127 97 60
0.270773 0.03537436 0.08143171 130 107 75
0.2717977 0.06611336 0.0004848474 82 57 39
0.2892166 0.07943436 0.06196346 86 59 31
0.2984384 0.02205336 0.1029492 150 137 120
0.2984384 0.01488086 0.1367625 71 50 40
0.3004877 0.03230036 0.07938241 197 176 121
0.2799948 0.02000536 0.1193435 116 96 68
0.2502802 0.01283236 0.1367625 172 159 141
0.2748716 0.05176836 0.07733313 101 79 57
0.2820441 0.06611336 0.03122416 75 49 26
0.2892166 0.03025136 0.1203682 177 168 154
0.3240545 0.003610357 0.0004848474 89 43 2
0.2779455 0.02205336 0.1142203 156 141 111
0.3394242 0.009757357 0.02097773 156 116 49
0.2584773 0.1163214 0.02610093 144 122 87
0.2472062 0.1193954 0.01687913 146 127 100
0.2666745 0.09480336 0.003558777 111 94 67
0.2687237 0.08148336 0.0004848474 111 78 49
0.2902413 0.06611336 0.05479097 88 66 38
0.2717977 0.05894036 0.08450563 124 108 75
0.2492555 0.06406336 0.08245635 175 162 138
0.2605266 0.06406336 0.08553028 168 156 125
0.256428 0.06713836 0.07733313 122 104 78
0.2676991 0.008733357 0.1511075 168 160 144
0.2840934 0.03025136 0.02815023 52 24 2
0.3281531 0.01078336 0.01073128 112 68 17
0.3056109 0.005659357 0.01482987 80 42 11
0.288192 0.02615236 0.1183189 170 158 143
0.3127834 0.02307836 0.1449596 225 222 207
0.2697484 0.01488086 -0.002589073 57 40 23
0.2953645 0.02717636 0.09885066 173 145 105
0.3240545 0.003610357 0.0250763 156 123 59
0.2984384 0.05791636 0.06196346 47 28 13
0.3015123 0.008733357 0.0998753 169 150 125
0.2574527 0.1716514 -0.01181087 90 43 13
0.2861427 0.01283236 0.1254914 177 164 139
0.2728223 0.06303936 0.08143171 154 134 101
0.2799948 0.05279336 0.08553028 145 114 75
0.2676991 0.01078336 0.1101217 185 173 141
0.2584773 0.01795536 0.1418857 208 197 188
0.2636005 0.1296414 0.008681977 105 65 30
0.3670896 -0.002537643 -0.009761613 136 101 45
0.3588924 0.004634357 0.007657327 145 107 48
0.273847 0.1327154 -0.005663013 85 67 47
0.2830688 0.03332536 0.0250763 147 134 118
0.2584773 0.09480336 0.04659381 118 96 70
0.2625759 0.1204194 0.01687913 78 53 31
0.3435227 0.007709357 0.02200236 132 90 36
0.2625759 0.09890236 0.04147058 93 62 41
0.2953645 0.006684357 0.03224879 80 56 32
0.2728223 0.08148336 0.0506924 88 70 44
0.2533541 0.09480336 0.04147058 157 141 116
0.2574527 0.09480336 0.04454453 121 95 59
0.2513048 0.1378384 0.001509477 77 48 23
0.2994631 -0.002537643 0.0506924 33 14 7
0.2584773 0.1388634 -0.004638373 85 41 13
0.3179066 0.005659357 0.02917486 147 105 36
0.2943398 0.07123636 0.08143171 161 122 85
0.2646252 0.1193954 0.002534127 91 55 28
0.3107341 0.02615236 0.1049985 143 133 121
0.2472062 0.008733357 0.1408611 183 172 154
0.2605266 0.08660636 -0.01078624 151 135 101
0.3445474 0.01180736 0.005608047 134 86 33
0.2543787 0.004634357 0.12959 98 77 57
0.07609069 0.1685779 0.3478391 147 111 49
0.1549883 0.09480336 0.2843112 163 134 74
0.04125281 0.1019764 0.4902646 66 53 41
-0.01715189 0.1921454 0.4451803 137 97 40
0.1088793 0.1101734 0.3939481 147 114 49
0.00231634 0.1941934 0.4134163 102 65 28
0.1344954 0.06406336 0.3457898 44 31 20
0.07404141 0.1859964 0.2832866 26 23 22
0.09555893 0.1419374 0.3703813 151 114 43
0.1344954 0.07328536 0.3468144 49 38 29
0.1498651 0.07943436 0.3130012 99 83 58
0.07711534 0.1644794 0.3796031 149 115 50
-0.00895475 0.1562824 0.4923139 42 30 24
0.00743955 0.1839474 0.4390324 136 97 46
0.1447418 0.08250736 0.3160751 37 29 26
0.1283475 0.1368134 0.3089027 41 31 21
0.08531248 0.08558136 0.4369832 18 13 11
0.13552 0.04357136 0.3211984 46 32 25
0.04944995 0.1900954 0.3273463 141 104 38
0.03510494 0.1491094 0.4605499 121 85 36
0.08633713 0.1603814 0.3498884 153 117 47
0.05252388 0.1941934 0.2925083 25 22 20
0.13552 0.04767036 0.322223 36 24 21
0.05457318 0.1849724 0.3529623 158 122 52
0.1129779 0.03434936 0.365258 57 47 46
0.1047807 0.1255424 0.3755045 158 123 53
0.00539027 0.2075144 0.3847263 27 23 21
0.1324461 0.09787736 0.3478391 60 50 42
-0.01715189 0.2198104 0.2884098 101 67 28
0.01973527 0.03639836 0.5015357 157 123 76
0.04432674 0.1931694 0.3252969 156 119 48
0.09248499 0.1706274 0.2945576 41 35 32
0.1252736 0.07840936 0.3775538 48 37 29
0.03305565 0.1347644 0.4800182 114 81 40
0.1396186 0.07738436 0.3273463 34 28 27
0.1426925 0.02307836 0.290459 59 40 26
0.01358741 0.01488086 0.4748949 102 66 37
0.124249 0.02307836 0.3263216 51 36 28
0.0002670403 0.03025136 0.5066589 144 106 63
0.1273229 0.1111984 0.3406666 46 37 31
0.05354853 0.1450104 0.4421064 121 88 43
-0.00895475 0.1060754 0.5117822 39 25 15
0.1078547 0.02820136 0.3806277 43 32 27
0.1406433 0.07635936 0.3263216 24 19 18
0.1129779 0.03537436 0.3570609 55 44 42
0.1406433 0.09172936 0.3324694 121 109 98
0.09453428 0.01488086 0.3816523 30 18 12
0.1150272 0.08968036 0.3959974 83 54 21
0.1181011 0.1183704 0.350913 115 87 54
0.1621608 0.07738436 0.2545965 131 96 42
0.0904357 0.09377936 0.4328846 53 46 39
0.05867174 0.05176836 0.4625992 33 23 20
0.01973527 0.2064894 0.3498884 145 107 44
0.04944995 0.05074336 0.4728457 47 33 21
0.1150272 0.04664486 0.3847263 38 29 23
0.1324461 0.06201536 0.3478391 77 55 36
0.1252736 0.05791636 0.3591102 35 30 26
0.1344954 0.09172936 0.3468144 135 124 111
0.1170765 0.1347644 0.3283709 34 26 20
0.09248499 0.01590636 0.3857509 79 61 44
0.01768599 0.1429624 0.4851414 64 51 40
0.00334097 0.09685336 0.5076836 53 41 25
0.1150272 0.09992636 0.3929235 147 116 57
-0.00690547 0.1931694 0.4328846 138 100 48
0.05662246 0.1737014 0.3878002 69 54 40
0.1601115 0.03434936 0.2709908 60 42 27
0.1170765 0.01078336 0.3283709 59 40 18
0.01051348 0.1890704 0.4164902 87 54 21
-0.00895475 0.1962434 0.4277613 139 103 53
0.04125281 0.04049736 0.4697717 85 51 23
0.07301676 0.1818974 0.2986562 38 32 29
0.01153813 0.04971936 0.5097328 150 108 52
0.08941106 0.1347644 0.4041945 137 105 54
0.1160518 0.1070994 0.3796031 137 104 45
0.1621608 0.04562036 0.2689415 80 53 26
0.02588314 0.2044404 0.3345187 160 123 54
0.07711534 0.1542324 0.4021453 68 48 29
-0.01612726 0.2157114 0.3847263 63 53 49
0.05354853 0.08660636 0.4810428 37 27 20
0.1109286 0.03230036 0.3724305 27 20 17
-0.01100403 0.01590636 0.486166 113 77 44
0.1088793 0.05484236 0.4072685 35 27 22
0.1181011 0.03742336 0.3478391 33 23 21
0.01666134 0.02307836 0.4759196 55 31 6
0.02280921 0.2075144 0.3058287 121 83 34
0.1303968 0.1286174 0.3160751 42 35 31
-0.01202868 0.1388634 0.5046096 71 53 38
0.0996575 0.01795536 0.3775538 50 37 31
0.05867174 0.004634357 0.4421064 115 85 44
0.1047807 0.05996536 0.414441 42 37 31
0.08838642 0.09992636 0.4359585 36 30 25
0.1150272 0.1234939 0.3478391 67 50 37
0.03715423 0.05074336 0.4830921 57 32 15
0.1549883 0.02922636 0.2781633 45 28 15
0.05969639 0.008733357 0.4462049 153 125 81
0.1406433 0.07943436 0.3406666 78 68 58
0.08223855 0.1777999 0.2966069 29 24 20
0.0832632 0.1757504 0.3007055 31 25 22
0.1099039 0.1030004 0.4031699 151 113 45
0.0832632 0.1306664 0.4195642 50 42 37
0.06891818 0.1511594 0.4195642 42 33 26
0.09555893 0.1614054 0.3160751 74 63 53
0.01051348 0.1798494 0.443131 133 93 42
0.07506604 0.1060754 0.4513281 61 51 39
0.1621608 0.07533536 0.2658676 152 119 53
0.1621608 0.07635936 0.2586951 157 121 60
-0.01407796 0.1890704 0.4503035 102 65 20
0.1088793 0.04357136 0.4021453 31 23 17
0.1140025 0.1070994 0.382677 154 122 61
0.1232243 0.1368134 0.3160751 47 36 29
0.07096748 -0.001512643 0.3878002 52 34 16
0.01768599 0.07021236 0.500511 94 64 25
0.02280921 0.09582736 0.4994864 45 34 25
0.1037561 0.1429624 0.336568 74 52 32
0.05457318 0.1009514 0.4769443 80 55 36
0.09760821 0.02307836 0.3908741 41 30 25
-0.01715189 0.1337404 0.5087082 61 43 27
0.03305565 0.2034154 0.3027548 136 94 38
0.08428784 0.007709357 0.3908741 93 69 42
0.032031 0.1593554 0.4503035 126 94 46
0.06174567 0.01693036 0.4482542 148 109 57
0.01973527 0.1972684 0.3918988 37 31 28
0.0668689 0.1624304 0.4011206 56 44 35
0.05764711 0.07533536 0.4769443 60 43 25
0.00948883 0.07738436 0.5056343 93 64 36
0.032031 0.2095644 0.2607444 31 29 28
0.03817887 0.09172936 0.4912892 68 52 35
0.1396186 0.07021236 0.322223 31 25 23
0.05867174 0.1532084 0.4277613 55 43 38
0.1109286 0.04767036 0.4021453 47 35 24
0.07096748 0.07226136 0.4513281 35 29 25
0.02075992 0.1419374 0.4830921 68 52 38
0.1252736 0.04971936 0.3550116 29 19 16
0.0832632 0.1788244 0.2894344 42 36 32
0.0668689 0.009757357 0.4318599 139 113 73
0.1058054 0.01693036 0.3427159 35 21 15
0.1160518 0.03127536 0.3427159 45 30 26
0.01051348 0.001560857 0.4769443 107 70 34
0.02075992 0.2075144 0.3334941 151 113 44
0.09146035 0.09377936 0.4359585 42 33 23
0.1293722 0.05381736 0.3519377 54 43 40
0.124249 0.01693036 0.3160751 35 22 15
-0.00383154 0.1255424 0.5056343 54 37 24
0.08838642 0.1675534 0.3140259 47 34 23
0.1109286 0.1644794 0.2638183 162 122 61
0.01666134 0.1911199 0.4072685 35 24 20
-0.01510261 0.1378384 0.5066589 70 53 38
0.1314215 0.007709357 0.2781633 82 66 50
0.1017068 0.1142714 0.4093177 124 87 28
0.04227744 0.2034154 0.2709908 25 24 25
0.02895707 0.2105884 0.2689415 37 34 33
0.0084642 0.1900954 0.4185395 89 55 20
0.1467911 0.1265674 0.264843 167 133 56
0.1344954 0.1450104 0.2607444 145 107 33
0.10683 0.1316904 0.3498884 114 82 41
0.05457318 0.1859964 0.3427159 146 108 40
0.08633713 0.1808734 0.2689415 60 47 38
0.1273229 0.1019764 0.3529623 64 51 37
0.1437172 0.03537436 0.3089027 59 43 33
0.07916462 0.07431136 0.4380078 45 36 28
0.1017068 0.1296414 0.3775538 160 125 54
0.07404141 0.06816236 0.4482542 26 22 20
0.09658357 0.008733357 0.3519377 33 19 15
0.04125281 0.1952184 0.3232477 151 114 50
0.0084642 0.1890704 0.4205888 121 83 39
0.02793243 0.1716514 0.4298106 114 77 33
0.138594 0.1255424 0.290459 163 133 74
0.1088793 0.1183704 0.3785784 165 129 55
0.08428784 0.1675534 0.322223 58 34 17
0.00641491 0.1480854 0.48924 41 30 21
0.05149925 0.1132464 0.4738703 127 94 45
0.1006821 0.03947236 0.4103424 54 43 33
0.02588314 -0.0004886432 0.471821 75 51 30
0.04637602 0.1214444 0.4748949 128 94 50
0.1447418 0.03230036 0.3007055 63 45 28
0.1221997 0.001560857 0.2802126 72 55 34
0.1017068 0.1224684 0.3918988 144 110 42
0.1334708 0.05176836 0.3386173 45 31 27
0.1549883 0.02615236 0.2720154 80 61 42
0.04637602 0.2013664 0.2771387 24 22 22
0.09248499 0.1491094 0.3611595 150 114 44
0.1488404 0.03947236 0.3017301 80 61 42
0.1590868 0.03947236 0.2802126 55 37 21
0.07609069 0.002585357 0.3785784 72 55 37
0.01153813 0.2105884 0.3437405 136 96 28
0.1601115 0.08660636 0.2576704 158 120 49
0.1416679 0.02512836 0.2966069 104 84 57
0.03715423 0.1573064 0.4482542 149 112 57
-0.01612726 0.1593554 0.4933385 41 26 19
0.06174567 0.1798494 0.350913 150 113 44
0.1365447 0.009757357 0.2720154 107 87 62
0.1181011 0.1511594 0.2976315 106 74 36
0.1324461 0.04664486 0.3416912 44 23 15
0.05457318 0.03127536 0.457476 45 29 13
0.1150272 0.1583314 0.2832866 68 48 35
0.07916462 0.1152964 0.4400571 71 61 54
0.1314215 0.1398874 0.2853358 124 94 47
-0.01407796 0.2228839 0.2638183 44 39 34
0.09555893 0.02922636 0.4052192 36 28 23
-0.01612726 0.2116134 0.3918988 47 33 26
0.01051348 0.2105884 0.3447652 141 101 39
0.09453428 0.09275436 0.4298106 60 51 44
0.05764711 0.1962434 0.2720154 58 53 50
0.0668689 0.1808734 0.3150505 61 36 16
0.07199211 0.01488086 0.428786 121 104 67
0.01051348 0.01283236 0.4759196 108 75 37
0.04637602 0.1501344 0.4472295 139 102 47
0.02075992 0.1091484 0.4994864 38 30 26
0.07711534 0.1337404 0.4298106 50 40 35
0.01256276 0.2116134 0.293533 72 49 29
0.02588314 0.1952184 0.3857509 21 19 16
0.1467911 0.1091484 0.2955823 148 116 63
0.01461206 0.2075144 0.3601348 121 87 42
0.1017068 0.1193954 0.4000959 155 121 52
0.1140025 0.07226136 0.4011206 56 43 34
0.1006821 0.03639836 0.4041945 41 32 24
0.1344954 0.02512836 0.3058287 41 25 19
0.08941106 -0.002537643 0.3529623 29 15 11
0.1140025 -0.002537643 0.3252969 107 84 58
0.1262982 0.05381736 0.3560362 32 22 19
0.01973527 0.02615236 0.4800182 93 54 25
0.04637602 0.1470604 0.4513281 121 87 38
0.1611361 0.08250736 0.2597197 147 113 45
0.03612958 0.2075144 0.2658676 38 35 34
0.04944995 0.1111984 0.4769443 113 80 38
0.124249 0.01078336 0.3058287 64 46 29
0.07404141 0.1624304 0.3888249 141 107 48
0.1232243 0.07533536 0.3878002 47 37 30
0.05252388 0.1993174 0.2638183 15 13 13
0.1611361 0.03537436 0.2750894 82 65 45
-0.00588082 0.2177604 0.307878 119 80 19
0.04330209 0.05689236 0.4820675 40 27 18
0.01358741 0.1419374 0.48924 72 60 46
0.124249 0.006684357 0.2986562 91 67 40
0.01973527 0.2146874 0.2566458 14 14 14
0.07813997 0.1655044 0.3621841 145 108 38
0.0504746 0.1603814 0.4246874 42 31 26
0.04740067 0.1911199 0.3519377 170 135 62
0.1160518 0.07021236 0.4041945 55 42 31
0.08633713 0.1327154 0.4134163 52 41 31
0.03715423 0.03742336 0.4728457 95 60 28
0.03510494 0.1911199 0.3806277 103 86 66
0.04637602 0.09480336 0.4871906 103 85 62
0.07711534 0.03434936 0.4369832 98 69 38
-0.00588082 0.1357894 0.503585 68 48 30
0.01768599 0.1655044 0.4564513 128 91 39
0.1601115 0.08250736 0.2679169 154 121 53
0.08223855 0.1122224 0.4380078 50 42 38
0.00334097 0.1921454 0.4195642 116 75 34
0.06379497 0.1941934 0.2576704 38 31 26
0.0996575 0.1009514 0.425712 62 52 46
0.08018927 0.1747264 0.3068533 69 57 46
0.1181011 0.1122224 0.3601348 93 63 31
0.1088793 0.09070436 0.4103424 98 70 30
-0.00178224 0.1562824 0.4882153 37 27 22
0.07916462 0.1655044 0.3550116 145 108 43
0.1447418 0.02205336 0.2843112 38 24 18
0.04125281 0.07431136 0.48924 42 29 22
0.1426925 0.1142714 0.2966069 115 86 47
0.07096748 0.02205336 0.4349338 141 115 78
0.124249 0.0005363568 0.2638183 50 33 21
0.00743955 0.2095644 0.365258 57 45 33
0.02690778 0.05176836 0.4933385 119 81 43
0.06789355 0.1788244 0.3201737 119 80 29
0.08428784 0.1829234 0.2689415 43 35 28
0.1181011 0.1583314 0.2627936 118 85 41
0.08838642 0.1193954 0.4246874 44 36 31
0.1017068 0.1255424 0.3847263 161 124 53
0.04535137 0.1060754 0.48924 92 75 52
0.05149925 0.1081234 0.4769443 119 87 48
0.01256276 0.2126374 0.279188 25 21 18
0.03100636 0.1808734 0.411367 39 31 28
-0.01715189 0.03127536 0.5117822 114 62 23
0.1191257 0.06201536 0.3857509 42 34 28
0.07813997 0.08660636 0.4472295 55 40 31
0.07609069 0.07533536 0.4441556 37 28 21
0.1549883 0.06406336 0.2986562 111 81 48
0.01256276 0.1706274 0.4564513 123 87 38
0.10683 0.1685779 0.2556212 169 136 68
0.01153813 0.2116134 0.3355434 158 120 47
0.1283475 0.1081234 0.3416912 21 16 15
0.1570376 0.09685336 0.2658676 171 137 54
0.124249 0.001560857 0.2679169 30 20 17
0.13552 0.03230036 0.3160751 55 37 24
0.1621608 0.07738436 0.2504979 77 45 18
0.0504746 0.04869436 0.4697717 42 29 21
0.1621608 0.07840936 0.2586951 146 111 47
0.05867174 0.1439864 0.4359585 88 61 30
0.03408029 0.08353236 0.4923139 51 36 26
0.01256276 0.05586736 0.5076836 143 97 40
0.02690778 0.05689236 0.4933385 112 80 45
0.01563671 0.1419374 0.4871906 45 36 28
0.1027314 0.1378384 0.3488638 171 137 67
0.1027314 0.1706274 0.2566458 139 103 46
0.07199211 0.1716514 0.3570609 151 114 44
0.1334708 0.1009514 0.336568 32 25 22
0.1088793 0.1286174 0.3529623 134 101 47
0.1365447 0.1030004 0.3283709 53 46 42
0.05149925 0.08045836 0.4841167 55 40 28
0.1601115 0.09480336 0.2545965 130 99 49
0.02793243 0.1614054 0.4523528 122 86 36
0.09350964 0.02717636 0.4031699 35 26 21
0.1539636 0.07943436 0.2996809 100 78 56
-0.0007575897 0.02205336 0.4943632 142 103 56
0.1006821 0.1665284 0.2863605 34 27 26
0.1590868 0.04767036 0.279188 105 80 54
0.08941106 0.1593554 0.336568 111 69 21
0.1037561 0.02307836 0.3714059 35 24 20
0.0504746 0.1993174 0.2812372 47 43 39
0.1047807 0.08865536 0.4195642 61 46 29
0.04432674 0.08045836 0.4882153 36 27 18
0.07301676 0.1573064 0.4031699 81 65 44
0.1457665 0.1265674 0.2699662 164 130 51
0.06994283 0.08660636 0.457476 45 38 32
0.1437172 0.02205336 0.2863605 47 33 19
0.02383385 0.07328536 0.4974371 92 67 41
0.07506604 0.1255424 0.4369832 44 36 30
-0.01407796 0.1716514 0.4779689 22 13 7
0.09453428 0.06713836 0.4267367 51 45 40
0.1519143 0.09070436 0.3048041 127 111 85
0.1232243 0.09890236 0.3693566 77 48 23
0.01666134 0.1839474 0.4195642 113 78 37
0.1006821 0.1070994 0.4236628 81 61 40
0.05969639 0.06201536 0.4687471 52 40 30
0.1447418 0.1245184 0.279188 149 115 43
0.1283475 0.05176836 0.3457898 39 28 25
0.05457318 0.04254736 0.4605499 50 32 20
0.00641491 0.09172936 0.5066589 41 26 12
0.06174567 0.1521834 0.425712 35 27 25
0.09863286 0.1132464 0.4185395 84 67 48
0.00641491 0.06816236 0.5076836 77 44 15
0.1047807 0.02717636 0.3878002 41 29 23
-0.0079301 -0.002537643 0.4687471 97 52 15
0.04125281 0.1859964 0.3837017 77 59 43
0.08633713 0.04562036 0.4318599 44 34 29
0.0832632 0.1573064 0.3755045 155 119 50
-0.0099794 0.2208344 0.2720154 40 31 26
0.1457665 0.02205336 0.2925083 42 28 18
-0.01202868 0.01283236 0.4830921 161 132 108
0.00743955 0.1573064 0.4789935 59 47 35
-0.00178224 0.1214444 0.5056343 52 37 22
0.1027314 0.09685336 0.4226381 61 53 46
0.09350964 0.1757504 0.2689415 44 34 27
0.0504746 0.1818974 0.3806277 113 88 57
0.1262982 0.1521834 0.2535719 165 128 45
0.1160518 0.04664486 0.3785784 33 29 24
0.1017068 0.06303936 0.4175149 45 35 28
0.1283475 0.1460359 0.2853358 96 74 48
-0.01305333 0.1327154 0.5066589 59 45 35
0.13552 0.06713836 0.3324694 39 31 28
0.09555893 0.1327154 0.3929235 155 120 48
0.1631854 0.04767036 0.2781633 91 69 44
0.02075992 0.1122224 0.4994864 47 33 26
0.02793243 0.1593554 0.4564513 124 87 35
0.07609069 0.02410286 0.4277613 100 76 46
0.00334097 0.2054654 0.3939481 40 34 30
0.032031 0.1111984 0.4912892 55 43 35
-0.00383154 0.2177604 0.3273463 151 114 47
0.04330209 0.06816236 0.4871906 36 26 18
0.00641491 0.08660636 0.5076836 48 31 16
0.04740067 0.1347644 0.4646485 123 88 37
0.02895707 0.04562036 0.4923139 153 117 72
0.05457318 0.06406336 0.4759196 79 58 33
0.04637602 0.1255424 0.4728457 110 74 22
0.00436562 0.1419374 0.4943632 62 47 44
0.08838642 0.1532084 0.3642334 150 113 45
0.08838642 0.1798494 0.2597197 53 35 23
-0.0099794 0.2167364 0.3632088 32 25 18
0.121175 0.09685336 0.3775538 103 75 48
0.1611361 0.05074336 0.2740648 87 48 13
0.1201504 0.1480854 0.3017301 133 96 51
0.1232243 0.04971936 0.3591102 34 26 21
0.1611361 0.07943436 0.2689415 162 128 54
0.02998171 0.02717636 0.4707964 98 66 37
0.1047807 0.1296414 0.3642334 134 97 30
0.07404141 0.1706274 0.353987 146 108 43
0.0668689 0.1767744 0.3355434 147 111 46
0.0832632 0.1491094 0.397022 131 99 50
-0.00588082 0.1296414 0.5046096 59 44 32
0.03920351 0.1429624 0.4656731 122 85 33
0.00641491 0.02000536 0.4851414 133 110 83
-0.00895475 0.2228839 0.264843 85 78 68
0.121175 0.01180736 0.322223 49 33 23
0.1078547 0.1152964 0.4031699 184 150 88
0.08531248 0.03332536 0.4216134 19 13 15
0.1181011 0.1173454 0.350913 26 21 16
-0.0007575897 0.2116134 0.3775538 48 42 38
0.05969639 0.1388634 0.4390324 99 71 38
0.01563671 0.1060754 0.5046096 61 37 16
0.1027314 0.1060754 0.4216134 126 91 44
0.03612958 0.1870224 0.3888249 42 33 25
0.1037561 0.1593554 0.3089027 54 33 19
0.03715423 0.1675534 0.425712 112 80 42
-0.0099794 0.2177604 0.3529623 99 82 56
0.1314215 0.04254736 0.3263216 57 42 34
0.1365447 0.08558136 0.3478391 144 133 119
0.03305565 0.1265674 0.4830921 79 57 39
0.1201504 0.1573064 0.2586951 147 112 46
0.01973527 0.05689236 0.5015357 122 81 35
0.01358741 0.2095644 0.3109519 149 107 49
0.00231634 0.01283236 0.4779689 102 57 19
0.05867174 0.1306664 0.4492789 128 94 47
0.124249 0.06201536 0.3642334 31 25 23
0.1047807 0.02410286 0.3796031 38 25 21
0.03920351 0.1962434 0.3519377 147 109 40
0.07199211 0.08455736 0.4523528 41 35 31
-0.01100403 0.1993174 0.4216134 137 99 50
0.1150272 0.03127536 0.3447652 31 21 16
0.02588314 0.2064894 0.3048041 118 79 31
0.08531248 0.1368134 0.4093177 66 52 39
0.08941106 0.08353236 0.4328846 46 37 27
0.06584425 0.1849724 0.3017301 27 21 18
0.00641491 0.2126374 0.3007055 119 84 44
0.08018927 0.1624304 0.3703813 153 116 44
0.05149925 0.1296414 0.4625992 127 92 42
0.1324461 0.1460359 0.261769 155 119 45
0.04330209 0.1829234 0.3888249 83 74 65
0.1181011 0.06303936 0.3959974 47 36 22
0.08121391 0.04869436 0.4390324 97 75 49
0.1437172 0.01385636 0.2545965 59 40 25
0.0832632 0.1624304 0.350913 136 98 27
0.1129779 0.03639836 0.3744799 39 30 25
0.01666134 0.2085384 0.336568 146 110 41
-0.00383154 0.1993174 0.4082931 102 69 36
0.02075992 0.2044404 0.3591102 135 97 38
0.1170765 0.1306664 0.3334941 51 40 29
0.1037561 0.1337404 0.3570609 151 115 48
0.04330209 0.1009514 0.4871906 48 36 28
0.1099039 0.06713836 0.4093177 41 30 26
-0.01100403 0.1511594 0.4964124 40 20 10
0.07813997 0.1450104 0.414441 53 40 29
0.1416679 0.1327154 0.2720154 158 122 45
0.1365447 0.1429624 0.2627936 155 119 44
0.01051348 0.1521834 0.4830921 47 34 28
0.05149925 0.1982924 0.2802126 43 38 36
0.02280921 0.2054654 0.3468144 132 89 32
-0.00178224 0.1839474 0.4482542 132 92 39
0.10683 0.1511594 0.3191491 56 45 35
0.07813997 0.1306664 0.4298106 54 45 36
0.09350964 0.1583314 0.3304202 118 82 41
0.1191257 0.07021236 0.3959974 46 35 29
0.05969639 0.1214444 0.4595253 122 90 42
0.01666134 0.2003419 0.3898495 41 36 33
0.07711534 0.1696024 0.3355434 146 107 37
0.06072104 0.08865536 0.4728457 50 40 34
0.1683086 0.06406336 0.2576704 174 150 99
0.1221997 0.09890236 0.3744799 124 87 37
-0.00895475 0.1859964 0.4523528 180 141 79
0.1426925 0.07738436 0.3211984 29 19 17
0.06891818 0.004634357 0.4205888 147 116 73
0.09350964 0.06099036 0.4236628 34 27 22
0.09555893 0.1480854 0.3488638 141 108 47
0.00231634 0.07635936 0.5097328 97 62 31
0.13552 0.1224684 0.3089027 42 35 31
0.01973527 0.1296414 0.4923139 35 30 28
-0.01202868 0.2208344 0.3293955 122 82 24
0.02895707 0.1142714 0.4912892 45 38 31
0.08018927 0.1624304 0.368332 156 120 51
0.1457665 0.1163214 0.2822619 165 131 51
0.1088793 0.05074336 0.4072685 30 24 21
0.1170765 0.1593554 0.2638183 154 120 61
0.04740067 0.04971936 0.4728457 46 31 19
-0.01407796 0.01590636 0.486166 95 53 21
0.1140025 0.03639836 0.3847263 54 41 30
-0.00485617 0.001560857 0.4687471 95 57 28
0.05764711 0.1296414 0.4533774 141 107 57
0.09453428 0.07123636 0.4277613 47 39 33
0.04740067 0.008733357 0.4636239 145 115 73
0.1437172 0.1183704 0.2873851 175 143 67
0.08121391 0.01590636 0.4103424 84 58 33
0.121175 0.1337404 0.3242723 80 50 28
0.1396186 0.07635936 0.322223 42 33 31
0.09760821 0.1685779 0.2863605 51 45 42
0.1293722 0.1070994 0.3386173 54 40 27
0.03715423 -0.001512643 0.4666978 95 67 40
0.1273229 0.03434936 0.3314448 42 15 9
-0.00485617 0.1962434 0.4236628 130 91 43
0.09146035 0.1552579 0.3406666 133 97 43
0.1006821 0.03742336 0.4072685 49 41 31
0.1252736 0.1316904 0.3211984 56 33 18
0.0084642 0.1511594 0.4851414 39 30 26
0.00436562 0.2064894 0.3898495 41 35 31
0.06891818 0.005659357 0.4226381 115 87 53
0.1150272 0.1204194 0.3519377 73 53 37
0.1078547 0.1634544 0.2781633 47 33 26
0.1580622 0.05279336 0.2873851 69 33 10
0.01358741 0.07431136 0.503585 110 75 37
-0.0079301 0.1962434 0.4226381 120 81 34
0.05764711 0.1931694 0.2843112 42 38 36
0.06277032 0.07328536 0.4666978 37 32 25
0.02280921 0.02410286 0.471821 80 46 20
0.1221997 0.1542324 0.2699662 130 96 47
0.01768599 0.2146874 0.2689415 62 55 47
0.1375693 0.09992636 0.3252969 21 18 17
0.0648196 0.1829234 0.3099273 51 36 20
0.01666134 0.2095644 0.3263216 144 106 41
0.03920351 -0.002537643 0.4615746 137 106 60
0.01461206 0.1993174 0.3949727 27 22 19
0.01666134 0.1798494 0.4318599 127 88 39
-0.00588082 0.2177604 0.3283709 191 159 98
0.121175 0.1070994 0.3611595 101 73 42
-0.01510261 0.1460359 0.5015357 58 44 32
0.1303968 0.09685336 0.353987 94 83 70
0.1621608 0.07021236 0.2668922 152 115 37
0.00641491 0.08353236 0.5097328 158 125 75
0.06994283 0.02102936 0.4349338 110 83 45
0.0002670403 0.2157114 0.2863605 51 29 11
0.04637602 0.09992636 0.4841167 62 47 37
0.1099039 0.03127536 0.3621841 31 21 19
0.1017068 0.1183704 0.4000959 139 104 32
0.03920351 0.1982924 0.3027548 84 57 27
0.04740067 0.1911199 0.3140259 120 86 33
0.1037561 0.1255424 0.3806277 166 130 54
0.1078547 0.03332536 0.3918988 39 28 21
0.07813997 -0.001512643 0.3621841 27 11 5
0.02485851 0.2116134 0.2638183 20 20 19
0.07301676 0.1706274 0.3601348 143 105 35
0.00539027 0.2198104 0.2556212 31 29 28
0.1201504 0.1173454 0.3457898 84 70 55
0.1406433 0.08660636 0.3304202 63 54 48
-0.01612726 0.2218594 0.3252969 144 109 50
0.04637602 0.08148336 0.4871906 58 44 30
0.02895707 0.05689236 0.4912892 96 68 39
0.06277032 0.04971936 0.4564513 40 28 20
0.08633713 0.003610357 0.3642334 67 49 36
0.1017068 0.1429624 0.339642 89 61 34
0.09248499 0.04152136 0.4185395 42 31 23
0.07506604 0.0005363568 0.3785784 49 35 21
0.09350964 0.1439864 0.3734552 152 117 48
0.10683 0.09275436 0.4154656 72 54 39
0.05662246 0.1716514 0.3949727 57 45 34
0.05252388 0.1962434 0.2843112 41 36 34
0.07301676 0.09172936 0.4533774 52 41 33
0.03408029 0.2075144 0.2740648 37 33 31
0.1283475 0.005659357 0.2822619 33 21 14
0.09453428 0.1183704 0.4195642 93 82 71
0.06072104 0.1829234 0.3191491 123 90 37
0.0648196 0.08558136 0.4666978 38 30 23
0.1088793 0.1193954 0.3744799 155 119 45
-0.0079301 0.2177604 0.2976315 123 86 35
0.04125281 0.05996536 0.4851414 45 30 20
0.03510494 0.08660636 0.4923139 49 37 28
0.04944995 0.06099036 0.4820675 167 142 99
0.03408029 0.1716514 0.4216134 75 50 29
0.1027314 0.01693036 0.3457898 38 23 19
-0.01202868 0.1255424 0.5097328 44 30 20
0.04022816 0.006684357 0.4666978 40 20 6
0.05559781 0.1849724 0.3437405 135 97 33
0.1088793 0.1665284 0.2597197 130 98 43
0.1344954 0.1193954 0.3191491 48 41 38
-0.01510261 0.1603814 0.4933385 46 38 31
-0.00588082 0.2198104 0.2740648 48 35 26
0.152939 0.08968036 0.2873851 151 118 53
0.1631854 0.07738436 0.2525472 108 77 36
0.1129779 0.07021236 0.4041945 39 26 20
-0.01407796 0.2187854 0.3591102 46 40 31
-0.01305333 0.004634357 0.4687471 98 62 33
0.1129779 0.02410286 0.3375926 37 23 16
0.1426925 0.08558136 0.3170998 39 34 28
0.04740067 0.2034154 0.2515226 45 39 34
0.05559781 0.1665284 0.4093177 54 44 36
0.124249 0.08148336 0.3806277 50 40 30
-0.01202868 -0.002537643 0.4625992 69 36 10
0.04637602 0.2034154 0.2556212 44 41 39
0.07506604 0.1286174 0.4328846 24 21 18
0.03817887 0.1122224 0.4882153 49 36 25
0.02998171 0.1849724 0.4062438 45 36 33
0.05969639 0.1808734 0.3601348 153 117 49
0.0084642 0.1737014 0.4544021 124 85 34
0.1375693 0.1255424 0.2976315 64 47 32
0.1457665 0.05586736 0.307878 41 30 24
0.01871064 0.1839474 0.4154656 82 53 26
0.1652347 0.06816236 0.264843 160 130 71
0.02895707 0.1603814 0.4523528 131 94 44
0.08531248 0.09787736 0.4421064 49 43 37
0.124249 0.1111984 0.3488638 92 77 60
0.00231634 0.1829234 0.4451803 109 69 21
0.1273229 0.005659357 0.2730401 43 28 21
0.06072104 0.1091484 0.4656731 122 89 49
0.13552 0.05894036 0.3283709 42 31 29
0.06174567 0.08455736 0.4697717 43 32 23
0.03715423 0.05996536 0.4882153 55 36 22
0.08736177 0.01180736 0.3867756 66 50 34
0.1375693 0.01693036 0.2853358 39 24 18
0.09350964 0.1439864 0.3785784 154 118 48
0.1047807 0.1378384 0.3447652 111 79 34
0.06379497 0.008733357 0.4339092 106 75 38
0.08941106 0.1245184 0.4164902 58 48 41
0.1611361 0.05996536 0.2894344 143 97 45
0.06072104 0.1931694 0.2750894 12 11 11
0.1129779 0.1040254 0.3929235 140 109 51
0.1181011 0.0005363568 0.322223 78 55 30
0.07096748 0.1716514 0.3693566 150 114 45
0.05662246 0.1439864 0.4380078 107 79 43
0.13552 0.1224684 0.3119766 61 51 43
0.1201504 0.1573064 0.2535719 165 130 53
0.08633713 0.1183704 0.4277613 32 29 26
0.09453428 0.05381736 0.4246874 92 80 69
0.04637602 0.01180736 0.4636239 101 75 49
0.1467911 0.09787736 0.3068533 67 55 42
0.09146035 0.1747264 0.2832866 32 27 24
0.1221997 0.05791636 0.368332 31 25 23
0.1129779 0.1552579 0.2996809 77 54 33
0.00231634 0.1696024 0.4666978 48 32 18
0.04330209 0.02615236 0.4625992 63 44 27
0.09658357 0.01488086 0.3734552 108 88 66
0.1365447 0.05381736 0.3242723 31 22 16
0.1109286 0.09685336 0.4041945 122 91 37
0.167284 0.06816236 0.2597197 158 131 81
-0.01612726 0.2116134 0.3939481 44 27 17
0.1549883 0.07840936 0.2955823 155 134 104
0.01563671 0.1132464 0.5015357 38 26 19
0.1539636 0.08148336 0.2986562 113 92 64
0.1314215 0.1368134 0.2966069 53 42 34
0.07199211 0.1296414 0.4400571 88 63 40
0.06277032 0.06099036 0.4615746 46 33 22
0.05457318 0.1849724 0.3591102 180 142 59
0.00334097 0.2075144 0.3878002 33 29 26
0.1037561 0.05176836 0.4103424 26 20 16
-0.01612726 0.2198104 0.3550116 49 41 31
0.09453428 0.1696024 0.2925083 37 32 30
0.1375693 0.09582736 0.3252969 38 32 32
0.1201504 0.07328536 0.3888249 37 27 22
0.04432674 0.1880464 0.3693566 144 109 43
0.121175 0.04049736 0.3457898 33 22 20
0.07916462 0.07123636 0.4390324 31 27 24
0.1088793 0.03742336 0.3959974 34 27 24
0.09658357 0.01488086 0.3775538 47 35 27
-0.00895475 0.2136619 0.3837017 36 28 25
0.1027314 0.1204194 0.3939481 153 118 51
0.1447418 0.02000536 0.2781633 61 44 27
0.03510494 0.02410286 0.4656731 20 6 0
0.03817887 0.08353236 0.4912892 44 34 26
0.1221997 0.1142714 0.3498884 75 60 45
0.02178457 0.08763136 0.4984618 60 37 22
0.09555893 0.001560857 0.3498884 29 16 12
0.1652347 0.05176836 0.2658676 131 97 46
0.1601115 0.04767036 0.2812372 72 46 28
0.1181011 0.003610357 0.3252969 114 88 56
0.138594 0.02922636 0.3058287 50 34 27
0.01153813 0.05689236 0.5087082 147 102 45
0.00743955 0.1890704 0.4226381 171 121 62
0.04022816 0.1583314 0.443131 149 114 59
0.08941106 0.1450104 0.3857509 137 100 29
0.02998171 0.0005363568 0.4697717 107 75 47
0.1221997 0.1562824 0.2556212 155 119 48
0.02280921 0.1767744 0.4267367 121 78 28
0.02998171 0.2023914 0.3211984 146 109 45
0.121175 0.09377936 0.3857509 137 117 88
0.02588314 0.2105884 0.2709908 40 35 32
0.1396186 0.1388634 0.2576704 159 123 45
0.09453428 0.1214444 0.4103424 75 54 37
-0.01715189 0.1706274 0.4830921 40 29 27
0.1314215 0.01283236 0.290459 32 18 14
0.1109286 0.1419374 0.3263216 42 31 24
0.1109286 0.05381736 0.4041945 37 27 21
0.04432674 0.1050494 0.4871906 72 55 41
0.07813997 0.04357136 0.4380078 34 28 23
-0.00383154 0.02307836 0.4994864 132 96 56
0.01153813 0.1849724 0.4267367 127 88 40
0.07199211 0.1665284 0.3837017 145 111 42
0.1058054 0.03434936 0.3959974 34 24 22
-0.00485617 0.2167364 0.2894344 88 57 21
0.1590868 0.05176836 0.2853358 60 34 15
0.1334708 0.1316904 0.3068533 50 41 35
0.00743955 0.2126374 0.290459 57 33 13
0.1047807 0.09275436 0.4195642 63 47 36
0.06174567 0.06099036 0.4646485 30 23 18
0.02485851 0.03537436 0.4964124 168 139 93
0.03408029 0.2003419 0.3252969 147 112 50
0.05867174 -0.002537643 0.4226381 62 40 18
0.08428784 0.1501344 0.3908741 152 118 44
0.00334097 0.2198104 0.2658676 63 52 44
0.01666134 0.02410286 0.4779689 99 58 24
-0.01305333 0.1624304 0.4902646 41 30 24
0.1252736 0.1409124 0.3048041 47 37 30
0.1088793 0.1388634 0.3324694 63 47 35
0.0648196 0.01897936 0.4441556 171 148 111
-0.01202868 0.2187854 0.2996809 130 91 36
0.08736177 0.03230036 0.4205888 31 22 15
0.03305565 0.1993174 0.3529623 192 153 76
-0.00178224 0.1255424 0.5046096 62 48 37
0.0504746 0.002585357 0.4523528 160 133 91
-0.01202868 0.1368134 0.5056343 67 52 42
0.1150272 0.1419374 0.3211984 43 35 29
0.07916462 0.1101734 0.443131 54 44 35
0.04535137 0.08865536 0.486166 54 40 32
0.08223855 0.1521834 0.3918988 158 124 54
0.1027314 0.1255424 0.382677 178 140 59
0.1027314 0.1091484 0.4185395 111 90 64
0.1570376 0.03537436 0.2822619 69 54 41
0.02793243 0.06508936 0.4933385 54 30 13
0.05969639 0.09685336 0.4707964 50 36 27
0.05969639 0.1593554 0.4185395 37 29 26
0.08736177 0.1152964 0.428786 35 30 27
-0.01305333 0.2085384 0.397022 39 16 5
0.06789355 0.1081234 0.4605499 52 41 31
0.01563671 0.02922636 0.4953878 109 67 32
0.1396186 0.06099036 0.3181245 33 23 16
-0.01407796 0.1624304 0.48924 46 35 30
0.09555893 0.02307836 0.3918988 40 30 27
0.1027314 0.02410286 0.3837017 30 20 18
0.09146035 0.09787736 0.4328846 56 47 41
0.1058054 0.1696024 0.2525472 142 106 38
0.03920351 0.06508936 0.48924 52 34 21
0.1508897 0.08148336 0.3109519 114 99 88
0.04944995 0.1921454 0.2996809 27 19 14
0.02690778 0.1573064 0.4595253 125 88 37
0.1344954 0.1132464 0.3232477 42 36 32
0.1119532 0.03127536 0.350913 49 38 36
0.03920351 0.1767744 0.411367 80 67 58
0.08428784 0.1829234 0.2597197 48 35 26
0.09453428 0.04049736 0.414441 31 21 13
0.152939 0.08250736 0.2925083 132 99 41
0.1344954 0.009757357 0.2638183 85 65 42
0.1129779 0.1378384 0.3273463 44 35 28
-0.01305333 0.2044404 0.4072685 106 69 32
0.00539027 0.1911199 0.4195642 115 77 34
0.02383385 0.2013664 0.365258 125 98 63
0.1119532 0.03947236 0.3949727 41 30 22
0.04535137 0.1900954 0.3621841 153 119 53
-0.01305333 0.1685779 0.4841167 35 26 21
0.138594 0.1152964 0.3099273 47 40 35
0.04740067 0.1726764 0.4082931 40 32 26
0.07199211 0.1726764 0.3406666 135 100 35
0.07404141 0.1081234 0.4503035 46 36 26
0.00539027 0.02717636 0.4974371 110 72 36
0.00641491 0.2095644 0.3703813 24 21 16
0.1181011 0.09685336 0.3898495 138 113 81
0.07404141 0.1665284 0.3816523 152 119 50
0.1467911 0.09890236 0.3007055 100 73 51
0.05867174 0.1347644 0.4451803 128 95 48
0.08633713 0.1398874 0.4031699 99 71 36
0.00539027 0.2116134 0.3529623 108 78 41
-0.0007575897 0.2136619 0.3662827 37 31 25
0.06584425 0.1870224 0.2945576 32 28 27
0.05354853 0.005659357 0.4544021 155 122 74
0.04944995 0.1900954 0.3099273 90 62 26
0.03817887 0.1972684 0.3478391 140 103 37
0.1129779 0.1122224 0.3775538 148 114 51
-0.00178224 0.07431136 0.5117822 79 50 23
0.05354853 0.1900954 0.2996809 27 18 14
0.1324461 0.08045836 0.353987 54 44 40
0.1519143 0.1183704 0.2627936 150 117 50
0.1580622 0.05279336 0.293533 63 42 28
0.00231634 0.2136619 0.3457898 143 106 50
0.08121391 0.01795536 0.4123916 93 68 40
0.1150272 0.01180736 0.3324694 58 37 24
0.1273229 -0.1039776 0.2023397 10 6 0
0.09146035 -0.1162736 0.06093883 97 73 36
0.06072104 -0.1244696 0.1101217 6 0 0
0.0504746 -0.1265196 0.08040708 71 59 42
0.06379497 -0.1326676 0.07733313 57 39 23
-0.01715189 -0.1541846 0.04044595 31 16 6
0.07813997 -0.08963264 0.1634032 182 158 110
0.0648196 -0.1695546 0.006632707 62 40 21
0.09350964 -0.1388156 0.2361529 30 16 9
0.2297873 -0.2453776 0.006632707 107 52 13
0.08736177 -0.09065664 0.1992657 175 159 126
0.07609069 -0.04249864 0.04454453 13 9 6
0.01871064 -0.1541846 0.003558777 34 15 4
0.01768599 -0.1798016 0.1336885 23 6 0
0.08736177 -0.1757026 0.06503739 37 18 3
0.04637602 -0.2064426 0.1675018 121 78 28
0.05252388 -0.2013186 0.1531568 98 60 31
0.04432674 -0.1572596 0.0578649 79 54 28
0.1099039 -0.2586986 0.04351988 203 190 161
0.1713826 -0.1224206 0.06606206 20 11 5
0.02895707 -0.1531606 -0.006687673 78 50 23
0.09453428 -0.1091006 0.2023397 23 13 13
0.03920351 -0.2156636 0.08860421 113 67 31
0.1488404 -0.1838996 0.01687913 57 40 24
0.06584425 -0.02917764 0.2177094 125 115 105
0.2379844 -0.05991764 0.1593046 104 90 69
0.2082698 -0.07631264 0.1664771 23 11 3
0.09146035 -0.1254956 0.04147058 47 29 18
0.01358741 -0.1879976 0.08757957 75 33 8
0.09350964 -0.09987864 0.06606206 32 19 14
0.1017068 -0.1910716 0.1828715 60 31 4
0.08838642 -0.1654556 0.2238572 43 25 13
0.00436562 -0.1511106 -0.003613743 69 43 19
0.2267133 -0.1234456 0.06093883 64 40 23
0.1590868 -0.05889364 0.2289804 44 15 6
0.2041712 -0.1275446 0.05684027 37 23 12
0.1221997 -0.1408646 0.01892843 15 7 2
0.1426925 -0.06196764 0.2136108 174 153 115
0.06891818 -0.04762164 0.1705757 81 63 51
0.01563671 -0.1705796 0.1613539 23 9 0
0.1232243 -0.1757026 0.1603293 63 42 13
0.1908508 -0.1562336 0.02917486 79 50 27
0.2328612 -0.02507964 0.1500828 121 104 85
0.195974 -0.1552096 0.03839665 74 46 24
-0.00485617 -0.1500866 0.05274167 57 31 14
0.06174567 -0.1347166 0.08040708 68 53 40
0.02178457 -0.1521361 0.01995307 77 49 26
0.1826537 -0.1593076 0.03942133 121 75 27
0.2359351 -0.1131996 0.1808222 124 101 76
0.08736177 -0.1480376 0.2248818 52 27 11
0.1047807 -0.04659764 0.2463994 37 18 3
0.02998171 -0.1910716 0.1049985 124 85 47
0.1693333 -0.2617726 0.04864311 113 63 23
0.07199211 -0.1716036 0.08655493 46 23 5
0.1519143 -0.09578064 0.2433255 42 15 3
0.05662246 -0.09987864 0.06298813 40 21 6
0.06379497 -0.1910716 0.12959 63 31 9
0.08121391 -0.1480376 0.218734 23 13 6
0.05662246 -0.1593076 0.07733313 72 52 33
0.1119532 -0.1224206 0.2351283 27 18 10
0.08018927 -0.007661143 0.06606206 20 10 9
0.04022816 -0.1080766 0.1931179 23 15 9
0.199048 -0.09680464 -0.002589073 30 13 2
0.08428784 -0.08655864 0.06606206 28 15 11
0.00231634 -0.1736526 0.1183189 92 60 31
0.1078547 -0.1193466 0.1480335 26 18 11
0.03510494 -0.1982446 0.1797975 135 86 37
0.1201504 -0.1787756 0.004583407 37 27 20
0.09453428 -0.04147364 0.03737203 23 20 15
0.01973527 -0.04967164 0.2023397 114 98 83
0.1488404 -0.1009036 0.2494733 46 18 3
0.1017068 -0.1726286 0.2320543 86 54 19
0.01871064 -0.1849246 0.07938241 77 44 16
0.01051348 -0.1183226 0.06811133 80 60 42
0.2267133 -0.2371806 0.003558777 118 75 35
0.1283475 -0.1111496 0.2084875 0 0 0
0.09248499 -0.09373164 0.0599142 22 11 5
-0.01202868 -0.1603326 0.0558156 47 33 22
0.1478158 -0.1716036 0.2433255 59 48 44
0.02178457 -0.1869736 0.1306146 57 26 5
0.09350964 -0.1285686 0.01175593 25 17 8
0.03305565 -0.1316426 0.1511075 72 47 24
0.1631854 -0.1664806 0.2433255 82 68 57
0.1283475 -0.1521361 0.1562307 28 10 0
0.1088793 -0.1849246 0.1593046 71 38 18
0.1273229 -0.1695546 0.2423008 48 37 33
0.07813997 -0.1347166 0.04044595 44 30 21
0.1652347 -0.1879976 0.01892843 69 49 27
0.02485851 -0.07118964 0.1511075 38 29 27
0.02588314 -0.1060266 0.1777482 13 4 2
0.05867174 -0.1787756 0.201315 75 41 11
0.06072104 -0.1531606 0.08655493 37 27 18
0.07813997 -0.1961946 0.1982411 59 29 8
0.1099039 -0.01688264 0.2494733 27 16 10
0.1058054 -0.1408646 0.2433255 36 23 13
0.1314215 -0.1818506 0.01687913 57 38 21
0.05662246 -0.1716036 0.02610093 51 30 19
0.0648196 -0.03532664 0.1675018 88 70 57
0.0832632 -0.1951706 0.1634032 53 23 0
0.06174567 -0.1675056 0.09372743 40 22 10
0.05149925 -0.2002936 0.1797975 72 36 0
0.2318366 -0.008685643 0.1562307 154 141 124
0.242083 -0.1449636 0.04556918 56 31 12
0.06379497 -0.1480376 0.06196346 53 40 29
0.00539027 -0.1572596 0.009706627 27 11 0
0.1181011 -0.1367656 0.2463994 21 7 0
0.1170765 -0.004586643 0.1859454 36 18 13
0.2400337 -0.2289846 0.01995307 127 83 33
0.0996575 -0.1224206 0.233079 20 11 5
0.07404141 -0.04147364 0.04556918 24 20 16
0.10683 -0.1828746 0.04761847 22 7 1
0.09555893 -0.1521361 0.1234421 9 0 0
0.05354853 -0.05991764 0.04659381 15 11 10
0.06379497 -0.1531606 0.204389 65 42 21
0.1262982 -0.1664806 0.2423008 33 20 11
0.199048 -0.1664806 -0.009761613 58 33 18
0.1426925 -0.1234456 0.04249525 20 11 6
0.1847029 -0.02200664 0.05888953 44 33 24
0.2113437 -0.2505016 0.03327345 102 47 9
0.06174567 -0.01380864 0.1849207 31 15 9
0.01973527 -0.1787756 0.1613539 28 18 10
0.1006821 -0.1295936 0.2320543 16 8 5
0.09453428 -0.1265196 0.2115615 9 2 2
0.2390091 -0.01380864 0.1521321 203 194 182
0.01051348 -0.1757026 0.1234421 97 60 27
0.1519143 -0.1736526 0.2125861 65 37 15
0.04637602 -0.05581864 0.2228326 31 16 13
0.0648196 -0.01585764 0.05171703 15 5 5
0.03305565 -0.1900476 0.09475207 114 76 41
0.09350964 -0.06299164 0.1931179 92 57 30
0.01973527 -0.1716036 0.1685264 23 11 0
0.1498651 -0.1582836 0.01175593 75 40 12
0.08121391 -0.1654556 0.03532273 47 28 6
0.1365447 -0.09578064 0.2166847 95 65 37
0.05252388 -0.1992696 0.1910686 142 96 46
0.06174567 -0.006635643 0.2064383 21 10 8
0.2021219 -0.01073464 0.1541814 196 185 176
0.07404141 -0.1265196 0.07118526 53 36 26
0.2236394 -0.1142236 -0.01078624 37 13 0
0.05149925 -0.1511106 0.0506924 77 55 36
0.1262982 -0.1828746 0.1879947 55 27 7
0.02998171 -0.2115656 0.08143171 115 67 30
0.0504746 -0.1890236 0.1131957 98 65 34
0.06277032 -0.1552096 0.08757957 39 27 20
0.1467911 -0.1326676 0.2023397 41 27 20
0.04022816 -0.2105396 0.08143171 104 60 23
0.1140025 -0.1572596 0.247424 70 42 17
0.04227744 -0.1654556 0.1849207 24 13 9
0.01461206 -0.1695546 0.06811133 42 15 0
0.05457318 -0.1757026 0.0906535 49 21 2
0.02998171 -0.1121746 0.1849207 13 7 5
0.06789355 -0.1377906 0.07118526 71 49 33
0.1344954 -0.1757026 0.1818468 86 52 14
0.1119532 -0.07016364 0.04351988 62 49 42
0.1601115 -0.1675056 0.0004848474 60 40 25
0.124249 -0.08655864 0.1941425 57 31 14
0.227738 -0.2638216 0.03019953 134 91 39
0.1119532 -0.1511106 0.2494733 65 38 13
0.2297873 -0.2412796 0.02610093 118 68 23
0.1939247 -0.1244696 0.06196346 46 33 18
0.1969987 -0.1593076 0.01892843 41 22 10
0.06789355 -0.02610464 0.1060232 18 9 6
0.02075992 -0.1910716 0.1234421 71 33 12
0.08531248 -0.1234456 0.1961918 9 2 2
0.181629 -0.1757026 0.005608047 109 66 23
0.08223855 -0.1726286 0.05888953 82 65 55
0.01461206 -0.1838996 0.1234421 75 35 2
0.05764711 -0.2002936 0.1603293 76 42 17
0.1129779 -0.1295936 0.1418857 6 0 0
0.02485851 -0.1910716 0.1490582 70 35 9
0.1314215 -0.1787756 0.0004848474 43 30 17
0.1980233 -0.1234456 0.05888953 49 35 17
0.1027314 -0.02405464 0.02815023 27 18 11
0.06584425 -0.1808256 0.0599142 40 20 6
0.2318366 -0.03327664 0.1705757 174 161 142
0.152939 -0.1029526 0.2238572 135 111 75
0.2246641 -0.1121746 0.0599142 44 27 16
0.2123683 -0.03327664 0.15828 65 47 37
0.07609069 -0.1408646 0.03224879 59 42 27
0.2431076 -0.1439386 0.04761847 41 21 7
0.2205655 -0.1459876 0.05479097 129 86 34
0.0484253 -0.08041064 0.0578649 18 11 5
0.2349105 -0.2627976 0.02917486 148 112 69
0.2062205 -0.02610464 0.15828 178 169 154
0.1088793 -0.1593076 0.1388118 39 23 10
0.2021219 -0.2556246 0.01687913 91 33 0
0.05969639 -0.02917764 0.05684027 18 7 5
0.00436562 -0.1470116 0.05274167 34 16 7
0.08736177 -0.1162736 0.06503739 72 49 18
0.1765058 -0.09578064 0.07425919 134 105 71
0.167284 -0.1849246 0.0158545 49 30 15
0.124249 -0.09065664 0.1992657 120 90 55
0.04227744 -0.1142236 0.1859454 10 5 2
0.1806044 -0.1152476 0.07630848 39 20 10
0.01153813 -0.1531606 -0.01078624 65 44 20
0.1457665 -0.04454864 0.2033643 99 66 39
0.06072104 -0.1429136 0.08553028 23 13 13
0.2256887 -0.1511106 0.0179038 54 27 6
0.1519143 -0.1818506 0.008681977 41 23 11
0.04432674 -0.1798016 0.03634738 55 33 18
0.00743955 -0.05786864 0.204389 138 121 98
0.2123683 -0.2556246 0.01073128 135 87 44
0.07813997 -0.1716036 0.2156601 51 30 16
0.01666134 -0.1500866 -0.004638373 61 38 17
-0.00588082 -0.1552096 -0.003613743 103 72 39
0.2205655 -0.06196764 0.1695511 101 84 60
0.07096748 -0.1603326 -0.007712313 42 24 11
0.2297873 -0.09578064 0.1756989 122 105 80
0.04125281 -0.06299164 0.09167813 26 15 13
0.07609069 -0.1726286 0.2166847 42 24 10
0.02895707 -0.04557264 0.1961918 120 105 95
0.06072104 -0.1910716 0.1213928 108 72 27
0.04330209 -0.1521361 -0.001564453 71 43 14
0.06789355 -0.1890236 0.2074629 138 97 60
0.2379844 -0.05479464 0.0250763 55 41 32
0.1549883 -0.1654556 -0.0005398126 83 60 36
0.05867174 -0.1972201 0.1418857 55 23 0
0.09453428 -0.1347166 0.2289804 23 13 6
0.1467911 -0.1695546 0.2463994 37 22 20
0.08428784 -0.09987864 0.1890193 119 105 79
0.199048 -0.03020314 0.1552061 118 97 80
0.07404141 -0.1511106 0.2095122 27 13 6
0.09658357 -0.1849246 0.1470089 76 47 24
0.06584425 -0.1459876 0.03224879 35 22 15
0.2441323 -0.1511106 0.01892843 70 42 13
0.1017068 -0.1787756 0.2248818 81 52 22
0.01563671 -0.1265196 0.07733313 20 15 9
0.1099039 -0.1449636 0.2443501 59 40 24
0.2010972 -0.1111496 0.2289804 176 160 134
0.2154423 -0.07323764 0.1664771 128 105 86
0.01461206 -0.1890236 0.09167813 105 61 27
0.08941106 -0.1941466 0.1849207 42 18 6
0.2256887 -0.1039776 0.0599142 57 37 16
0.2226148 -0.1080766 0.0599142 30 11 1
0.2338858 -0.007661143 0.12959 205 194 185
0.2195408 -0.07016364 0.05376633 42 31 23
0.08428784 -0.1726286 0.1162696 71 44 18
0.1078547 -0.1900476 0.2054136 92 57 26
0.06994283 -0.1613576 -0.008736943 16 10 2
0.08941106 -0.1009036 0.1931179 92 76 58
0.07711534 -0.05172064 0.04761847 11 6 3
0.1939247 -0.1675056 0.001509477 67 39 16
0.0904357 -0.1213966 0.04864311 61 41 17
0.05559781 -0.1961946 0.1951672 121 73 23
0.167284 -0.1306186 0.03532273 60 40 23
0.08941106 -0.1654556 -0.007712313 54 38 22
0.00948883 -0.1603326 0.12959 88 56 22
0.2082698 -0.1541846 0.0250763 21 5 2
0.01768599 -0.1787756 0.1377871 33 16 6
0.1181011 -0.1459876 0.143935 15 5 0
0.1232243 -0.07221364 0.2166847 193 179 150
0.07506604 -0.1675056 0.04351988 42 26 11
0.1918755 -0.04249864 0.1654525 179 170 153
0.1754811 -0.1552096 0.2289804 145 127 97
0.1437172 -0.1644316 0.1890193 63 45 26
0.1181011 -0.08348464 0.2238572 158 143 108
0.04125281 -0.1787756 0.03532273 24 10 4
0.01871064 -0.1644316 0.1572553 44 22 7
0.1406433 -0.1746781 0.2259065 86 57 26
0.1170765 -0.1572596 0.2494733 82 55 26
0.2226148 -0.01175864 0.1449596 99 79 55
0.09555893 -0.02917764 0.2351283 22 11 6
0.1754811 -0.1213966 0.07118526 23 15 7
0.07096748 -0.1716036 0.03019953 43 27 13
0.03510494 -0.2146386 0.08757957 105 55 20
0.07916462 -0.02405464 0.1736497 26 11 11
0.09555893 -0.07426264 0.0578649 25 15 10
-0.00690547 -0.1757026 0.1049985 47 15 0
0.09146035 -0.1459876 0.2289804 39 20 5
0.2390091 -0.1470116 0.03327345 71 37 11
0.05867174 -0.1326676 0.1879947 16 9 5
0.2441323 -0.2474276 0.03019953 124 72 28
0.121175 -0.07733664 0.1951672 114 91 60
0.1836783 -0.1613576 0.03019953 55 35 18
0.1631854 -0.1798016 0.005608047 77 55 33
0.02280921 -0.1838996 0.1634032 34 13 1
0.1929001 -0.09680464 0.07528385 31 22 11
0.09248499 -0.08963264 0.06708669 60 47 37
0.1406433 -0.07323764 0.2289804 171 150 114
0.04740067 -0.1972201 0.1306146 88 50 16
0.2256887 -0.2648461 0.03429809 155 110 54
0.07506604 -0.02917764 0.04454453 28 20 16
0.2308119 -0.08348464 0.1685264 124 107 80
0.1088793 -0.1131996 0.1920932 42 34 31
0.0668689 -0.04557264 0.04966773 14 11 9
0.1160518 -0.1295936 0.1767236 9 3 2
0.08018927 -0.1900476 0.1408611 80 48 22
0.09453428 -0.02507964 0.1992657 39 22 11
0.2082698 -0.1408646 0.0506924 31 20 13
0.1406433 -0.1398406 0.1879947 33 18 6
0.1027314 -0.1070516 0.0558156 37 21 11
0.02075992 -0.07631264 0.1511075 11 6 3
0.00436562 -0.1439386 0.04351988 16 7 0
0.0484253 -0.1593076 0.1900439 24 13 9
0.1795797 -0.1275446 0.0578649 28 20 14
0.2205655 -0.2361566 0.02712559 148 105 55
0.1693333 -0.1798016 0.009706627 78 55 31
0.01563671 -0.1900476 0.1029492 80 27 6
0.08736177 -0.08143564 0.201315 173 158 130
0.05867174 -0.1931216 0.05888953 62 27 6
0.08121391 -0.1511106 0.2146354 21 8 0
0.1611361 -0.2576736 0.04966773 87 42 13
0.06891818 -0.2002936 0.1746743 70 37 11
0.08018927 -0.1685296 0.05376633 56 41 36
0.03715423 -0.1531606 0.1685264 23 14 8
0.0904357 -0.08143564 0.07323455 23 18 11
0.1785551 -0.1705796 0.01278057 98 63 18
0.03612958 -0.1593076 -0.001564453 71 42 13
0.05149925 -0.1910716 0.126516 88 54 26
0.121175 -0.1408646 0.1449596 54 37 22
0.2297873 -0.03327664 0.1654525 197 185 166
0.04535137 -0.1193466 0.1705757 68 52 39
0.2267133 -0.04659764 0.1808222 195 184 171
0.2308119 -0.2412796 0.0250763 78 23 0
0.0904357 -0.1121746 0.06093883 36 14 4
0.199048 -0.1172976 0.06503739 44 33 23
0.1580622 -0.1859486 0.01482987 31 13 3
0.1795797 -0.1316426 0.2259065 130 115 99
0.1017068 -0.1060266 0.03634738 23 13 11
0.04330209 -0.2033676 0.1603293 78 42 26
0.2390091 -0.1541846 0.0179038 82 54 26
0.06277032 -0.1470116 0.07016063 52 39 31
0.0832632 -0.1644316 0.03224879 39 22 11
0.1908508 -0.1234456 0.04556918 44 27 18
0.1560129 -0.1777516 -0.004638373 71 40 8
-0.0007575897 -0.1787756 0.07938241 46 16 3
0.01563671 -0.1634066 0.1490582 44 23 13
-0.01202868 -0.07323764 0.03532273 55 42 33
0.1017068 -0.1787756 0.2248818 75 46 18
0.09146035 -0.09065664 0.07016063 70 55 44
0.08941106 -0.1429136 0.2289804 29 15 4
0.09350964 -0.1388156 0.1213928 13 2 0
0.0832632 -0.1316426 0.2064383 18 10 7
0.07609069 -0.1828746 0.2177094 81 44 12
0.242083 -0.01380864 0.1480335 124 108 89
-0.01612726 -0.07118964 0.04044595 31 16 9
0.05559781 -0.02815364 0.08143171 17 10 6
0.1037561 -0.1213966 0.2371776 33 23 16
-0.01100403 -0.1541846 -0.006687673 79 54 26
0.07301676 -0.1500866 0.2095122 31 17 7
-0.00485617 -0.1347166 0.1111464 76 53 31
0.0996575 -0.02507964 0.2320543 26 11 11
0.1621608 -0.1664806 0.2371776 67 48 34
0.1611361 -0.1654556 0.007657327 34 17 8
0.1027314 -0.09782914 0.05376633 40 27 18
0.02280921 -0.1920966 0.1090971 95 51 21
0.04740067 -0.2002936 0.1531568 87 52 26
0.2123683 -0.008685643 0.1449596 138 127 102
0.04022816 -0.06504064 0.2484487 97 71 46
0.04944995 -0.05274514 0.2269311 78 55 42
0.05969639 -0.03122764 0.1459843 82 60 41
0.1027314 -0.1203716 0.1593046 13 7 5
0.07404141 -0.1224206 0.1828715 31 21 16
0.032031 -0.1203716 0.1541814 30 15 5
0.1508897 -0.1234456 0.03224879 10 5 5
-0.01407796 -0.1603326 0.04351988 63 33 13
0.08428784 -0.1039776 0.18697 108 93 71
0.02178457 -0.1490616 -0.01181087 35 21 10
0.2164669 -0.1541846 0.01687913 49 30 16
0.05764711 -0.1808256 0.04147058 37 19 4
0.2441323 -0.1050016 0.1808222 133 108 83
0.06379497 -0.01278464 0.07733313 20 7 7
0.1724072 -0.1634066 0.2125861 46 31 20
0.00948883 -0.1623826 0.1316393 112 82 50
0.04535137 -0.003562643 0.2033643 23 9 6
0.05764711 -0.03122764 0.0906535 22 11 11
0.08633713 -0.03225264 0.03839665 18 13 10
0.0904357 -0.1388156 0.2269311 27 16 12
0.09248499 -0.01688264 0.03634738 13 10 6
0.1160518 -0.1654556 0.2402515 59 39 21
0.1170765 -0.07938564 0.1746743 140 107 67
0.2410584 -0.03430164 0.1429103 142 125 101
0.1006821 -0.1869736 0.2125861 78 44 19
0.03305565 -0.1152476 0.1808222 13 10 6
0.13552 -0.1879976 0.03327345 16 0 0
0.06891818 -0.2013186 0.1459843 92 55 22
0.03408029 -0.1859486 0.1828715 31 17 10
0.1488404 -0.1869736 0.02815023 16 1 0
0.1027314 -0.1828746 0.1531568 30 6 0
0.2379844 -0.1582836 0.003558777 77 44 10
0.0084642 -0.1582836 0.1367625 92 69 47
0.05969639 -0.1634066 0.2033643 40 22 9
0.1170765 -0.1470116 0.007657327 35 26 16
-0.00178224 -0.1480376 0.1213928 98 70 37
0.1426925 -0.1572596 0.1849207 26 12 4
0.1150272 -0.1726286 0.1480335 30 12 2
0.1631854 -0.1265196 0.04147058 13 7 6
0.05354853 -0.03532664 0.2023397 82 68 59
0.06584425 -0.1439386 0.06606206 44 26 14
0.09453428 -0.1470116 0.2310297 21 5 0
0.04944995 -0.1500866 0.04147058 74 47 28
0.2082698 -0.03225264 0.1572553 62 46 31
0.2195408 -0.08348464 0.05376633 22 11 10
0.2256887 -0.2545996 0.01175593 108 49 10
0.05457318 -0.1961946 0.1961918 121 75 30
0.02793243 -0.1388156 0.1490582 69 41 16
0.2256887 -0.2402546 0.02712559 94 43 7
0.06277032 -0.1716036 0.07733313 66 47 31
0.1693333 -0.1531606 0.247424 97 78 47
0.07199211 -0.1910716 0.1347132 72 35 8
0.1262982 -0.1367656 0.172625 8 2 0
0.00539027 -0.09782914 0.1623786 10 5 0
0.1744565 -0.1634066 0.218734 31 16 10
0.08838642 -0.1931216 0.1777482 40 17 5
0.1160518 -0.01278464 0.2453747 23 13 11
0.08428784 -0.02507964 0.03942133 11 8 5
0.04432674 -0.1726286 0.03019953 50 25 12
0.242083 -0.01893164 0.1675018 176 163 137
0.1508897 -0.2648461 0.04044595 127 80 44
0.2379844 -0.01380864 0.1521321 134 118 99
0.199048 -0.1357416 0.04966773 47 30 20
0.04944995 -0.1675056 0.1920932 18 9 3
0.1601115 -0.1562336 0.02405166 66 37 8
0.05354853 -0.1705796 0.01278057 84 51 17
0.01768599 -0.1490616 -0.004638373 44 23 6
0.1836783 -0.01175864 0.1675018 177 166 140
0.07301676 -0.008685643 0.1797975 55 42 31
0.01563671 -0.1490616 0.03224879 15 5 0
0.0996575 -0.1716036 0.2320543 36 18 9
0.1611361 -0.1705796 0.2269311 100 74 45
0.1119532 -0.003562643 0.2177094 21 11 10
0.0504746 -0.1367656 0.1787729 21 16 13
0.2349105 -0.03737564 0.1531568 147 127 100
0.07609069 -0.1910716 0.1418857 74 37 9
0.1283475 -0.1818506 0.007657327 85 67 44
0.00129169 -0.1849246 0.08962887 63 27 11
0.03612958 -0.1203716 0.08348101 13 6 6
0.1590868 -0.07118964 0.2166847 31 18 15
0.1836783 -0.1091006 0.03634738 33 20 11
0.2000726 -0.1285686 0.0558156 55 44 27
0.1017068 -0.1254956 0.2279557 7 2 0
-0.00485617 -0.08348464 0.04351988 89 70 55
0.2369598 -0.2556246 0.03327345 129 78 24
0.1836783 -0.1603326 0.04249525 111 69 18
0.1088793 -0.1439386 0.002534127 10 3 0
0.01358741 -0.1562336 0.1347132 94 72 47
0.242083 -0.2576736 0.03327345 148 106 53
0.2123683 -0.2402546 0.02610093 118 66 28
0.1437172 -0.07631264 0.2269311 225 220 199
0.09658357 -0.1213966 0.01482987 27 18 7
0.05867174 -0.1972201 0.07016063 49 20 2
0.1416679 -0.06709064 0.218734 211 197 164
0.1396186 -0.1326676 0.1992657 20 13 6
0.08121391 -0.01585764 0.1746743 24 13 12
0.02075992 -0.1500866 0.002534127 44 25 11
0.2062205 -0.01380864 0.1480335 80 62 44
0.0002670403 -0.1593076 0.006632707 64 36 18
0.1099039 -0.1429136 0.1306146 26 15 11
0.08121391 -0.1716036 0.218734 35 16 2
0.1642101 -0.1254956 0.03634738 24 12 4
0.181629 -0.1213966 0.06606206 13 9 5
0.06072104 -0.03942564 0.1593046 92 74 60
0.06891818 -0.2013186 0.1859454 77 39 7
0.1027314 -0.1275446 0.01073128 40 30 20
0.1795797 -0.1080766 0.02097773 27 13 5
0.06072104 -0.02200664 0.08757957 13 9 5
0.1447418 -0.1254956 0.03122416 9 5 4
0.1078547 -0.1798016 0.2228326 63 37 13
0.06379497 -0.1654556 0.1008999 54 29 10
0.07301676 -0.1213966 0.1675018 98 88 79
0.09146035 -0.1244696 0.01482987 26 17 10
0.07199211 -0.1746781 0.04761847 30 20 10
0.01256276 -0.1500866 0.0558156 22 5 0
0.03510494 -0.1429136 0.1593046 15 7 3
0.1918755 -0.2545996 0.01995307 92 30 0
0.03715423 -0.1941466 0.126516 96 57 25
0.07609069 -0.1377906 0.005608047 56 42 29
0.03920351 -0.1541846 0.172625 11 6 3
0.2226148 -0.2535756 0.007657327 107 56 17
0.02178457 -0.1705796 0.1736497 50 37 20
0.1949494 -0.1203716 0.04351988 33 18 7
0.09248499 -0.1418886 -0.005663013 59 42 27
0.07404141 -0.2002936 0.1521321 108 75 37
0.1580622 -0.1603326 0.0158545 40 18 3
0.07916462 -0.1398406 -0.001564453 33 28 24
0.07404141 -0.1224206 0.1756989 66 54 40
0.2072451 -0.2505016 0.03327345 107 56 15
0.0648196 -0.1931216 0.06503739 80 46 19
0.0648196 -0.03532664 0.15828 98 75 55
0.2123683 -0.06094164 0.1654525 141 121 97
0.04432674 -0.1306186 0.09885066 44 30 21
0.07301676 -0.1142236 0.1306146 11 6 3
0.1088793 -0.1685296 0.1418857 47 25 10
0.06174567 -0.1992696 0.1613539 87 60 41
0.2441323 -0.03430164 0.1418857 151 135 110
0.121175 -0.1377906 0.2494733 22 7 0
0.2031465 -0.04557264 0.1603293 153 134 101
0.07404141 -0.1818506 0.1203682 56 24 4
0.1652347 -0.1654556 0.2197586 112 75 35
0.05764711 -0.09475564 0.0599142 51 35 20
0.2021219 -0.05172064 0.1716004 182 171 157
0.05559781 -0.02815364 0.07733313 15 10 7
0.2410584 -0.1562336 -0.0005398126 63 26 8
0.2123683 -0.1060266 0.05888953 36 22 13
0.02998171 -0.06709064 0.1521321 11 6 3
0.04125281 -0.1172976 0.1695511 30 17 10
0.01871064 -0.1582836 0.1511075 69 47 29
0.04535137 -0.1644316 0.1849207 13 9 5
0.1160518 -0.2597226 0.03839665 211 205 184
0.04022816 -0.1562336 0.004583407 90 60 29
0.2297873 -0.2279586 0.02097773 122 80 39
0.1549883 -0.1634066 0.005608047 60 39 22
0.1221997 -0.1500866 0.1613539 16 6 5
0.1498651 -0.1849246 0.01892843 35 18 10
0.07404141 -0.05479464 0.1459843 37 23 15
0.1703579 -0.1490616 0.247424 31 11 5
0.2154423 -0.08758264 0.1746743 37 20 11
0.08838642 -0.1879976 0.2125861 87 54 22
0.01973527 -0.1029526 0.0578649 69 46 28
0.08223855 -0.04659764 0.2423008 55 30 15
0.2185162 -0.1603326 -0.004638373 46 27 11
-0.0007575897 -0.1470116 0.03327345 18 11 6
0.01973527 -0.1705796 0.06503739 44 11 0
0.01153813 -0.1480376 0.02712559 28 14 5
0.01871064 -0.1142236 0.1664771 13 5 3
0.09863286 -0.07733664 0.03839665 15 5 5
0.05457318 -0.01585764 0.2095122 23 10 6
0.09658357 -0.1306186 0.126516 10 5 2
0.09350964 -0.02917764 0.1736497 21 11 10
0.1058054 -0.004586643 0.1961918 21 11 11
0.2338858 -0.1470116 0.023027 80 47 19
0.1293722 -0.1777516 0.1716004 91 60 27
0.07404141 -0.05684364 0.172625 75 57 42
0.04637602 -0.2002936 0.1367625 137 101 52
0.09248499 -0.1644316 0.002534127 50 35 23
0.04022816 -0.1951706 0.1244667 91 57 26
0.04227744 -0.1562336 0.05376633 69 44 22
0.00539027 -0.1582836 0.006632707 75 49 22
0.1078547 -0.1295936 0.1613539 16 6 2
0.1396186 -0.08655864 0.172625 7 0 0
0.08838642 -0.1336916 0.218734 7 1 1
0.04944995 -0.05786864 0.1593046 11 6 3
0.00129169 -0.1265196 0.15828 110 94 81
0.1314215 -0.1572596 0.1490582 72 34 9
0.2338858 -0.1347166 0.05684027 37 22 14
0.04227744 -0.1377906 0.1623786 18 9 6
0.1693333 -0.1429136 0.2402515 46 21 13
0.09555893 -0.1306186 0.2341037 26 17 7
0.04022816 -0.1961946 0.1193435 110 70 38
0.195974 -0.1644316 0.01073128 95 57 18
0.0484253 -0.1593076 0.18697 11 5 2
0.07096748 -0.1910716 0.07323455 53 24 4
0.05662246 -0.03430164 0.1090971 15 9 8
0.1181011 -0.07528714 0.1787729 153 127 94
0.2318366 -0.1398406 0.05684027 53 29 17
0.1642101 -0.1029526 0.2382022 63 31 13
0.05764711 -0.1972201 0.1849207 105 62 16
0.02895707 -0.1849246 0.08450563 105 69 37
0.2349105 -0.04557264 0.1654525 84 67 52
0.2410584 -0.03737564 0.01892843 111 98 87
0.09146035 -0.02200664 0.1183189 40 23 13
0.07609069 -0.1377906 0.02815023 37 26 13
0.1140025 -0.1879976 0.1777482 75 44 16
0.121175 -0.09987864 0.2443501 23 13 11
0.08633713 -0.1439386 0.1193435 91 78 55
0.2082698 -0.1572596 0.01278057 46 21 7
0.07609069 -0.04454864 0.1603293 11 7 6
0.1365447 -0.1685296 0.1767236 46 19 2
0.2379844 -0.1470116 0.02815023 62 36 15
0.07506604 -0.01380864 0.04351988 18 15 11
0.2369598 -0.1244696 0.05888953 63 50 33
0.10683 -0.1070516 0.0506924 33 22 20
0.08428784 -0.1131996 0.07323455 45 26 19
0.08121391 -0.07221364 0.218734 49 23 10
0.06072104 -0.2043926 0.08860421 53 18 0
0.08223855 -0.007661143 0.04454453 15 11 7
0.167284 -0.1552096 0.2156601 43 27 14
0.1683086 -0.1582836 0.2115615 54 40 27
0.0996575 -0.01073464 0.07733313 15 10 6
0.1969987 -0.1664806 0.01380521 57 40 24
0.1642101 -0.1511106 0.247424 49 28 20
0.08531248 -0.02815364 0.03737203 13 9 6
0.2205655 -0.01278464 0.15828 166 154 136
0.02485851 -0.1295936 0.1470089 85 60 31
0.1334708 -0.1316426 0.1890193 28 20 15
0.06789355 -0.02507964 0.05376633 15 5 5
0.01871064 -0.1910716 0.1101217 92 51 21
0.1734319 -0.1603326 0.2433255 67 46 34
0.06891818 -0.1531606 0.1019246 26 10 0
0.04432674 -0.1838996 0.04454453 56 25 4
0.08633713 -0.1890236 0.1429103 49 23 6
0.04330209 -0.2013186 0.1644279 72 31 0
0.2441323 -0.01380864 0.1552061 176 167 158
0.1160518 -0.1326676 0.2463994 38 26 17
0.02280921 -0.1890236 0.1357378 95 63 33
0.04740067 -0.1920966 0.1972165 89 44 13
0.01358741 -0.1459876 0.04761847 60 33 9
0.00334097 -0.1644316 0.07016063 38 15 3
0.05149925 -0.1582836 0.06401276 52 28 15
0.1314215 -0.1828746 0.1982411 88 55 21
0.02485851 -0.1900476 0.09475207 111 70 27
-0.00588082 -0.1675056 0.07733313 87 52 20
0.08018927 -0.1347166 0.03634738 34 22 14
0.1703579 -0.1757026 -0.004638373 59 32 11
0.06789355 -0.1757026 0.2074629 57 34 15
0.199048 -0.2586986 0.03737203 114 62 21
0.1426925 -0.1050016 0.2146354 21 10 6
0.0904357 -0.1377906 0.2248818 16 6 9
0.1570376 -0.1244696 0.218734 59 39 30
0.06379497 -0.1695546 0.0179038 85 61 33
0.1683086 -0.2648461 0.04966773 138 92 42
0.08223855 -0.1654556 -0.004638373 32 20 14
0.07404141 -0.1634066 -0.003613743 52 31 13
0.03612958 -0.06504064 0.09475207 27 15 13
0.1078547 -0.1777516 0.04249525 37 13 1
0.07404141 -0.1213966 0.09680137 15 11 9
0.03305565 -0.06913964 0.2341037 72 47 23
0.09350964 -0.1920966 0.1767236 58 28 8
0.1601115 -0.07733664 0.2197586 28 15 11
0.06174567 -0.06299164 0.2248818 27 13 11
0.03612958 -0.1224206 0.1552061 46 29 12
0.06789355 -0.1920966 0.1367625 76 38 11
0.0996575 -0.1244696 0.03122416 44 35 24
0.04740067 -0.2013186 0.1716004 111 74 39
0.0904357 -0.1275446 0.01482987 42 30 18
0.2144176 -0.2648461 0.01175593 125 79 32
0.2267133 -0.03942564 0.1756989 194 181 171
0.05867174 -0.04967164 0.08860421 18 8 7
0.06174567 -0.2023436 0.1531568 98 60 28
0.00436562 -0.1685296 0.1213928 85 42 11
0.1447418 -0.1757026 0.2207833 63 39 20
0.06072104 -0.1377906 -0.008736943 62 44 23
0.2318366 -0.04044964 0.1675018 89 78 60
0.2390091 -0.2566496 0.03019953 165 131 84
0.09248499 -0.08245964 0.1705757 72 49 30
0.1303968 -0.1275446 0.02610093 18 9 5
0.04535137 -0.03532664 0.2084875 118 108 98
0.138594 -0.1572596 0.004583407 82 50 18
0.227738 -0.04044964 0.1685264 90 78 61
0.1365447 -0.1746781 0.2310297 51 36 25
0.1488404 -0.05274514 0.2156601 127 95 65
0.1375693 -0.1798016 0.01073128 27 15 5
0.07301676 -0.1992696 0.1849207 37 17 3
0.05252388 -0.05581864 0.1593046 10 5 5
0.2431076 -0.07938564 0.15828 143 121 97
0.0504746 -0.1265196 0.1675018 32 19 10
0.06072104 -0.04249864 0.2402515 44 31 20
0.1324461 -0.1316426 0.1920932 46 35 31
0.10683 -0.1367656 0.2382022 33 19 9
0.05867174 -0.1910716 0.06811133 44 16 2
0.00334097 -0.1716036 0.07528385 64 27 9
0.07199211 -0.1849246 0.06298813 35 16 2
0.08531248 -0.09885464 0.06913599 46 32 25
0.2226148 -0.06913964 0.04966773 30 15 9
0.08633713 -0.1398406 0.2207833 23 12 7
0.03612958 -0.1439386 0.1613539 34 19 9
0.09555893 -0.01893164 0.1060232 29 12 4
0.1519143 -0.06811464 0.218734 226 222 196
0.0996575 -0.1767276 0.2279557 95 62 24
0.2441323 -0.03532664 0.02200236 127 114 105
0.1109286 -0.004586643 0.2228326 31 17 14
0.2226148 -0.1541846 -0.0005398126 39 20 8
0.06174567 -0.1039776 0.1090971 5 0 1
0.124249 -0.1767276 0.2300051 61 46 33
0.02178457 -0.1490616 -0.006687673 55 34 18
0.06891818 -0.1654556 -0.01181087 40 26 16
0.08736177 -0.1142236 0.06503739 52 28 15
0.07096748 -0.1552096 0.2074629 50 28 4
0.02690778 -0.07016364 0.2320543 127 104 78
0.05867174 -0.1511106 0.1029492 22 3 0
0.07199211 -0.007661143 0.06606206 22 7 6
0.1365447 -0.1838996 0.02405166 62 44 34
0.2246641 -0.03327664 0.1603293 102 85 67
0.05354853 -0.1357416 0.1787729 110 98 85
0.08018927 -0.1818506 0.1203682 79 48 22
0.1047807 -0.1675056 0.2361529 62 36 17
0.05354853 -0.1521361 0.1941425 26 11 5
0.2215901 -0.2392306 0.02405166 101 50 11
0.05559781 -0.1879976 0.112171 74 40 14
0.0996575 -0.1254956 0.02917486 28 18 15
0.1181011 -0.1439386 0.1572553 23 11 5
0.04432674 -0.1121746 0.1900439 13 9 5
0.07609069 -0.1357416 0.04556918 44 28 13
0.1201504 -0.1500866 0.1490582 37 20 13
0.1621608 -0.1890236 0.02200236 23 5 0
0.1006821 -0.1900476 0.1716004 52 23 5
0.05764711 -0.1244696 0.1500828 50 38 24
0.0504746 -0.1285686 0.1664771 16 6 5
0.04740067 -0.2013186 0.1777482 107 71 37
0.00129169 -0.1131996 0.2494733 132 94 42
-0.01202868 -0.1541846 0.04761847 49 23 5
0.02793243 -0.1941466 0.1500828 59 22 0
0.01666134 -0.1716036 0.1459843 44 27 15
0.1898262 -0.2617726 0.04249525 118 60 20
0.2031465 -0.09270564 0.06093883 22 16 13
0.2400337 -0.09782914 0.05274167 27 15 11
0.02588314 -0.1828746 0.07016063 44 13 0
0.07916462 -0.04352314 0.1797975 88 72 60
0.05354853 -0.1336916 0.1767236 23 11 7
0.1293722 -0.1828746 0.1961918 89 59 27
0.1293722 -0.1828746 -0.009761613 46 29 12
0.1334708 -0.1080766 0.2136108 22 11 6
0.1314215 -0.06606514 0.143935 18 10 6
0.04740067 -0.2125896 0.08450563 116 76 39
0.08018927 -0.1367656 0.01278057 33 24 20
0.07301676 -0.1982446 0.1992657 29 11 3
0.1232243 -0.1808256 0.2207833 112 79 39
0.1621608 -0.1172976 0.2289804 57 37 27
0.121175 -0.1470116 0.1470089 41 25 14
0.032031 -0.04762164 0.2279557 67 47 22
0.0996575 -0.1203716 0.2238572 11 5 5
0.08736177 -0.08245964 0.06401276 35 24 23
0.1037561 -0.1203716 0.2259065 19 11 7
0.1191257 -0.1029526 0.1920932 13 8 6
0.1744565 -0.1798016 0.01278057 88 67 42
0.032031 -0.2023436 0.07118526 78 33 0
0.05969639 -0.04557264 0.2453747 42 28 18
0.1221997 -0.1511106 0.007657327 44 31 19
0.1150272 -0.1869736 0.1838961 61 30 8
0.0904357 -0.1572596 0.2259065 35 17 6
0.09555893 -0.1224206 0.02097773 31 23 13
0.06174567 -0.1961946 0.06503739 65 33 10
0.05252388 -0.2013186 0.07835778 50 18 1
0.06277032 -0.1541846 -0.001564453 32 19 7
0.07813997 -0.1972201 0.1941425 57 31 12
0.2338858 -0.09578064 0.1746743 134 111 85
0.03510494 -0.2156636 0.08860421 120 72 31
0.1058054 -0.1142236 0.1521321 10 5 0
0.09658357 -0.08450964 0.04761847 15 5 2
0.08736177 -0.1091006 0.1890193 20 11 5
0.1426925 -0.1572596 0.1797975 24 2 0
0.05662246 -0.1254956 0.1777482 26 15 10
0.04535137 -0.1726286 0.1910686 74 56 43
0.2410584 -0.1357416 0.05376633 55 37 23
0.210319 -0.03942564 0.1541814 109 97 75
0.04432674 -0.1900476 0.1070478 122 83 43
0.2267133 -0.2648461 0.01278057 141 101 49
0.1191257 -0.01278464 0.2443501 24 15 13
0.1140025 -0.1541846 0.1408611 18 8 6
0.06379497 -0.1664806 0.2054136 52 28 10
0.01973527 -0.1572596 0.143935 27 11 1
0.1314215 -0.1808256 0.1879947 52 26 5
0.1078547 -0.1746781 0.1449596 88 57 28
0.08223855 -0.03122764 0.03942133 47 37 27
0.2236394 -0.2433296 0.03327345 115 74 31
0.02895707 -0.1521361 -0.0005398126 62 39 18
0.2287626 -0.2412796 0.03327345 132 81 32
0.1191257 -0.1152476 0.1941425 0 0 0
0.1724072 -0.2638216 0.04864311 143 92 35
0.01871064 -0.1295936 0.08143171 10 9 6
0.2390091 -0.1562336 -0.003613743 101 67 24
0.1642101 -0.01893164 0.2125861 84 65 39
0.1109286 -0.1900476 0.1941425 78 48 22
0.2021219 -0.1306186 0.05376633 45 29 15
0.04330209 -0.1920966 0.112171 73 41 13
0.08736177 -0.1316426 0.01380521 28 18 10
-0.01305333 -0.1582836 0.007657327 24 15 9
0.07711534 -0.03225264 0.1736497 13 3 2
0.05252388 -0.03327664 0.1890193 49 35 32
-0.01305333 -0.1767276 0.09680137 115 76 42
0.08121391 -0.03532664 0.1746743 77 60 52
0.04535137 -0.1275446 0.08860421 27 23 21
0.06994283 -0.01175864 0.07425919 24 10 9
0.09350964 -0.1265196 0.03224879 22 12 10
0.04330209 -0.2033676 0.1644279 95 50 27
-0.00280689 -0.1582836 0.143935 47 31 16
0.1631854 -0.1736526 -0.008736943 77 53 29
0.01973527 -0.1859486 0.1552061 67 39 18
0.06379497 -0.1767276 0.03839665 22 12 5
0.167284 -0.1644316 0.2228326 114 83 37
0.199048 -0.1716036 0.01278057 108 75 31
0.05252388 -0.2002936 0.1521321 59 26 9
0.2379844 -0.2043926 0.0158545 137 98 55
0.06789355 -0.1849246 0.06298813 26 10 0
0.2308119 -0.1562336 -0.007712313 42 26 15
0.1478158 -0.1716036 0.2392269 55 44 40
0.06277032 -0.1859486 0.0558156 31 7 1
0.09863286 -0.005611643 0.1562307 65 54 49
0.05354853 -0.02200664 0.2105368 42 28 26
0.3763114 -0.1091006 0.002534127 146 95 30
0.3383995 -0.1172976 0.2341037 215 200 170
0.3004877 -0.07221364 0.04966773 33 20 11
0.3066356 -0.08860764 0.2084875 220 202 168
0.362991 -0.007661143 0.009706627 152 116 68
0.3086849 -0.1029526 0.02097773 99 65 32
0.3465967 -0.09782914 0.2463994 218 208 182
0.2820441 -0.06299164 0.1531568 86 66 42
0.2697484 -0.05479464 0.1603293 63 50 35
0.2984384 -0.1039776 0.04249525 43 24 12
0.2912659 -0.01380864 0.1429103 107 88 71
0.2758963 -0.1357416 0.02405166 98 61 26
0.2492555 -0.2535756 0.03532273 191 173 138
0.2810195 -0.07631264 0.1613539 134 114 85
0.2933152 -0.2177126 0.01278057 134 91 47
0.3076602 -0.1183226 0.2074629 197 180 144
0.2974138 -0.09168164 0.04659381 47 30 13
0.2451569 -0.03635064 0.03122416 85 71 57
0.3414735 -0.05172064 0.1931179 220 210 185
0.3588924 -0.1603326 -0.002589073 125 70 25
0.2933152 -0.1050016 0.1931179 225 219 202
0.2912659 -0.01278464 0.1531568 228 226 211
0.2625759 -0.2505016 0.007657327 150 108 59
0.316882 -0.1449636 0.2433255 211 201 182
0.2789702 -0.06401664 0.1521321 107 91 66
0.285118 -0.01790764 0.1634032 228 226 214
0.3332763 -0.07016364 0.1961918 191 164 108
0.3148327 -0.08041064 0.1879947 231 222 208
0.3547938 -0.03225264 0.0158545 97 64 38
0.3086849 -0.1193466 0.2084875 224 216 189
0.334301 -0.1429136 0.2443501 159 134 96
0.2482309 -0.1490616 0.2351283 200 188 174
0.334301 -0.1695546 0.002534127 131 93 49
0.2963891 -0.08143564 0.1736497 181 166 145
0.2605266 -0.1121746 0.0578649 33 20 12
0.3086849 -0.1029526 0.01175593 47 21 9
0.3138081 -0.09578064 0.0250763 54 27 13
0.3066356 -0.05991764 0.04556918 52 31 21
0.3476213 -0.08963264 0.2351283 99 65 27
0.3261038 -0.02303064 0.03429809 141 104 50
0.3097095 -0.09065664 0.2023397 176 161 127
0.2769209 -0.04249864 0.1480335 208 194 168
0.3291777 -0.07221364 0.1961918 219 202 168
0.3035616 -0.1183226 0.2125861 226 217 197
0.3619663 -0.05274514 0.008681977 120 84 40
0.3076602 -0.1060266 0.2023397 178 168 150
0.3127834 -0.04352314 0.1961918 210 196 161
0.3179066 -0.05069564 0.04249525 99 64 25
0.3230299 -0.04249864 0.1695511 174 158 125
0.3353256 -0.03327664 0.1777482 222 220 203
0.3322517 -0.04454864 0.1756989 143 110 55
0.3209806 -0.1142236 0.2166847 222 216 195
0.2799948 -0.1275446 0.03532273 89 55 26
0.2789702 -0.06094164 0.1429103 90 66 40
0.3230299 -0.09373164 0.2095122 147 122 88
0.2646252 -0.02507964 0.1838961 171 158 140
0.3722128 -0.01585764 -0.008736943 205 170 75
0.2912659 -0.1726286 0.0158545 20 15 15
0.2625759 -0.2156636 0.01175593 121 78 42
0.2758963 -0.03020314 0.1377871 168 151 121
0.3435227 -0.1859486 -0.009761613 122 77 30
0.316882 -0.1080766 0.2054136 209 193 160
0.3148327 -0.08553364 0.1992657 191 167 133
0.2676991 -0.1080766 0.0578649 47 33 23
0.3332763 -0.06299164 0.1920932 203 189 156
0.2943398 -0.1623826 0.004583407 36 20 8
0.2717977 -0.09987864 0.05888953 62 49 39
0.3322517 -0.1654556 0.004583407 84 60 35
0.3363502 -0.1203716 0.2371776 122 97 66
0.2994631 -0.1367656 0.001509477 74 36 7
0.2840934 -0.005611643 0.001509477 26 9 0
0.3568431 -0.06709064 0.01380521 85 55 33
0.3045863 -0.07221364 0.2002904 205 190 167
0.3394242 -0.09373164 0.2218079 217 207 182
0.2902413 -0.2310336 0.009706627 145 108 61
0.3783606 -0.1131996 -0.002589073 124 79 23
0.3281531 -0.09065664 0.008681977 78 43 17
0.3189313 -0.006635643 -0.002589073 86 44 5
0.377336 -0.09270564 0.002534127 145 99 29
0.3568431 -0.1685296 -0.007712313 132 75 18
0.2687237 -0.1203716 0.004583407 67 34 16
0.2461816 -0.1377906 0.05171703 33 18 3
0.3220052 -0.06606514 0.1941425 220 207 171
0.302537 -0.1582836 0.2433255 228 220 205
0.3404488 -0.02303064 0.1552061 157 124 70
0.2953645 -0.03942564 0.1470089 213 203 177
0.3261038 -0.1941466 -0.003613743 140 92 39
0.3158574 -0.1480376 0.247424 229 222 201
0.2861427 -0.07528714 0.04966773 29 15 10
0.2953645 -0.01175864 0.0506924 30 17 10
0.3045863 -0.03225264 0.1562307 79 54 33
0.3414735 -0.06299164 0.2095122 145 112 75
0.3609417 -0.01073464 0.01380521 158 121 67
0.3035616 -0.1203716 0.01175593 51 34 24
0.3066356 -0.1879976 0.009706627 155 119 61
0.3670896 -0.01175864 0.002534127 182 148 71
0.2820441 -0.05786864 0.143935 133 116 90
0.3353256 -0.05172064 0.02712559 132 88 23
0.2769209 -0.03532664 0.1326639 48 31 13
0.2933152 -0.2361566 -0.004638373 151 111 59
0.2779455 -0.01688264 0.143935 95 77 57
0.3066356 -0.03839964 0.04351988 51 36 23
0.2543787 -0.08245964 0.1900439 145 120 92
0.3281531 -0.009710643 0.03532273 136 97 37
0.3424981 -0.1644316 0.004583407 103 66 29
0.2789702 -0.1439386 0.0004848474 47 26 11
0.2892166 -0.1992696 0.01073128 107 55 13
0.3015123 -0.1203716 0.218734 193 177 148
0.2625759 -0.2177126 0.01892843 132 92 55
0.2554034 -0.1695546 -0.008736943 82 44 6
0.288192 -0.04967164 0.1490582 223 217 199
0.3291777 -0.07631264 0.2023397 214 199 168
0.3261038 -0.005611643 0.03327345 137 100 41
0.3240545 -0.07631264 0.1961918 199 178 138
0.2810195 -0.2443536 -0.001564453 154 121 70
0.3322517 -0.09578064 0.2166847 226 216 185
0.3291777 -0.009710643 0.03429809 161 120 47
0.3209806 -0.06606514 0.1808222 151 137 114
0.3619663 -0.005611643 0.009706627 146 106 54
0.3117588 -0.07118964 0.1777482 125 107 87
0.2523294 -0.005611643 0.1603293 188 178 159
0.2595019 -0.007661143 0.1244667 220 211 202
0.345572 -0.1654556 0.003558777 101 54 18
0.2584773 -0.1418886 0.03327345 120 80 30
0.2799948 -0.01790764 0.1562307 171 161 133
0.2513048 -0.2392306 -0.0005398126 131 89 33
0.2646252 -0.02815364 0.1920932 153 140 124
0.3189313 -0.02303064 0.03737203 70 47 31
0.2984384 -0.2238606 0.0179038 153 122 62
0.3035616 -0.1050016 0.03429809 84 53 24
0.3189313 -0.2115656 -0.002589073 151 108 44
0.2574527 -0.004586643 0.1347132 95 79 60
0.3250792 -0.02712964 0.1767236 220 216 197
0.3148327 -0.1869736 0.003558777 146 102 36
0.3271284 -0.03225264 0.1838961 220 211 193
0.288192 -0.01073464 0.0004848474 44 18 5
0.273847 -0.07323764 0.04761847 33 21 13
0.2646252 -0.1029526 0.1797975 127 107 78
0.2769209 -0.05069564 0.1367625 141 114 80
0.3271284 -0.06504064 0.03429809 125 87 30
0.3199559 -0.08450964 0.1879947 217 209 185
0.270773 -0.2351316 0.01995307 135 88 37
0.3189313 -0.01483364 -0.009761613 65 32 7
0.3015123 -0.04147364 0.04454453 47 30 20
0.2666745 -0.1213966 0.001509477 55 20 2
0.2656498 -0.1009036 0.05888953 27 12 5
0.2676991 -0.1408646 0.01175593 56 33 19
0.3404488 -0.01073464 0.03019953 123 73 27
0.3004877 -0.2248856 0.008681977 157 118 57
0.3045863 -0.02200664 0.04454453 40 23 11
0.3035616 -0.05684364 0.1613539 124 92 62
0.3097095 -0.004586643 0.1060232 228 228 216
0.3076602 -0.04557264 0.1972165 217 205 174
0.2799948 -0.07426264 0.2084875 228 222 200
0.2482309 -0.2433296 0.02610093 140 99 62
0.3609417 -0.06913964 0.01482987 71 44 23
0.3015123 -0.01175864 0.143935 124 102 80
0.3015123 -0.02303064 0.143935 102 72 44
0.3230299 -0.006635643 -0.004638373 87 45 7
0.3066356 -0.2095156 0.008681977 147 101 39
0.362991 -0.1449636 0.002534127 105 52 18
0.3220052 -0.1480376 0.2433255 221 213 194
0.2953645 -0.09168164 0.1777482 226 223 207
0.3424981 -0.05172064 0.2023397 223 217 199
0.3086849 -0.1982446 0.007657327 146 100 46
0.2502802 -0.1224206 0.0558156 33 20 13
0.2502802 -0.04762164 0.04044595 33 18 11
0.3035616 -0.1716036 0.005608047 89 62 39
0.3004877 -0.1101246 0.03122416 42 18 3
0.2943398 -0.09373164 0.1828715 129 105 79
0.3414735 -0.05684364 0.0179038 60 28 9
0.2697484 -0.01175864 0.1705757 194 185 174
0.3199559 -0.2105396 -0.003613743 145 103 40
0.3076602 -0.1224206 0.2105368 226 217 190
0.2871673 -0.006635643 0.002534127 23 5 0
0.377336 -0.09782914 0.003558777 137 88 30
0.3814346 -0.1162736 -0.007712313 149 99 31
0.285118 -0.02917764 0.1367625 88 65 42
0.2687237 -0.01688264 0.1808222 194 188 177
0.3660649 -0.09680464 0.01380521 105 78 52
0.3045863 -0.01688264 0.1470089 132 110 78
0.3004877 -0.1920966 0.0158545 129 84 37
0.2871673 -0.07426264 0.126516 179 148 85
0.2605266 -0.2494766 0.0158545 134 92 49
0.3015123 -0.05172064 0.04556918 39 25 15
0.2769209 -0.09680464 0.233079 163 148 121
0.3148327 -0.05889364 0.1695511 223 216 194
0.2717977 -0.01483364 0.02610093 72 58 47
0.3107341 -0.05172064 0.04454453 53 33 19
0.3404488 -0.05376964 0.0158545 69 32 11
0.2963891 -0.03225264 0.04147058 31 15 10
0.362991 -0.01995664 0.005608047 185 150 63
0.256428 -0.1429136 0.03429809 111 75 37
0.3076602 -0.2105396 0.01175593 152 103 39
0.3199559 -0.03532664 0.04044595 87 62 36
0.3322517 -0.1552096 0.2463994 221 208 173
0.2748716 -0.1664806 0.01175593 100 66 35
0.2922906 -0.08553364 0.05171703 31 18 10
0.3035616 -0.1080766 0.2054136 222 219 203
0.3066356 -0.05069564 0.09885066 190 167 114
0.3199559 -0.1347166 0.2289804 227 219 199
0.3117588 -0.09782914 0.0250763 44 17 5
0.3640156 -0.1562336 -0.0005398126 118 74 31
0.273847 -0.01995664 0.1623786 66 47 28
0.3179066 -0.06401664 0.1910686 199 184 143
0.3097095 -0.1367656 0.2259065 225 217 199
0.3179066 -0.01585764 0.03737203 86 59 36
0.3250792 -0.06606514 0.1972165 210 195 160
0.2513048 -0.01688264 0.1685264 186 174 152
0.2666745 -0.01688264 0.1838961 176 163 151
0.3117588 -0.1818506 0.004583407 118 72 27
0.288192 -0.04967164 0.04966773 39 28 20
0.3496706 -0.06811464 0.2177094 184 166 125
0.3476213 -0.1213966 0.01380521 80 54 29
0.3056109 -0.1644316 0.01175593 21 13 9
0.2676991 -0.1111496 0.2453747 167 153 126
0.2922906 -0.1818506 0.01380521 85 60 37
0.2615512 -0.03327664 0.1316393 124 108 85
0.2492555 -0.2423041 0.02712559 131 82 37
0.345572 -0.01585764 0.02712559 109 63 25
0.3138081 -0.1377906 0.2289804 210 198 173
0.3199559 -0.2002936 0.002534127 154 111 53
0.3414735 -0.1326676 0.2494733 215 200 172
0.3148327 -0.04659764 0.1634032 127 85 57
0.3035616 -0.2228356 0.0004848474 159 114 49
0.3558185 -0.1634066 -0.002589073 125 75 26
0.2912659 -0.1183226 0.03429809 86 53 22
0.2666745 -0.03020314 0.1306146 127 109 89
0.2697484 -0.2177126 0.0158545 105 57 18
0.3322517 -0.01688264 0.03327345 113 71 30
0.3250792 -0.1490616 0.2484487 220 209 185
0.3302024 -0.1685296 0.003558777 79 55 30
0.2902413 -0.2330816 0.01278057 150 109 47
0.2513048 -0.08655864 0.1623786 167 143 111
0.2717977 -0.1398406 0.0158545 72 43 16
0.3660649 -0.1357416 0.002534127 129 74 23
0.3424981 -0.03430164 0.1961918 229 222 196
0.3281531 -0.03839964 0.1808222 217 210 191
0.3250792 -0.01585764 0.172625 214 208 191
0.3763114 -0.1285686 -0.006687673 140 93 34
0.2666745 -0.1224206 -0.0005398126 83 47 23
0.2697484 -0.2474276 -0.005663013 154 117 62
0.3117588 -0.01995664 0.03942133 87 55 28
0.2953645 -0.1131996 0.03634738 80 47 18
0.3302024 -0.1623826 0.008681977 62 37 13
0.2584773 -0.08860764 0.004583407 37 21 5
0.3302024 -0.08450964 0.007657327 91 55 33
0.3240545 -0.1521361 0.2494733 222 212 195
0.3158574 -0.03020314 0.1849207 220 208 179
0.2574527 -0.2505016 0.01482987 155 114 57
0.3414735 -0.02405464 0.1838961 226 217 182
0.3476213 -0.02917764 0.02405166 131 85 29
0.2687237 -0.1183226 0.05171703 34 19 10
0.2861427 -0.03942564 0.1429103 130 99 67
0.3086849 -0.007661143 0.04147058 62 43 29
0.2974138 -0.02610464 0.1541814 140 125 91
0.2963891 -0.07118964 0.2064383 225 219 199
0.3763114 -0.06913964 0.002534127 162 115 34
0.3445474 -0.1767276 -0.004638373 135 88 44
0.3271284 -0.02303064 0.03737203 55 29 10
0.3179066 -0.2125896 -0.006687673 154 113 52
0.3056109 -0.04044964 0.1634032 118 97 72
0.3332763 -0.02303064 0.03327345 140 101 40
0.3148327 -0.009710643 0.1521321 216 210 191
0.3240545 -0.1285686 0.01175593 104 62 20
0.302537 -0.07631264 0.04659381 47 28 14
0.3261038 -0.05376964 0.03839665 147 113 37
0.2584773 -0.2177126 -0.009761613 135 94 40
0.2994631 -0.007661143 0.1572553 108 80 49
0.2912659 -0.1613576 0.007657327 78 51 17
0.2953645 -0.1306186 0.2166847 197 184 167
0.3363502 -0.02917764 0.1756989 222 218 202
0.3076602 -0.003562643 0.1541814 217 211 188
0.2933152 -0.1982446 0.007657327 102 43 6
0.2974138 -0.02712964 0.1818468 82 50 17
0.2922906 -0.01893164 0.1603293 228 225 208
0.3271284 -0.08245964 0.2054136 177 149 110
0.3148327 -0.1439386 0.2443501 229 221 203
0.3332763 -0.06196764 0.03019953 122 88 55
0.3107341 -0.01790764 -0.005663013 77 39 8
0.3086849 -0.01278464 0.1531568 205 188 163
0.2687237 -0.2320576 0.02200236 164 110 52
0.3004877 -0.02610464 0.1019246 188 158 112
0.3332763 -0.1828746 -0.003613743 115 65 20
0.3230299 -0.03122764 0.03737203 88 57 27
0.2912659 -0.07631264 0.0506924 38 23 15
0.3394242 -0.04557264 0.2115615 223 217 197
0.3732374 -0.01688264 -0.009761613 182 149 65
0.2830688 -0.07221364 0.1920932 193 181 157
0.3015123 -0.04249864 0.1808222 78 62 40
0.2943398 -0.01995664 0.0506924 42 26 16
0.2523294 -0.04352314 0.1972165 181 168 151
0.3383995 -0.04864664 0.0250763 127 86 29
0.2789702 -0.2453776 0.002534127 154 111 65
0.2892166 -0.01380864 0.1306146 187 171 145
0.2953645 -0.09885464 0.04556918 44 28 17
0.3158574 -0.1234456 0.2125861 226 218 197
0.3117588 -0.07016364 0.04249525 99 69 32
0.2584773 -0.03327664 0.1336885 118 101 80
0.3004877 -0.1347166 0.2228326 213 197 168
0.2933152 -0.06811464 0.1613539 148 129 104
0.3015123 -0.08041064 0.04659381 49 29 17
0.2676991 -0.02610464 0.023027 91 77 63
0.331227 -0.1541846 0.007657327 62 31 11
0.3066356 -0.06401664 0.04351988 60 39 28
0.3261038 -0.007661143 0.03429809 151 114 49
0.2840934 -0.07631264 0.0506924 42 28 20
0.2728223 -0.1398406 0.233079 85 70 50
0.256428 -0.1285686 0.05376633 35 18 6
0.2922906 -0.03839964 0.1418857 145 127 108
0.270773 -0.2402546 0.02610093 158 115 60
0.2625759 -0.2248856 -0.003613743 133 85 49
0.2666745 -0.04659764 0.2023397 170 157 141
0.3547938 -0.02815364 0.01482987 101 63 30
0.2789702 -0.2402546 0.008681977 151 110 53
0.2984384 -0.1254956 0.2105368 223 214 191
0.3383995 -0.04762164 0.023027 118 72 16
0.3783606 -0.06094164 -0.001564453 154 110 36
0.273847 -0.09270564 0.2351283 167 153 125
0.2953645 -0.09168164 0.1756989 148 130 99
0.3281531 -0.02405464 0.03429809 120 82 39
0.3107341 -0.06606514 0.1746743 153 138 118
0.2533541 -0.1767276 -0.006687673 102 60 18
0.2963891 -0.02815364 0.04147058 40 22 17
0.2758963 -0.1111496 0.05376633 50 36 26
0.331227 -0.1429136 0.009706627 55 26 7
0.3076602 -0.004586643 0.1039739 67 47 23
0.2615512 -0.02815364 0.1931179 190 182 169
0.2974138 -0.07323764 0.2125861 222 216 197
0.3681142 -0.04352314 -0.002589073 171 136 58
0.2912659 -0.1203716 0.02097773 72 42 22
0.3148327 -0.07118964 0.1910686 104 80 52
0.2513048 -0.2382066 0.004583407 122 66 27
0.2974138 -0.03635064 0.1213928 208 191 174
0.3004877 -0.02507964 0.1490582 226 222 208
0.2830688 -0.1265196 0.01482987 82 47 15
0.273847 -0.1398406 0.2484487 88 72 55
0.2615512 -0.01380864 0.172625 150 133 111
0.3220052 -0.05889364 0.18697 200 182 141
0.3711881 -0.06709064 0.006632707 140 101 37
0.2574527 -0.2392306 0.02610093 156 112 62
0.2666745 -0.2259106 -0.005663013 108 60 23
0.2513048 -0.1459876 0.02815023 86 51 20
0.2728223 -0.06504064 0.2064383 214 202 190
0.2974138 -0.01073464 0.143935 151 125 88
0.2953645 -0.04864664 0.15828 153 134 108
0.2595019 -0.01790764 0.1767236 174 158 141
0.2513048 -0.03225264 0.1777482 118 101 80
0.2574527 -0.1869736 0.01278057 131 108 80
0.2810195 -0.03020314 0.15828 150 134 101
0.3742621 -0.04864664 0.001509477 154 116 44
0.3056109 -0.03122764 0.04556918 62 44 23
0.2861427 -0.06299164 0.1562307 140 120 95
0.3578678 -0.01893164 0.01278057 139 99 46
0.3363502 -0.1152476 0.01278057 69 54 39
0.3322517 -0.06606514 0.2002904 188 169 140
0.2810195 -0.1265196 0.03429809 57 31 15
0.3660649 -0.004586643 0.009706627 154 124 67
0.3414735 -0.09373164 0.2412761 222 215 191
0.3588924 -0.1470116 0.004583407 108 57 18
0.3148327 -0.03635064 0.04351988 80 60 28
0.2605266 -0.1009036 0.2207833 199 188 174
0.2840934 -0.2433296 -0.006687673 145 101 46
0.3097095 -0.01893164 0.03942133 72 47 33
0.2584773 -0.02712964 0.0250763 67 55 47
0.270773 -0.1009036 0.2402515 168 154 127
0.2554034 -0.05069564 0.1490582 71 52 39
0.3640156 -0.1306186 0.005608047 118 67 22
0.3291777 -0.04454864 0.172625 122 92 46
0.2861427 -0.03225264 0.1767236 180 160 130
0.3097095 -0.01790764 0.1449596 236 231 208
0.3281531 -0.1869736 -0.003613743 111 52 18
0.2902413 -0.2013186 0.01380521 161 122 60
0.2533541 -0.2525506 0.02815023 145 104 54
0.3527445 -0.07016364 0.2371776 142 101 52
0.3117588 -0.01073464 0.03839665 101 75 33
0.2902413 -0.05786864 0.1306146 193 173 138
0.2636005 -0.2351316 -0.003613743 142 98 49
0.3158574 -0.06196764 0.04147058 112 79 31
0.2963891 -0.1172976 0.01482987 89 53 22
0.2472062 -0.04454864 0.02097773 28 15 7
0.302537 -0.1265196 0.001509477 57 27 5
0.3732374 -0.1388156 -0.007712313 133 85 31
0.3660649 -0.06606514 0.01175593 108 71 32
0.345572 -0.1357416 0.009706627 79 52 28
0.3517199 -0.008685643 0.023027 102 50 22
0.2912659 -0.1572596 0.007657327 62 37 13
0.2758963 -0.1541846 0.2248818 84 72 49
0.2656498 -0.01893164 0.1808222 166 148 127
0.3732374 -0.06401664 0.006632707 142 98 27
0.3363502 -0.07118964 0.2125861 199 185 162
0.270773 -0.08860764 0.2166847 163 150 118
0.2472062 -0.2361566 0.02097773 118 67 30
0.3004877 -0.07733664 0.1695511 151 130 106
0.288192 -0.08860764 0.1685264 135 118 88
0.2666745 -0.08655864 0.2289804 165 150 123
0.3230299 -0.08450964 0.2023397 215 189 147
0.3117588 -0.03327664 0.1613539 176 155 129
0.3209806 -0.08450964 0.1992657 132 107 80
0.3383995 -0.09680464 0.2228326 211 199 176
0.2646252 -0.1254956 0.002534127 52 18 1
0.3445474 -0.01175864 0.02815023 113 66 30
0.331227 -0.1408646 0.006632707 72 24 2
0.2605266 -0.07528714 0.1787729 118 101 78
0.3015123 -0.1091006 0.2023397 231 226 214
0.3230299 -0.03430164 0.03942133 117 83 41
0.3056109 -0.1111496 0.1992657 231 217 190
0.3035616 -0.1377906 0.2300051 208 191 155
0.2482309 -0.04147364 0.1459843 145 129 104
0.3435227 -0.04044964 0.02405166 132 87 26
0.2963891 -0.1275446 0.004583407 26 21 13
0.3742621 -0.1418886 -0.01181087 129 70 21
0.3793853 -0.07426264 -0.004638373 170 129 52
0.3127834 -0.2146386 0.003558777 157 116 53
0.3640156 -0.004586643 0.004583407 163 126 58
0.3763114 -0.05684364 0.001509477 153 112 38
0.3199559 -0.04762164 0.04147058 85 57 15
0.3291777 -0.007661143 0.03327345 134 93 34
0.3056109 -0.08450964 0.04351988 58 32 10
0.3476213 -0.1736526 -0.003613743 127 84 37
0.2789702 -0.2412796 0.01995307 171 145 98
0.2584773 -0.2525506 0.006632707 141 102 47
0.3517199 -0.08450964 0.2361529 163 136 102
0.2963891 -0.1285686 0.2136108 207 191 153
0.3752867 -0.07323764 0.002534127 148 107 42
0.2656498 -0.01790764 0.1787729 148 130 111
0.3404488 -0.03430164 0.1787729 213 202 175
0.3414735 -0.1029526 0.2320543 225 219 198
0.3404488 -0.03532664 0.02815023 161 126 50
0.2779455 -0.2341076 -0.009761613 147 115 69
0.2605266 -0.2443536 -0.006687673 138 98 44
0.348646 -0.1726286 -0.003613743 136 90 44
0.2676991 -0.04762164 0.1480335 83 67 52
0.2933152 -0.2310336 0.01175593 150 110 48
0.3404488 -0.1213966 0.2494733 223 215 196
0.3158574 -0.03225264 0.04044595 92 69 45
0.359917 -0.05274514 0.01073128 123 89 42
0.3281531 -0.08758264 0.007657327 72 37 15
0.2676991 -0.1705796 0.01278057 97 62 27
0.270773 -0.08655864 0.15828 133 113 86
0.3424981 -0.1838996 -0.007712313 123 75 31
0.3711881 -0.1070516 0.008681977 123 77 27
0.2666745 -0.2484526 0.004583407 148 107 55
0.331227 -0.07016364 0.2023397 218 206 175
0.3496706 -0.08655864 0.2494733 202 179 137
0.3056109 -0.03225264 0.04147058 65 49 38
0.3547938 -0.1306186 0.01175593 88 54 26
0.3045863 -0.02507964 0.1347132 155 124 79
0.3322517 -0.05889364 0.1849207 179 164 133
0.2574527 -0.1111496 0.0558156 47 34 24
0.2646252 -0.1060266 0.0578649 31 17 11
0.2656498 -0.2443536 0.02712559 155 114 60
0.3322517 -0.1439386 0.2392269 196 179 139
0.2769209 -0.1101246 0.2433255 168 155 125
0.3250792 -0.1367656 0.233079 217 207 182
0.302537 -0.1254956 0.2197586 156 132 84
0.2861427 -0.2033676 0.007657327 121 75 42
0.2922906 -0.1634066 0.2412761 214 206 187
0.3363502 -0.1111496 0.2259065 208 192 158
0.2666745 -0.2494766 -0.001564453 155 119 69
0.2974138 -0.02098114 0.1685264 216 198 168
0.2892166 -0.03122764 0.1603293 130 108 70
0.302537 -0.06811464 0.1675018 117 88 55
0.3199559 -0.01380864 -0.008736943 74 38 7
0.2840934 -0.2248856 0.01482987 163 127 77
0.2748716 -0.02200664 0.12959 95 74 41
0.3107341 -0.1613576 0.2494733 229 222 207
0.3127834 -0.1347166 0.2248818 220 210 188
0.3045863 -0.04147364 0.1511075 105 78 57
0.3107341 -0.1798016 0.007657327 143 110 57
0.2871673 -0.06709064 0.204389 178 164 139
0.2523294 -0.1336916 0.2146354 196 182 163
0.2574527 -0.2525506 -0.002589073 147 101 49
0.2554034 -0.03430164 0.023027 75 60 52
0.3363502 -0.08758264 0.2228326 223 213 191
0.2943398 -0.1162736 0.2105368 222 216 197
0.302537 -0.1634066 0.2484487 228 222 205
0.2861427 -0.2382066 0.01482987 138 98 44
0.3107341 -0.1224206 0.2095122 224 215 190
0.3076602 -0.1336916 0.2310297 225 216 191
0.2984384 -0.09475564 0.1900439 145 120 92
0.2994631 -0.1080766 0.03634738 67 39 16
0.2523294 -0.01688264 0.1736497 204 192 178
0.2974138 -0.01278464 0.04659381 46 28 18
0.3424981 -0.02712964 0.02815023 136 98 41
0.2892166 -0.2248856 0.01073128 170 127 78
0.2861427 -0.06811464 0.0558156 34 22 17
0.3445474 -0.05581864 0.01380521 74 40 20
0.1140025 -0.2248856 0.3427159 55 22 5
0.08633713 -0.04044964 0.2894344 88 52 24
0.04740067 -0.04864664 0.3550116 27 13 11
0.1140025 -0.01790764 0.2668922 78 52 28
0.1754811 -0.1500866 0.3130012 164 132 64
0.1806044 -0.2341076 0.3263216 157 114 39
0.08428784 -0.04044964 0.2832866 116 89 59
0.1867522 -0.1992696 0.322223 169 131 60
0.13552 -0.1367656 0.2812372 108 77 45
0.181629 -0.2494766 0.2853358 138 91 31
0.1170765 -0.2371806 0.350913 43 14 4
0.1754811 -0.1152476 0.2730401 101 59 30
0.1611361 -0.2648461 0.2658676 81 45 14
0.1447418 -0.2453776 0.3703813 169 130 46
0.09863286 -0.2627976 0.353987 49 18 3
0.09658357 -0.01585764 0.3386173 79 59 38
0.1857276 -0.1736526 0.3130012 148 107 41
0.032031 -0.01688264 0.4298106 107 77 45
0.01666134 -0.03020314 0.3632088 34 24 18
0.03305565 -0.03122764 0.3519377 29 18 16
0.1949494 -0.1367656 0.2750894 129 85 39
0.03817887 -0.1275446 0.3119766 27 15 9
0.1949494 -0.1890236 0.2986562 149 113 56
0.04637602 -0.06606514 0.2586951 52 33 18
0.1642101 -0.1541846 0.3191491 156 116 48
-0.01202868 -0.1500866 0.290459 26 9 0
0.03612958 -0.03942564 0.3519377 36 27 16
0.04944995 -0.01380864 0.368332 36 26 16
0.09453428 -0.2474276 0.3293955 71 37 7
0.1857276 -0.1582836 0.3058287 191 155 71
0.1580622 -0.2505016 0.2781633 111 63 36
0.06277032 -0.03532664 0.3416912 27 7 5
0.1949494 -0.1838996 0.2976315 156 118 55
0.05457318 -0.06811464 0.3293955 131 92 44
0.1857276 -0.2330816 0.2832866 115 72 26
0.09760821 -0.03430164 0.2955823 107 74 40
0.1478158 -0.2412796 0.368332 168 129 50
0.152939 -0.2187376 0.3550116 144 102 31
0.05764711 -0.05991764 0.2781633 98 69 39
0.1303968 -0.2197621 0.3007055 17 0 0
0.0484253 -0.07016364 0.3273463 134 103 67
0.02075992 -0.05069564 0.3324694 37 13 5
-0.01202868 -0.005611643 0.4369832 18 11 4
0.04944995 -0.07528714 0.3160751 125 90 57
0.1519143 -0.1183226 0.279188 78 46 20
0.00334097 -0.03122764 0.4041945 41 31 26
-0.01305333 -0.1029526 0.3150505 122 95 66
-0.00588082 -0.09168164 0.3232477 147 124 80
0.1888015 -0.1511106 0.2955823 148 106 44
0.01666134 -0.08348464 0.3273463 138 112 78
0.1058054 -0.2351316 0.3304202 23 0 0
0.01461206 -0.02815364 0.4052192 49 36 25
0.1713826 -0.1613576 0.2556212 85 67 57
0.13552 -0.2002936 0.3488638 130 97 51
0.13552 -0.2218116 0.3007055 13 0 0
0.1703579 -0.1644316 0.2515226 47 23 18
0.1129779 -0.01688264 0.3099273 117 83 45
-0.00280689 -0.04147364 0.3304202 24 11 7
0.1406433 -0.1705796 0.3027548 153 112 52
0.181629 -0.1767276 0.3191491 148 107 31
0.1877769 -0.1767276 0.3109519 168 129 49
0.06277032 -0.03839964 0.3447652 23 7 5
0.1611361 -0.1398406 0.3089027 124 91 57
0.03920351 -0.07426264 0.2832866 126 96 65
0.1744565 -0.2187376 0.3375926 182 145 55
0.1549883 -0.1449636 0.3089027 138 107 54
0.1724072 -0.1552096 0.3181245 173 138 62
0.1857276 -0.2269346 0.3109519 133 81 7
0.1611361 -0.2464026 0.3560362 168 129 56
0.1508897 -0.1429136 0.2976315 98 60 23
0.03305565 -0.03839964 0.3447652 31 13 5
0.1601115 -0.1593076 0.3211984 144 106 44
0.09248499 -0.04249864 0.3232477 144 113 72
0.1498651 -0.2300086 0.3621841 163 127 57
0.1498651 -0.1654556 0.3232477 117 75 24
0.01973527 -0.02405464 0.4359585 147 125 91
0.1181011 -0.008685643 0.2750894 73 50 29
-0.01305333 -0.04044964 0.3427159 46 31 13
0.1642101 -0.1736526 0.3314448 163 126 49
0.1437172 -0.2505016 0.2873851 35 1 0
0.1775304 -0.1859486 0.3283709 151 109 35
0.124249 -0.2474276 0.3714059 124 84 33
0.152939 -0.1644316 0.2515226 54 41 35
0.1826537 -0.1439386 0.3007055 169 136 71
0.04125281 -0.01483364 0.4195642 98 74 45
0.0504746 -0.01585764 0.3580856 26 13 10
0.03612958 -0.08143564 0.261769 46 27 15
0.181629 -0.1213966 0.279188 107 60 23
0.1601115 -0.2310336 0.3580856 163 127 57
0.00129169 -0.03635064 0.3570609 26 16 15
0.1150272 -0.006635643 0.3007055 63 40 20
0.08838642 -0.01380864 0.3468144 27 10 5
0.1898262 -0.2125896 0.3140259 154 110 37
0.1375693 -0.2617726 0.3744799 170 131 52
0.1580622 -0.1490616 0.3160751 147 111 54
0.138594 -0.1521361 0.2658676 31 14 6
0.1519143 -0.1562336 0.3130012 157 122 54
0.1539636 -0.1408646 0.2914837 57 23 3
0.1724072 -0.1849246 0.2853358 55 21 0
0.08018927 -0.01995664 0.3437405 85 47 16
0.1078547 -0.2586986 0.365258 45 18 5
0.1775304 -0.2576736 0.2843112 119 70 13
0.1252736 -0.09885464 0.2515226 27 13 11
0.181629 -0.1224206 0.2597197 122 82 32
0.09248499 -0.02303064 0.3386173 75 57 41
0.1262982 -0.1326676 0.2658676 69 47 29
0.1150272 -0.2105396 0.2699662 24 0 1
0.1283475 -0.1972201 0.2781633 44 16 11
0.1580622 -0.1951706 0.3427159 161 124 47
0.1334708 -0.1951706 0.3427159 126 96 54
0.1744565 -0.1798016 0.3273463 164 125 41
-0.0099794 -0.1511106 0.2658676 15 10 5
0.1734319 -0.1623826 0.3048041 90 55 31
0.09248499 -0.1131996 0.2679169 225 219 202
0.1847029 -0.1244696 0.2730401 110 63 24
0.07301676 -0.05991764 0.3099273 131 95 55
0.00948883 -0.07118964 0.3273463 83 44 23
0.1508897 -0.1470116 0.307878 158 122 66
0.1652347 -0.2064426 0.3447652 180 143 60
0.1467911 -0.1142236 0.2668922 88 57 37
0.1232243 -0.2023436 0.3273463 61 29 15
0.1088793 -0.2586986 0.368332 61 35 14
0.1150272 -0.2238606 0.3201737 108 80 57
0.1058054 -0.02098114 0.2822619 114 78 31
0.1519143 -0.2300086 0.2720154 55 6 1
0.1283475 -0.2074666 0.3498884 140 108 66
0.01768599 -0.07938564 0.3355434 142 112 79
0.1775304 -0.2617726 0.2925083 132 83 27
0.1314215 -0.1562336 0.2556212 37 20 11
0.06891818 -0.04864664 0.2771387 120 92 54
0.0648196 -0.05581864 0.279188 105 74 42
0.1027314 -0.03225264 0.3130012 179 167 145
0.121175 -0.2617726 0.3816523 197 171 118
0.04227744 -0.07733664 0.3211984 134 103 70
0.1642101 -0.1695546 0.3283709 154 117 38
0.1539636 -0.1900476 0.3457898 139 99 34
0.1375693 -0.1203716 0.2822619 85 65 44
0.05354853 -0.1234456 0.3058287 21 10 6
0.1283475 -0.1951706 0.339642 85 54 26
0.1662594 -0.1336916 0.3007055 130 95 52
0.1549883 -0.1623826 0.2597197 76 58 46
0.1867522 -0.2105396 0.3181245 153 109 43
0.1027314 -0.2556246 0.3519377 45 17 5
0.1416679 -0.2330816 0.365258 181 145 65
0.06072104 -0.1213966 0.3037794 40 30 21
0.1693333 -0.2453776 0.3437405 170 129 46
0.05764711 -0.03122764 0.3437405 23 7 5
0.1877769 -0.2043926 0.3170998 156 113 39
0.1713826 -0.1562336 0.2515226 91 60 33
0.07199211 -0.06299164 0.3089027 135 107 67
0.1170765 -0.2269346 0.3498884 41 19 7
0.1519143 -0.1306186 0.293533 91 54 31
0.1314215 -0.2300086 0.3027548 9 0 0
0.1898262 -0.1265196 0.2545965 124 88 47
0.1877769 -0.1480376 0.2720154 148 102 52
0.1140025 -0.01688264 0.2627936 32 19 5
0.08223855 -0.007661143 0.3498884 27 13 5
0.1447418 -0.2177126 0.2955823 7 0 0
0.1888015 -0.1644316 0.2976315 150 111 48
0.1160518 -0.01790764 0.2638183 85 62 33
0.01153813 -0.1367656 0.3099273 110 98 85
0.1785551 -0.2607486 0.290459 131 83 29
0.1406433 -0.1838996 0.3355434 94 49 11
0.05252388 -0.006635643 0.4175149 125 101 68
0.10683 -0.2648461 0.3703813 31 11 5
0.124249 -0.1357416 0.2586951 31 11 5
0.1181011 -0.1388156 0.2535719 46 29 15
0.1580622 -0.1562336 0.2771387 111 83 54
0.06891818 -0.03532664 0.3406666 34 14 9
0.01871064 -0.01175864 0.4707964 138 115 85
0.06174567 -0.04762164 0.3427159 97 66 36
0.1314215 -0.2228356 0.3621841 175 149 99
0.1416679 -0.1726286 0.2576704 98 82 66
0.1314215 -0.2136146 0.3570609 208 185 135
0.1642101 -0.2464026 0.279188 124 83 52
0.1898262 -0.2084906 0.3140259 177 138 63
0.1344954 -0.2146386 0.3570609 162 134 86
0.09760821 -0.03532664 0.2945576 122 94 60
0.1621608 -0.1265196 0.2914837 93 57 23
0.1580622 -0.1798016 0.3375926 136 95 26
0.1898262 -0.1695546 0.2996809 159 120 44
0.167284 -0.1879976 0.2832866 148 114 63
-0.01612726 -0.02507964 0.4093177 108 92 72
0.1426925 -0.2566496 0.3744799 166 127 47
0.04944995 -0.01278464 0.3888249 90 73 49
0.1252736 -0.1142236 0.264843 44 30 18
0.03305565 -0.01483364 0.4390324 136 104 63
0.1273229 -0.1347166 0.276114 71 49 23
-0.00178224 -0.03635064 0.3816523 30 20 18
0.09146035 -0.2597226 0.3355434 67 35 14
0.032031 -0.01175864 0.4554267 148 116 73
-0.00895475 -0.03635064 0.3806277 24 15 12
0.1877769 -0.1910716 0.3130012 148 102 29
0.04535137 -0.06196764 0.2668922 111 85 60
0.1519143 -0.2259106 0.2781633 44 0 0
0.2185162 -0.1367656 0.2658676 194 173 138
0.1457665 -0.1818506 0.339642 134 92 36
0.1857276 -0.1500866 0.2668922 109 58 20
0.0484253 -0.009710643 0.428786 141 115 74
0.04740067 -0.06401664 0.336568 119 95 69
0.09453428 -0.01893164 0.3427159 33 16 5
0.1734319 -0.2084906 0.3406666 171 131 51
-0.00280689 -0.02507964 0.4738703 150 127 95
0.1498651 -0.1254956 0.2822619 70 42 23
0.04432674 -0.01175864 0.4328846 135 109 71
0.05662246 -0.008685643 0.3837017 69 53 38
0.1078547 -0.02098114 0.2607444 60 44 30
0.06379497 -0.008685643 0.3621841 25 13 11
0.1713826 -0.1582836 0.3017301 75 44 27
0.05559781 -0.01278464 0.3580856 30 15 11
0.1406433 -0.1193466 0.3170998 133 99 59
0.1344954 -0.2371806 0.3724305 182 152 91
0.10683 -0.2484526 0.3570609 41 13 1
0.1396186 -0.1142236 0.3181245 217 202 181
0.09248499 -0.2597226 0.3437405 49 18 8
0.00129169 -0.03532664 0.3806277 49 39 30
0.1754811 -0.1183226 0.2627936 104 56 11
0.1969987 -0.1838996 0.2873851 135 99 49
0.1109286 -0.01893164 0.2884098 86 60 30
0.1099039 -0.2464026 0.3591102 49 22 7
0.09146035 -0.2586986 0.3345187 52 17 0
0.1396186 -0.2279586 0.365258 148 116 64
0.09146035 -0.03122764 0.3334941 137 110 75
0.05764711 -0.05172064 0.2556212 92 67 40
0.04022816 -0.06299164 0.3273463 111 69 31
0.1867522 -0.1951706 0.3140259 164 117 47
0.00743955 -0.02917764 0.4339092 138 117 85
0.1918755 -0.2054166 0.3140259 136 92 28
0.07711534 -0.04352314 0.2556212 105 85 57
0.1836783 -0.2392306 0.3119766 139 90 14
0.05354853 -0.008685643 0.4103424 130 107 68
0.0084642 -0.1306186 0.3109519 21 11 6
0.1652347 -0.1992696 0.3447652 179 142 58
0.1283475 -0.1531606 0.2545965 36 18 11
0.01768599 -0.07016364 0.3293955 123 96 62
0.01051348 -0.02712964 0.4390324 152 130 92
0.1508897 -0.1091006 0.2586951 124 83 26
0.04227744 -0.07118964 0.3304202 151 132 101
-0.00690547 -0.04762164 0.3211984 23 10 6
0.1396186 -0.2576736 0.3755045 163 123 45
-0.01202868 -0.05069564 0.3181245 35 15 7
0.05969639 -0.004586643 0.4072685 107 86 56
0.1170765 -0.2402546 0.365258 151 124 78
0.02793243 -0.09270564 0.3242723 135 108 74
0.1847029 -0.2464026 0.3017301 143 98 33
0.167284 -0.1121746 0.2699662 144 105 62
0.1508897 -0.2146386 0.2720154 13 0 0
0.1857276 -0.2474276 0.2945576 120 77 22
0.02383385 -0.06299164 0.3345187 111 69 36
0.1344954 -0.1828746 0.2535719 131 102 68
0.1027314 -0.004586643 0.3427159 30 14 7
0.01051348 -0.01790764 0.4687471 94 70 41
0.1795797 -0.1511106 0.2853358 47 15 5
0.03817887 -0.01175864 0.4451803 143 107 66
0.1406433 -0.2125896 0.3570609 139 110 58
0.1416679 -0.2033676 0.3519377 111 72 23
0.02793243 -0.08758264 0.3048041 155 127 84
0.1888015 -0.1736526 0.307878 187 151 77
0.1918755 -0.2156636 0.2955823 132 84 22
-0.00588082 -0.06504064 0.3232477 40 17 9
0.1836783 -0.1849246 0.290459 108 57 6
0.1539636 -0.2412796 0.2689415 79 28 5
0.1949494 -0.1306186 0.2699662 121 78 33
0.1140025 -0.2351316 0.3570609 66 40 15
0.1642101 -0.1439386 0.3130012 121 81 34
0.1344954 -0.04352314 0.2914837 125 91 50
0.0504746 -0.06401664 0.276114 108 78 42
0.1252736 -0.2310336 0.3109519 31 0 1
0.01153813 -0.02815364 0.3888249 27 22 18
0.124249 -0.1582836 0.2535719 53 27 9
0.1478158 -0.1439386 0.2843112 54 23 5
0.1027314 -0.01483364 0.3324694 121 94 54
0.02998171 -0.04557264 0.3293955 27 10 2
0.0832632 -0.04864664 0.3263216 124 92 50
0.02690778 -0.1193466 0.3211984 20 9 6
0.1898262 -0.2115656 0.2925083 127 75 16
0.1570376 -0.2392306 0.3642334 185 147 67
0.1888015 -0.1828746 0.3037794 174 135 47
-0.01100403 -0.006635643 0.4451803 9 9 10
0.1088793 -0.02405464 0.3170998 150 114 54
0.01973527 -0.007661143 0.471821 119 91 58
0.1201504 -0.009710643 0.2638183 23 14 9
0.1570376 -0.1838996 0.3406666 147 106 34
0.1929001 -0.1746781 0.2976315 176 144 79
0.1508897 -0.1869736 0.3447652 159 128 68
-0.00588082 -0.03122764 0.4390324 111 89 67
0.1457665 -0.2576736 0.3724305 158 121 41
0.1744565 -0.2187376 0.3386173 194 158 72
0.1099039 -0.2330816 0.339642 79 46 20
0.1734319 -0.2207866 0.3406666 153 111 38
0.1058054 -0.2361566 0.3457898 134 108 78
0.1724072 -0.1265196 0.2894344 121 79 38
0.09146035 -0.02712964 0.3375926 83 61 35
0.1447418 -0.2433296 0.2894344 31 0 0
0.167284 -0.1818506 0.3355434 168 135 64
0.1058054 -0.2627976 0.365258 51 24 9
0.01256276 -0.01380864 0.4707964 168 151 117
0.04330209 -0.06709064 0.3324694 130 109 80
0.1365447 -0.1920966 0.3447652 136 101 54
0.02485851 -0.02917764 0.3570609 36 24 18
0.1508897 -0.2197621 0.2720154 7 0 0
0.02588314 -0.02815364 0.3560362 37 25 18
0.1918755 -0.1818506 0.2914837 156 116 42
0.1877769 -0.1992696 0.3048041 166 120 42
0.1006821 -0.2525506 0.3150505 49 31 16
0.02075992 -0.04044964 0.3427159 36 15 9
0.07813997 -0.05684364 0.3089027 121 88 49
0.1652347 -0.2023436 0.3447652 191 160 86
0.06994283 -0.05581864 0.3324694 135 108 75
0.0002670403 -0.04557264 0.3314448 22 6 3
0.1908508 -0.1972201 0.3140259 179 134 52
0.1283475 -0.03737564 0.2771387 115 85 54
0.1775304 -0.1408646 0.3017301 153 120 61
0.1426925 -0.1736526 0.3304202 131 95 47
0.06789355 -0.04864664 0.2709908 110 85 54
0.07301676 -0.04044964 0.339642 49 25 13
0.124249 -0.2146386 0.3550116 124 91 52
0.181629 -0.2269346 0.3273463 154 113 42
0.124249 -0.2023436 0.3427159 135 107 62
0.1826537 -0.2187376 0.3263216 162 115 41
0.1836783 -0.1326676 0.2515226 122 95 52
0.05662246 -0.009710643 0.3878002 83 68 51
-0.01612726 -0.03430164 0.3878002 30 21 20
0.07813997 -0.05684364 0.3293955 135 105 65
0.1539636 -0.1490616 0.2699662 60 31 20
0.0084642 -0.03020314 0.4052192 32 21 16
0.1847029 -0.2453776 0.2996809 150 105 37
0.1150272 -0.006635643 0.3201737 90 66 37
-0.01100403 -0.08041064 0.3211984 109 80 51
0.1713826 -0.1982446 0.2945576 85 33 0
0.0668689 -0.008685643 0.3601348 37 27 18
0.03920351 -0.01893164 0.3796031 59 42 27
0.04227744 -0.06606514 0.3355434 122 94 60
0.02178457 -0.07221364 0.339642 127 99 63
0.1857276 -0.1285686 0.2668922 136 96 45
0.02998171 -0.07733664 0.3242723 120 90 51
0.1099039 -0.006635643 0.3283709 123 95 53
0.05662246 -0.02200664 0.3457898 26 11 9
0.1744565 -0.2310336 0.3375926 167 122 45
0.1488404 -0.1593076 0.3201737 138 106 53
0.09863286 -0.2597226 0.3130012 70 42 18
0.1447418 -0.1705796 0.2627936 123 98 68
0.1560129 -0.1961946 0.3468144 163 128 57
0.1795797 -0.2556246 0.3048041 139 93 28
-0.01407796 -0.09475564 0.3232477 135 101 60
0.1037561 -0.2525506 0.3130012 52 33 25
0.07301676 -0.06094164 0.3037794 125 90 49
0.124249 -0.2484526 0.3027548 18 0 0
0.08633713 -0.01585764 0.3447652 46 30 22
0.152939 -0.1562336 0.2515226 62 44 35
0.1683086 -0.2423041 0.3457898 168 126 45
0.1611361 -0.2115656 0.3478391 174 136 55
0.06379497 -0.06401664 0.3181245 152 119 78
-0.00588082 -0.03430164 0.4318599 62 51 43
0.03408029 -0.07323764 0.3345187 145 124 88
0.06789355 -0.03122764 0.3437405 26 9 4
-0.00690547 -0.03430164 0.4246874 49 40 31
0.1703579 -0.1767276 0.3283709 152 113 39
0.1785551 -0.2269346 0.2925083 133 84 18
0.1857276 -0.1992696 0.3211984 192 151 63
0.1724072 -0.1562336 0.3170998 151 118 54
0.04125281 -0.01688264 0.3918988 114 92 62
0.03715423 -0.01893164 0.3744799 56 44 31
0.1273229 -0.05786864 0.307878 125 104 65
0.138594 -0.1234456 0.3170998 143 110 65
0.1416679 -0.1818506 0.3375926 129 90 33
0.1765058 -0.1838996 0.3293955 162 127 64
0.00641491 -0.03020314 0.4390324 156 133 93
-0.01510261 -0.01073464 0.4595253 71 42 21
0.1724072 -0.2453776 0.3355434 163 119 41
0.1775304 -0.2023436 0.3334941 169 127 46
0.1980233 -0.1941466 0.2955823 148 111 54
0.07609069 -0.04249864 0.3416912 57 34 19
0.1170765 -0.01278464 0.2720154 79 55 27
0.1426925 -0.1818506 0.3386173 133 88 42
0.03920351 -0.01893164 0.3693566 58 45 33
0.00743955 -0.03737564 0.350913 29 13 6
0.1898262 -0.1920966 0.3170998 149 107 37
-0.00178224 -0.09373164 0.3201737 52 30 5
0.1273229 -0.2095156 0.3478391 90 59 28
0.1150272 -0.006635643 0.2945576 79 59 36
0.1765058 -0.2423041 0.3293955 150 106 35
0.05559781 -0.007661143 0.4082931 135 112 79
0.1836783 -0.2023436 0.3211984 165 123 44
0.1693333 -0.1377906 0.3037794 124 89 60
0.00231634 -0.03122764 0.4175149 35 23 17
0.05867174 -0.003562643 0.4164902 98 75 47
0.1877769 -0.2269346 0.3191491 148 97 17
0.1109286 -0.2617726 0.3058287 33 0 0
0.04022816 -0.06504064 0.2699662 124 95 69
0.1027314 -0.2464026 0.3488638 74 39 7
0.032031 -0.02098114 0.3867756 74 60 49
0.04637602 -0.06606514 0.3324694 143 114 74
0.09248499 -0.04044964 0.293533 120 91 57
0.1549883 -0.1531606 0.290459 87 37 5
0.1713826 -0.1162736 0.2576704 116 76 31
0.1303968 -0.1941466 0.3211984 75 42 23
0.1775304 -0.2402546 0.3273463 135 89 16
0.1939247 -0.1941466 0.2996809 145 114 62
0.1877769 -0.1572596 0.3058287 161 129 68
0.1683086 -0.1920966 0.307878 101 50 0
0.02998171 -0.01483364 0.4472295 140 101 57
0.1508897 -0.2382066 0.2740648 72 23 2
-0.00895475 -0.1060266 0.322223 101 78 46
0.2031465 -0.2023436 0.2863605 129 85 41
-0.0079301 -0.09475564 0.3211984 133 101 60
0.06789355 -0.06094164 0.3242723 136 95 44
0.1662594 -0.1172976 0.2802126 119 82 55
0.01461206 -0.09680464 0.3017301 135 107 67
0.1775304 -0.2177126 0.3324694 163 121 43
0.1877769 -0.1316426 0.264843 124 83 36
-0.01305333 -0.1459876 0.2925083 24 11 5
0.1426925 -0.1541846 0.2566458 37 18 9
0.1519143 -0.2320576 0.2597197 99 49 20
0.1826537 -0.2105396 0.3232477 148 105 37
0.02895707 -0.08860764 0.3130012 124 96 65
0.04944995 -0.06709064 0.3304202 128 93 53
0.00436562 -0.08245964 0.3242723 130 105 71
0.06379497 -0.006635643 0.3857509 86 66 47
0.1191257 -0.009710643 0.2607444 46 31 19
0.1611361 -0.2156636 0.350913 145 106 33
0.03817887 -0.06606514 0.3437405 126 103 72
0.1344954 -0.2238606 0.3611595 141 106 55
0.167284 -0.2177126 0.2689415 135 85 54
0.1560129 -0.2002936 0.3529623 197 169 107
0.167284 -0.2166886 0.3468144 138 95 24
0.1611361 -0.1172976 0.2802126 103 66 36
0.1775304 -0.2341076 0.3293955 156 112 38
0.02383385 -0.1306186 0.3109519 24 14 11
0.1181011 -0.01278464 0.2679169 117 94 62
0.1765058 -0.2043926 0.3386173 180 141 62
0.1047807 -0.01380864 0.3314448 138 108 75
0.1324461 -0.1244696 0.2771387 75 59 37
-0.01100403 -0.03122764 0.4082931 40 32 29
-0.01715189 -0.1408646 0.2638183 42 23 5
-0.00690547 -0.09885464 0.3211984 132 109 74
0.1888015 -0.1500866 0.3007055 180 151 93
0.03920351 -0.1316426 0.3109519 36 21 13
0.00436562 -0.03122764 0.4123916 40 29 24
-0.00895475 -0.03839964 0.3457898 17 5 4
0.152939 -0.1603326 0.2556212 47 31 21
0.1232243 -0.06504064 0.2925083 185 167 127
0.1293722 -0.02405464 0.261769 134 104 75
0.1539636 -0.1603326 0.3252969 154 127 69
0.01563671 -0.02712964 0.4000959 36 27 15
0.1334708 -0.1050016 0.2627936 34 11 5
0.04330209 -0.08041064 0.3037794 148 118 80
0.1119532 -0.01585764 0.322223 124 92 46
-0.00280689 -0.1224206 0.3130012 114 100 89
-0.0099794 -0.007661143 0.4349338 15 5 2
0.02178457 -0.1080766 0.3242723 33 21 11
0.1631854 -0.2115656 0.3478391 143 104 28
0.07813997 -0.05991764 0.3037794 125 95 57
0.1365447 -0.2115656 0.3550116 114 77 35
0.1939247 -0.1798016 0.2966069 161 126 60
0.1888015 -0.2238606 0.3099273 148 103 29
0.1303968 -0.1449636 0.2668922 54 26 11
0.1847029 -0.1951706 0.3242723 154 114 43
0.032031 -0.08860764 0.3099273 156 141 112
0.1631854 -0.1705796 0.3304202 158 123 60
0.1375693 -0.2310336 0.3673074 144 110 56
0.03510494 -0.03327664 0.3488638 30 17 15
0.1806044 -0.1746781 0.2925083 144 127 108
0.1334708 -0.1849246 0.3211984 67 38 20
0.152939 -0.2371806 0.365258 170 130 51
0.1488404 -0.1490616 0.3099273 171 151 108
0.03817887 -0.07221364 0.276114 121 93 62
0.1150272 -0.2146386 0.3324694 64 30 8
0.02178457 -0.04557264 0.3314448 29 13 7
0.1754811 -0.2453776 0.3304202 154 109 34
0.1826537 -0.2412796 0.3181245 160 113 35
0.0084642 -0.03020314 0.4298106 106 85 58
0.181629 -0.1213966 0.2730401 91 42 0
0.1508897 -0.1326676 0.2914837 80 44 22
0.1734319 -0.1582836 0.2638183 89 52 35
-0.00485617 -0.04454864 0.3252969 26 11 7
0.04535137 -0.04864664 0.3375926 31 13 2
0.1836783 -0.1951706 0.3242723 160 118 37
-0.00178224 -0.06811464 0.3232477 28 10 2
0.1488404 -0.2402546 0.2853358 49 5 0
0.1652347 -0.1234456 0.2884098 99 61 33
0.01461206 -0.02815364 0.3744799 27 15 9
0.1293722 -0.1951706 0.3314448 57 24 10
0.00436562 -0.03225264 0.3816523 48 38 31
0.05662246 -0.04967164 0.3457898 65 37 19
0.1365447 -0.03225264 0.2750894 124 95 60
0.1160518 -0.2146386 0.336568 65 32 13
0.10683 -0.2341076 0.3273463 66 34 13
0.1498651 -0.1654556 0.3037794 127 85 44
0.05559781 -0.06299164 0.2689415 60 37 13
0.1806044 -0.2330816 0.3304202 188 151 71
0.1017068 -0.03225264 0.2914837 111 85 56
0.1601115 -0.2515266 0.3560362 165 121 44
0.09760821 -0.2505016 0.3406666 54 25 13
0.181629 -0.2382066 0.2781633 111 62 3
0.1939247 -0.1951706 0.3037794 151 120 62
0.01256276 -0.02917764 0.4093177 56 42 31
0.1508897 -0.1613576 0.322223 124 85 36
0.08633713 -0.03942564 0.2699662 52 40 30
0.1293722 -0.2310336 0.3089027 18 0 0
0.1744565 -0.1992696 0.2966069 111 55 5
-0.00178224 -0.03327664 0.3990713 37 28 23
0.1344954 -0.2310336 0.365258 112 74 34
0.1191257 -0.007661143 0.2699662 111 87 57
0.1283475 -0.2402546 0.3099273 22 0 0
0.124249 -0.2177126 0.3119766 30 2 0
0.1734319 -0.1142236 0.2709908 122 83 42
0.05149925 -0.05991764 0.3416912 122 95 60
0.06891818 -0.04249864 0.2556212 79 59 38
-0.0079301 -0.02815364 0.4666978 159 140 113
0.00436562 -0.03225264 0.3867756 33 21 12
0.1375693 -0.1859486 0.3375926 124 89 43
0.1806044 -0.1562336 0.3068533 121 79 10
0.06584425 -0.005611643 0.3806277 66 48 31
0.01973527 -0.02610464 0.4011206 92 77 64
0.04944995 -0.01278464 0.3816523 92 75 56
0.07404141 -0.05581864 0.3314448 139 106 68
0.01051348 -0.1377906 0.2740648 15 5 3
0.02485851 -0.08655864 0.2679169 105 79 52
0.00129169 -0.03839964 0.3427159 27 6 0
0.1221997 -0.2125896 0.3160751 42 18 7
0.1703579 -0.1162736 0.2771387 87 46 18
0.06891818 -0.04762164 0.3386173 138 116 82
0.391681 -0.1521361 0.3109519 202 185 152
0.3906564 -0.1859486 0.3498884 213 199 165
0.3588924 -0.2002936 0.3478391 211 191 145
0.2799948 -0.1265196 0.264843 186 171 143
0.3660649 -0.1193466 0.2720154 221 210 180
0.3588924 -0.1203716 0.2689415 207 193 164
0.4142232 -0.2125896 0.3785784 202 187 154
0.4254943 -0.1900476 0.3601348 211 191 157
0.3783606 -0.1439386 0.2966069 221 209 185
0.3824592 -0.1439386 0.2986562 221 209 185
0.3496706 -0.1234456 0.2597197 213 204 178
0.3824592 -0.1828746 0.3386173 211 196 165
0.3763114 -0.2556246 0.4093177 199 184 150
0.3465967 -0.1121746 0.2576704 217 205 177
0.3609417 -0.1050016 0.2607444 221 210 179
0.2830688 -0.1767276 0.261769 217 208 181
0.3424981 -0.1613576 0.2668922 107 69 32
0.3855331 -0.1213966 0.2853358 207 191 151
0.3937303 -0.1685296 0.3334941 196 182 149
0.3332763 -0.1941466 0.3314448 205 188 158
0.3927057 -0.1726286 0.3632088 176 161 145
0.3148327 -0.2125896 0.276114 225 214 193
0.3660649 -0.1603326 0.2925083 207 194 168
0.345572 -0.1039776 0.264843 155 122 84
0.3517199 -0.1070516 0.2556212 151 124 87
0.4039767 -0.2320576 0.4011206 216 200 171
0.3681142 -0.09578064 0.2586951 195 175 132
0.3886071 -0.2351316 0.3550116 213 197 163
0.4039767 -0.1521361 0.3160751 203 187 148
0.334301 -0.1900476 0.350913 208 193 155
0.3711881 -0.1603326 0.3068533 222 211 191
0.2922906 -0.1736526 0.2638183 223 215 195
0.3711881 -0.2341076 0.3806277 200 184 147
0.288192 -0.1951706 0.2730401 219 207 181
0.359917 -0.1377906 0.279188 223 214 188
0.3527445 -0.09987864 0.2525472 138 108 75
0.331227 -0.1572596 0.2504979 199 180 141
0.3414735 -0.1367656 0.2504979 212 199 164
0.3845085 -0.1849246 0.3457898 219 204 172
0.3711881 -0.1879976 0.293533 196 181 150
0.406026 -0.1603326 0.3252969 203 187 151
0.3681142 -0.1787756 0.2884098 172 144 101
0.3435227 -0.1203716 0.2556212 225 217 197
0.3875824 -0.1224206 0.2853358 205 188 151
0.3588924 -0.1511106 0.2853358 226 213 185
0.3855331 -0.1142236 0.279188 176 153 112
0.3793853 -0.1623826 0.3181245 217 208 188
0.420371 -0.1746781 0.3437405 210 191 158
0.288192 -0.1613576 0.2525472 223 212 185
0.3834839 -0.1552096 0.307878 216 204 179
0.3937303 -0.1726286 0.3345187 215 200 171
0.4080753 -0.1634066 0.3283709 203 188 151
0.3691388 -0.1582836 0.307878 228 222 205
0.3220052 -0.2289846 0.3324694 188 173 142
0.3261038 -0.2433296 0.3519377 197 182 151
0.3424981 -0.2464026 0.3089027 178 161 133
0.3547938 -0.1326676 0.2709908 212 188 150
0.362991 -0.1070516 0.264843 211 197 171
0.3896317 -0.2330816 0.3457898 217 202 168
0.3066356 -0.2218116 0.2679169 222 214 196
0.3722128 -0.1470116 0.2966069 218 207 186
0.3845085 -0.1798016 0.336568 213 197 167
0.3998782 -0.2371806 0.4031699 214 199 166
0.391681 -0.1408646 0.2976315 203 184 146
0.3896317 -0.1695546 0.3263216 215 203 176
0.3742621 -0.1828746 0.2955823 202 185 153
0.3783606 -0.1511106 0.3007055 217 206 185
0.3742621 -0.1070516 0.2668922 215 200 164
0.3701635 -0.1470116 0.2945576 214 203 182
0.3896317 -0.1275446 0.2894344 205 190 152
0.3148327 -0.1849246 0.2689415 205 197 179
0.3763114 -0.2392306 0.3334941 191 174 138
0.3742621 -0.2136146 0.3027548 193 174 141
0.3209806 -0.2545996 0.339642 211 194 164
0.3865578 -0.2371806 0.3816523 214 199 173
0.3701635 -0.1439386 0.2914837 219 208 187
0.3281531 -0.1060266 0.3130012 223 214 188
0.334301 -0.1951706 0.3468144 188 174 138
0.3097095 -0.1644316 0.2515226 223 216 200
0.3537692 -0.1961946 0.3345187 217 202 171
0.3414735 -0.1552096 0.2689415 164 134 87
0.3189313 -0.1695546 0.2627936 218 208 188
0.3261038 -0.2433296 0.3478391 196 181 150
0.3383995 -0.2197621 0.3611595 203 188 154
0.3240545 -0.2207866 0.3181245 214 197 164
0.3424981 -0.1408646 0.2556212 209 193 161
0.3148327 -0.2218116 0.2679169 217 206 186
0.4070507 -0.1531606 0.3181245 206 188 152
0.3742621 -0.1623826 0.3150505 223 217 199
0.2830688 -0.1224206 0.2627936 181 163 131
0.2943398 -0.1818506 0.2730401 193 185 166
0.3711881 -0.2259106 0.3775538 177 158 115
0.3896317 -0.1316426 0.2955823 199 184 151
0.316882 -0.1859486 0.2740648 225 214 196
0.4080753 -0.2453776 0.3437405 219 202 168
0.3896317 -0.1603326 0.3119766 220 205 171
0.3865578 -0.2228356 0.3170998 202 186 150
0.3445474 -0.1060266 0.264843 199 176 133
0.3517199 -0.1336916 0.2689415 164 145 115
0.3701635 -0.1685296 0.2945576 210 197 161
0.3076602 -0.2187376 0.2996809 217 205 184
0.3865578 -0.1470116 0.3027548 214 200 166
0.348646 -0.2392306 0.3355434 174 154 130
0.3086849 -0.2156636 0.2945576 217 205 182
0.3957796 -0.1623826 0.3211984 205 191 157
0.331227 -0.2013186 0.339642 194 179 145
0.3875824 -0.2433296 0.3929235 207 192 156
0.3681142 -0.1429136 0.290459 210 199 174
0.3752867 -0.2597226 0.3324694 207 191 157
0.3968042 -0.1470116 0.3140259 208 191 153
0.3404488 -0.1961946 0.3621841 182 157 108
0.3947549 -0.1695546 0.3355434 218 203 174
0.2758963 -0.1746781 0.2566458 222 213 194
0.3148327 -0.1757026 0.2668922 121 95 57
0.4009028 -0.2054166 0.3734552 214 198 167
0.345572 -0.1183226 0.264843 207 188 155
0.3783606 -0.2187376 0.3837017 208 193 160
0.3865578 -0.1347166 0.2925083 202 184 149
0.3947549 -0.1777516 0.3570609 205 190 154
0.334301 -0.2556246 0.3673074 203 188 155
0.316882 -0.1992696 0.2853358 203 190 165
0.3752867 -0.2627976 0.3468144 197 181 145
0.4101246 -0.2115656 0.3755045 216 200 170
0.3250792 -0.2033676 0.293533 205 191 164
0.3855331 -0.1818506 0.3416912 207 191 161
0.3394242 -0.2330816 0.3150505 161 140 109
0.4244696 -0.1777516 0.3468144 209 192 155
0.2994631 -0.1726286 0.2535719 225 215 197
0.3373749 -0.1941466 0.3232477 205 190 156
0.331227 -0.2351316 0.3570609 188 168 135
0.3896317 -0.2300086 0.3427159 197 181 147
0.345572 -0.1326676 0.2586951 219 211 191
0.3834839 -0.2054166 0.3119766 205 188 147
0.3291777 -0.1603326 0.261769 213 197 164
0.3373749 -0.2423041 0.3703813 201 186 155
0.3947549 -0.1849246 0.3468144 203 190 164
0.3732374 -0.2228356 0.3765291 188 171 130
0.3968042 -0.2484526 0.4216134 213 199 168
0.3506953 -0.1613576 0.279188 173 144 101
0.3332763 -0.1961946 0.3447652 214 199 168
0.3179066 -0.1654556 0.2638183 219 208 190
0.3302024 -0.1593076 0.2597197 210 197 174
0.2830688 -0.1695546 0.2556212 217 208 191
0.3240545 -0.1951706 0.2822619 211 199 176
0.3383995 -0.1572596 0.2658676 128 89 47
0.2748716 -0.1818506 0.2679169 194 184 162
0.3209806 -0.2033676 0.2873851 211 199 176
0.3896317 -0.1654556 0.3252969 204 191 159
0.2892166 -0.1972201 0.2781633 223 214 188
0.3711881 -0.2576736 0.3345187 196 176 138
0.2861427 -0.1234456 0.2668922 131 108 78
0.345572 -0.1675056 0.2730401 211 194 148
0.2728223 -0.1695546 0.2525472 217 205 183
0.4039767 -0.1613576 0.3160751 208 190 151
0.3660649 -0.1511106 0.2966069 194 181 158
0.3414735 -0.1285686 0.2576704 221 211 189
0.334301 -0.1992696 0.3468144 209 194 158
0.3650403 -0.2330816 0.3119766 191 172 144
0.3896317 -0.1336916 0.2955823 212 198 167
0.3496706 -0.1183226 0.2597197 216 208 180
0.3660649 -0.2279586 0.3089027 132 110 77
0.3988535 -0.2207866 0.3334941 217 202 171
0.348646 -0.1500866 0.2730401 179 158 122
0.3076602 -0.1562336 0.2515226 233 225 210
0.3814346 -0.1388156 0.2925083 210 196 169
0.3763114 -0.2238606 0.3796031 190 171 138
0.4019274 -0.1777516 0.3550116 209 192 156
0.3127834 -0.2505016 0.3355434 193 181 153
0.3353256 -0.1572596 0.3355434 158 133 79
0.3711881 -0.1798016 0.2955823 194 179 148
0.391681 -0.2320576 0.365258 202 185 151
0.3865578 -0.1705796 0.3293955 221 208 179
0.423445 -0.1787756 0.3478391 188 168 129
0.4019274 -0.2412796 0.4062438 216 200 170
0.3619663 -0.1511106 0.2884098 221 210 183
0.3281531 -0.2484526 0.3611595 191 175 142
0.3568431 -0.09987864 0.2586951 207 191 155
0.3660649 -0.2197621 0.3744799 182 164 129
0.302537 -0.1695546 0.2545965 217 208 194
0.2779455 -0.1080766 0.2504979 207 184 148
0.3568431 -0.1039776 0.2586951 179 156 118
0.3670896 -0.1818506 0.2884098 193 179 142
0.345572 -0.09578064 0.2535719 219 205 166
0.3435227 -0.1080766 0.261769 217 203 174
0.3691388 -0.2228356 0.3048041 188 171 138
0.3056109 -0.2074666 0.2586951 230 223 205
0.334301 -0.1972201 0.3293955 203 188 154
0.3261038 -0.2166886 0.3170998 213 197 164
0.3517199 -0.1070516 0.2627936 205 179 140
0.3968042 -0.2269346 0.3816523 217 202 168
0.3086849 -0.1009036 0.2515226 182 164 135
-0.00690547 0.04357136 0.51793 145 109 57
-0.01612726 0.03947236 0.5189546 138 99 61
-0.00690547 0.03332536 0.5128068 139 100 56
-0.01100403 0.1091484 0.5128068 55 43 31
-0.00895475 0.07123636 0.5138314 56 31 11
-0.01715189 0.09070436 0.5148561 58 34 17
-0.01202868 0.07328536 0.5158807 63 39 20
-0.00178224 0.04971936 0.5158807 134 93 43
-0.01715189 0.03639836 0.5189546 147 107 69
-0.00383154 0.05894036 0.5158807 155 115 62
-0.00690547 0.05176836 0.51793 140 108 72
-0.1226902 -0.2730436 -0.276169 146 103 37
-0.1083452 -0.2668956 -0.290514 148 106 44
-0.1247395 -0.2668956 -0.2823169 154 110 47
-0.1052713 -0.2658716 -0.2884647 146 103 38
-0.1339613 -0.2679206 -0.276169 150 104 42
-0.100148 -0.2689446 -0.2782183 132 87 30
-0.1185916 -0.3130046 -0.1521871 148 124 85
-0.1237149 -0.2904626 -0.247479 144 102 49
-0.1237149 -0.3416951 -0.1388667 122 70 27
-0.1155177 -0.3119806 -0.1634582 137 95 47
-0.1278134 -0.3334976 -0.1480885 115 62 18
-0.1267888 -0.2720186 -0.1880496 177 135 67
-0.1052713 -0.3109556 -0.2034193 127 80 35
-0.1308874 -0.2843146 -0.2587501 147 94 38
-0.1390845 -0.3048076 -0.03845163 151 107 77
-0.1257642 -0.3212016 -0.1573103 123 74 28
-0.1390845 -0.2945606 -0.2218629 121 72 26
-0.1339613 -0.3048076 -0.1921482 127 77 31
-0.1206409 -0.3007086 -0.1419407 120 72 22
-0.1565035 -0.3109556 -0.0333284 188 167 142
-0.134986 -0.2761176 -0.2659226 181 138 70
-0.1390845 -0.2904626 -0.2280107 131 80 30
-0.1216656 -0.2966106 -0.2136657 91 33 0
-0.1411338 -0.2853396 -0.23006 140 89 30
-0.1288381 -0.3150546 -0.215715 133 87 38
-0.1298627 -0.3386206 -0.1357928 125 76 33
-0.1185916 -0.3089056 -0.1573103 132 88 47
-0.1052713 -0.3099306 -0.1900989 112 62 30
-0.1226902 -0.3263246 -0.1501378 116 66 23
-0.1267888 -0.3375966 -0.1357928 118 70 23
-0.1083452 -0.2730436 -0.2607993 130 76 21
-0.1124438 -0.2720186 -0.2433804 111 55 14
-0.1585528 -0.3345226 -0.04869806 102 41 8
-0.1134684 -0.3232506 -0.169606 114 60 17
-0.1339613 -0.2771416 -0.218789 116 75 33
-0.1360106 -0.2863636 -0.2259615 134 82 36
-0.1513802 -0.3068566 -0.03640233 229 231 226
-0.1390845 -0.3396456 -0.1050535 95 44 20
-0.1339613 -0.2771416 -0.244405 126 73 22
-0.1247395 -0.3007086 -0.2003454 150 103 47
-0.1206409 -0.2955856 -0.1562857 138 98 44
-0.1196163 -0.2843146 -0.2136657 98 42 11
-0.1226902 -0.3007086 -0.1655075 130 85 27
-0.1339613 -0.2781666 -0.2669472 168 125 67
-0.1134684 -0.3140286 -0.1931729 125 75 20
-0.1134684 -0.3293996 -0.1511625 125 74 31
-0.1257642 -0.3048076 -0.1767786 111 56 13
-0.1308874 -0.2914866 -0.2403065 152 107 48
-0.1052713 -0.3109556 -0.1860003 114 62 21
-0.1390845 -0.2812406 -0.2433804 138 88 40
-0.1206409 -0.2832906 -0.2669472 168 137 88
-0.1155177 -0.3263246 -0.1788278 113 60 10
-0.1226902 -0.3283746 -0.06611701 107 42 15
-0.1247395 -0.2750936 -0.2116164 99 59 33
-0.1216656 -0.3324726 -0.1839511 158 124 70
-0.1483063 -0.3488676 -0.08046203 151 114 70
-0.1226902 -0.3375966 -0.1152999 108 49 15
-0.1267888 -0.2986596 -0.187025 105 57 15
-0.134986 -0.3078816 -0.1900989 122 70 21
-0.1185916 -0.3232506 -0.1952221 134 89 34
-0.1165424 -0.3232506 -0.1655075 93 33 0
-0.1288381 -0.3191526 -0.1716553 107 50 5
-0.1155177 -0.2863636 -0.2341586 107 51 9
-0.1308874 -0.2996846 -0.2218629 173 137 84
-0.1226902 -0.3201776 -0.2054686 155 104 57
-0.1165424 -0.3099306 -0.2249368 154 115 64
-0.1247395 -0.3171036 -0.2105918 145 99 45
-0.1308874 -0.2740686 -0.2700211 158 114 45
-0.1421584 -0.2668956 -0.2679719 166 121 47
-0.1257642 -0.3293996 -0.1183739 88 37 15
-0.1165424 -0.3263246 -0.1849757 140 88 31
-0.1134684 -0.2699696 -0.2433804 107 51 14
-0.1144931 -0.3232506 -0.1952221 137 87 28
-0.1216656 -0.2771416 -0.2720704 153 110 49
-0.1288381 -0.2709946 -0.2730951 156 115 54
-0.1114191 -0.2996846 -0.215715 133 88 33
-0.1483063 -0.3386206 -0.07431417 123 62 23
-0.134986 -0.3273496 -0.05996915 98 38 5
-0.1165424 -0.2955856 -0.2454297 161 124 71
-0.1257642 -0.2781666 -0.2679719 159 120 58
-0.1247395 -0.3273496 -0.1327189 122 74 38
-0.1288381 -0.3283746 -0.1614089 98 42 1
-0.1503556 -0.3181276 -0.03845163 145 104 70
-0.1411338 -0.3365716 -0.0937824 105 50 17
-0.1421584 -0.2955856 -0.03845163 177 164 147
-0.1554788 -0.3355466 -0.051772 105 37 0
-0.1360106 -0.3099306 -0.218789 145 95 42
-0.1155177 -0.2781666 -0.244405 110 47 8
-0.1278134 -0.3324726 -0.1214478 102 44 11
-0.1288381 -0.2679206 -0.2321093 105 44 0
-0.1083452 -0.2771416 -0.2669472 145 101 38
-0.1298627 -0.2966106 -0.1767786 141 101 39
-0.1339613 -0.2699696 -0.2239122 133 99 60
-0.1483063 -0.3386206 -0.08558524 107 60 29
-0.1267888 -0.2730436 -0.2741197 153 107 34
-0.1298627 -0.3232506 -0.05689522 108 44 7
-0.1360106 -0.3314476 -0.09583168 95 41 13
-0.131912 -0.3078816 -0.2228875 135 90 43
-0.146257 -0.3181276 -0.0425502 163 121 75
-0.149331 -0.3058326 -0.03742698 182 163 135
-0.1554788 -0.3027586 -0.0353777 237 234 225
-0.1257642 -0.3130046 -0.2208382 125 81 26
-0.1575281 -0.3304236 -0.05279664 104 41 4
-0.1298627 -0.3109556 -0.1778032 114 59 12
-0.134986 -0.2873886 -0.2351833 138 91 44
-0.1257642 -0.3222266 -0.2023947 150 104 52
-0.1216656 -0.3191526 -0.1603843 101 49 10
-0.1185916 -0.2822646 -0.169606 177 155 118
-0.131912 -0.3171036 -0.1829264 115 55 11
-0.1339613 -0.2955856 -0.233134 130 83 31
-0.1134684 -0.3119806 -0.1962468 118 65 14
-0.1308874 -0.2996846 -0.2003454 114 59 15
-0.1370352 -0.2750936 -0.2577254 147 108 52
-0.1298627 -0.2966106 -0.1993207 84 28 0
-0.1626513 -0.3273496 -0.0425502 92 39 13
-0.1544542 -0.3263246 -0.04357484 102 44 13
-0.1247395 -0.3150546 -0.1665321 111 59 11
-0.1144931 -0.3099306 -0.2218629 161 121 67
-0.1308874 -0.3314476 -0.06611701 105 47 13
-0.131912 -0.2945606 -0.2105918 147 101 44
-0.1165424 -0.2720186 -0.233134 124 74 33
-0.1370352 -0.3396456 -0.0937824 100 43 9
-0.1114191 -0.3263246 -0.1634582 124 74 27
-0.1247395 -0.3171036 -0.2085425 143 99 46
-0.1237149 -0.2873886 -0.2577254 149 104 41
-0.1114191 -0.2668956 -0.2433804 116 62 23
-0.1329367 -0.3375966 -0.1030042 101 43 15
-0.1380599 -0.2699696 -0.2710458 166 117 51
-0.1216656 -0.3201776 -0.1419407 114 71 30
-0.1247395 -0.3386206 -0.1255464 113 55 22
-0.117567 -0.2781666 -0.2198136 94 44 11
-0.1575281 -0.3314476 -0.06509236 121 67 28
-0.1196163 -0.3037826 -0.1398914 115 72 26
-0.1155177 -0.3242766 -0.1521871 112 63 28
-0.1278134 -0.3427196 -0.1152999 111 52 23
-0.1103945 -0.2699696 -0.2526022 117 57 13
-0.1155177 -0.3345226 -0.1368175 116 64 26
-0.1401091 -0.2658716 -0.2700211 153 112 45
-0.1165424 -0.2955856 -0.2351833 148 112 61
-0.1134684 -0.3109556 -0.2054686 134 80 15
-0.1155177 -0.2771416 -0.2249368 124 79 40
-0.1185916 -0.2720186 -0.2280107 108 57 21
0.1467911 -0.2812406 -0.4103974 33 15 5
0.1488404 -0.2863636 -0.3868305 129 84 43
0.1160518 -0.2740686 -0.3571159 121 72 21
0.1642101 -0.2955856 -0.3858059 89 44 15
0.1857276 -0.2802166 -0.425767 89 54 28
0.1877769 -0.3293996 -0.3571159 89 53 32
0.1549883 -0.2740686 -0.443186 88 60 33
0.1806044 -0.3119806 -0.382732 99 67 38
0.1898262 -0.2996846 -0.3878552 73 35 15
0.1939247 -0.3345226 -0.3478941 145 107 53
0.09248499 -0.2740686 -0.3355984 161 134 95
0.1898262 -0.3324726 -0.3530173 88 55 31
0.2000726 -0.2740686 -0.4155206 105 65 27
0.1078547 -0.2802166 -0.3417462 132 88 38
0.09863286 -0.2761176 -0.3274012 144 110 60
0.1099039 -0.2689446 -0.3581405 125 77 33
0.1939247 -0.2791916 -0.4298656 84 52 29
0.09555893 -0.2668956 -0.3858059 112 65 30
0.1078547 -0.2761176 -0.3376476 106 58 16
0.13552 -0.2904626 -0.4585556 142 92 50
0.1181011 -0.2771416 -0.3519927 140 97 49
0.2062205 -0.3314476 -0.3519927 84 57 28
0.1724072 -0.3181276 -0.3786334 67 37 23
0.1498651 -0.2740686 -0.4001509 18 7 5
0.1396186 -0.2894376 -0.4011756 105 52 10
0.1980233 -0.3099306 -0.3817073 66 36 14
0.1293722 -0.2904626 -0.3386723 90 29 0
0.1375693 -0.2843146 -0.4606049 142 88 52
0.1109286 -0.2781666 -0.3919538 138 96 50
0.1150272 -0.2761176 -0.3069083 114 74 46
0.1795797 -0.2935366 -0.3888798 74 42 23
0.09760821 -0.2668956 -0.3765841 135 88 47
0.2041712 -0.3488676 -0.3632637 150 92 26
0.1693333 -0.2658716 -0.457531 84 50 22
0.1857276 -0.3140286 -0.3745348 64 35 17
0.1140025 -0.2761176 -0.3530173 133 83 30
0.1826537 -0.2863636 -0.4052741 89 57 29
0.1406433 -0.2832906 -0.3960523 121 72 31
0.1365447 -0.2884136 -0.3581405 114 70 20
0.210319 -0.3007086 -0.3929784 49 20 9
0.08428784 -0.2832906 -0.3355984 52 26 2
0.1283475 -0.2781666 -0.3591652 124 74 30
0.2000726 -0.2730436 -0.4196192 96 52 21
0.0996575 -0.3037826 -0.4032249 115 72 22
0.08018927 -0.2781666 -0.3571159 44 24 10
0.1908508 -0.2812406 -0.425767 94 58 33
0.1795797 -0.2935366 -0.3950277 79 47 23
0.1416679 -0.2904626 -0.4124466 96 52 18
0.1888015 -0.3365716 -0.3448202 125 92 64
0.1160518 -0.2668956 -0.3550666 110 57 6
0.1314215 -0.3048076 -0.4319149 154 115 60
0.1252736 -0.2945606 -0.3243273 121 83 44
0.1969987 -0.2750936 -0.4278163 88 51 29
0.13552 -0.2966106 -0.443186 117 75 27
0.1877769 -0.3334976 -0.3489187 118 88 60
0.09863286 -0.2709946 -0.3776088 138 91 47
0.1037561 -0.2699696 -0.3899045 135 93 46
0.1406433 -0.2843146 -0.4298656 104 64 30
0.195974 -0.2904626 -0.4124466 70 35 16
0.1283475 -0.2904626 -0.3345737 99 41 10
0.0996575 -0.2740686 -0.3386723 105 50 7
0.181629 -0.3181276 -0.3714609 120 94 67
0.1406433 -0.2873886 -0.4216684 72 37 20
0.09658357 -0.2720186 -0.2782183 112 62 26
0.1416679 -0.2812406 -0.4319149 121 78 33
0.1508897 -0.2771416 -0.4237177 74 39 11
0.195974 -0.3119806 -0.3786334 105 63 27
0.1140025 -0.3109556 -0.4493338 125 80 44
0.1447418 -0.2853396 -0.4083481 101 53 15
0.09760821 -0.2781666 -0.2782183 110 63 22
0.10683 -0.3068566 -0.411422 105 60 24
0.1775304 -0.3109556 -0.3806827 124 91 59
0.1539636 -0.2750936 -0.3919538 40 16 5
0.1017068 -0.2771416 -0.3499434 133 94 49
0.2000726 -0.2771416 -0.4196192 99 59 29
0.1283475 -0.2935366 -0.3294505 112 66 28
0.1744565 -0.2884136 -0.4001509 104 74 41
0.1560129 -0.3119806 -0.3601898 95 50 26
0.1365447 -0.2873886 -0.4185945 107 64 34
0.1898262 -0.2904626 -0.4124466 80 45 22
0.2041712 -0.3273496 -0.3560912 66 39 20
0.1047807 -0.2740686 -0.3437955 123 74 36
0.1754811 -0.3078816 -0.3837566 95 68 42
0.1344954 -0.2955856 -0.4349888 134 93 39
0.1888015 -0.3232506 -0.368387 82 47 24
0.09863286 -0.2771416 -0.3519927 131 94 46
0.1457665 -0.2802166 -0.3950277 101 56 17
0.1631854 -0.3109556 -0.3806827 220 210 192
0.1047807 -0.2709946 -0.2669472 80 59 27
-0.3542598 -0.4359616 0.2423008 122 64 26
-0.3173725 -0.2925126 0.1244667 112 52 11
-0.3511858 -0.3632116 0.2494733 92 33 2
-0.3071261 -0.2925126 0.1172942 111 55 14
-0.3214711 -0.4205926 0.2269311 100 42 1
-0.2938057 -0.2904626 0.08348101 75 35 2
-0.3091754 -0.3468186 0.1797975 139 89 39
-0.3358162 -0.3580886 0.1767236 118 61 7
-0.3306929 -0.4185431 0.2494733 89 26 0
-0.3686047 -0.3960011 0.2300051 130 83 24
-0.3030275 -0.3058326 0.1377871 90 31 2
-0.327619 -0.2873886 0.1490582 166 127 66
-0.3645062 -0.2822646 0.1347132 134 87 27
-0.3245451 -0.2791916 0.1920932 84 36 11
-0.3409394 -0.2914866 0.2125861 108 52 11
-0.3255697 -0.2720186 0.1490582 93 37 10
-0.313274 -0.4277656 0.2320543 117 59 6
-0.3030275 -0.3724336 0.1664771 117 60 16
-0.3020029 -0.3334976 0.1900439 137 88 40
-0.2989289 -0.3109556 0.1449596 118 71 23
-0.3122493 -0.3591136 0.2105368 107 52 6
-0.3122493 -0.3283746 0.2033643 111 57 19
-0.3142986 -0.3796066 0.1972165 141 88 28
-0.3327422 -0.4308386 0.2197586 124 69 18
-0.3347915 -0.2740686 0.201315 89 47 18
-0.3552844 -0.3878036 0.2095122 124 66 9
-0.3122493 -0.3796066 0.1972165 106 43 8
-0.388073 -0.3560396 0.2402515 144 88 22
-0.3460626 -0.2679206 0.1060232 140 89 35
-0.3778265 -0.3939516 0.2361529 143 96 33
-0.3778265 -0.3212016 0.2207833 138 92 27
-0.3604076 -0.3980506 0.2228326 125 74 18
-0.3317176 -0.2935366 0.1429103 148 105 46
-0.3091754 -0.3437436 0.201315 94 40 16
-0.3102001 -0.3970256 0.1716004 138 78 24
-0.3235204 -0.2740686 0.1531568 95 39 7
-0.359383 -0.3334976 0.1797975 139 92 35
-0.3542598 -0.2914866 0.2197586 100 43 7
-0.3552844 -0.4287896 0.2371776 121 68 21
-0.2989289 -0.2658716 0.07016063 129 87 37
-0.3645062 -0.2709946 0.204389 135 92 44
-0.3255697 -0.2873886 0.1449596 134 84 35
-0.3183972 -0.3785826 0.2228326 113 52 5
-0.3102001 -0.3160786 0.1900439 87 30 11
-0.3819251 -0.3324726 0.2392269 135 88 37
-0.3532351 -0.3498916 0.1838961 132 80 24
-0.3102001 -0.3734591 0.201315 116 55 14
-0.3819251 -0.3509166 0.2177094 140 93 32
-0.3727033 -0.3160786 0.2320543 123 72 21
-0.3358162 -0.3929266 0.2494733 80 25 1
-0.3839744 -0.2679206 0.1541814 145 101 35
-0.345038 -0.3160786 0.2289804 110 54 12
-0.359383 -0.2914866 0.1449596 141 97 44
-0.3255697 -0.2740686 0.1890193 138 93 43
-0.3235204 -0.2699696 0.1736497 104 57 17
-0.3061015 -0.3488676 0.1992657 118 65 28
-0.3306929 -0.2914866 0.2084875 138 99 52
-0.3378654 -0.2730436 0.1080725 121 70 15
-0.3460626 -0.3119806 0.15828 121 74 26
-0.3358162 -0.3488676 0.1705757 147 98 45
-0.3347915 -0.3724336 0.2382022 104 46 6
-0.3757773 -0.2904626 0.1992657 102 56 21
-0.3614322 -0.3468186 0.1910686 135 85 25
-0.3235204 -0.2750936 0.1377871 85 27 0
-0.3798758 -0.2771416 0.1951672 104 59 18
-0.3716787 -0.2761176 0.1377871 136 85 21
-0.3265943 -0.3990746 0.201315 160 118 65
-0.3470872 -0.3171036 0.233079 108 53 13
-0.3737279 -0.3304236 0.204389 142 96 28
-0.3183972 -0.2935366 0.07425919 121 69 22
-0.3552844 -0.3304236 0.2412761 98 46 14
-0.3255697 -0.3160786 0.1500828 120 67 27
-0.3194219 -0.3744836 0.2002904 117 55 11
-0.3429886 -0.2740686 0.2054136 62 27 10
-0.3511858 -0.3232506 0.1705757 142 93 36
-0.3183972 -0.3222266 0.2125861 110 60 23
-0.3481119 -0.4062476 0.2156601 134 81 33
-0.3142986 -0.3242766 0.1992657 125 79 36
-0.3204465 -0.3355466 0.2197586 89 35 7
-0.3081507 -0.2966106 0.12959 101 41 6
-0.3061015 -0.3580886 0.1859454 109 51 11
-0.3696294 -0.3140286 0.1849207 133 87 33
-0.3081507 -0.3068566 0.09680137 111 60 13
-0.3542598 -0.3253006 0.1736497 133 82 26
-0.3675801 -0.3980506 0.2269311 142 98 41
-0.3716787 -0.3437436 0.2484487 97 40 1
-0.2948304 -0.2668956 0.05479097 62 27 2
-0.3757773 -0.3263246 0.2074629 138 93 29
-0.3163479 -0.3837056 0.2156601 125 65 21
-0.3399147 -0.3714096 0.18697 122 67 16
-0.3849991 -0.2679206 0.1644279 129 81 21
-0.3716787 -0.3078816 0.1838961 113 66 16
-0.3737279 -0.3089056 0.1859454 122 73 23
-0.3491365 -0.4349376 0.2351283 127 80 36
-0.3604076 -0.2986596 0.2228326 111 61 17
-0.3604076 -0.2668956 0.1101217 147 101 38
-0.3768019 -0.3171036 0.2125861 147 102 38
-0.3491365 -0.4246906 0.2289804 130 78 34
-0.3809005 -0.2853396 0.1859454 154 118 71
-0.3112247 -0.3253006 0.1941425 121 73 39
-0.3573337 -0.3099306 0.2279557 120 61 22
-0.3317176 -0.4369866 0.2392269 137 87 37
-0.3655308 -0.2863636 0.143935 130 77 19
-0.3727033 -0.3058326 0.2259065 145 98 44
-0.3235204 -0.2730436 0.1316393 105 50 22
-0.3009783 -0.3160786 0.1142203 137 91 39
-0.3317176 -0.2894376 0.2054136 87 40 11
-0.3081507 -0.3334976 0.1593046 129 80 23
-0.356309 -0.2668956 0.1080725 149 106 43
-0.3481119 -0.2863636 0.2136108 91 46 15
-0.3727033 -0.3099306 0.18697 131 83 32
-0.3645062 -0.3293996 0.2423008 122 68 16
-0.3245451 -0.4082966 0.2382022 124 72 24
-0.3337668 -0.2730436 0.1306146 124 72 26
-0.3399147 -0.4451836 0.2371776 157 121 57
-0.3788512 -0.2771416 0.1562307 139 95 34
-0.3153233 -0.3058326 0.09167813 113 52 14
-0.3768019 -0.2955856 0.1849207 130 94 50
-0.3265943 -0.3939516 0.1849207 135 82 31
-0.2927811 -0.3191526 0.1470089 134 89 37
-0.3245451 -0.3898526 0.1890193 114 60 16
-0.3030275 -0.3334976 0.1767236 112 57 20
-0.3552844 -0.2812406 0.1224175 132 78 18
-0.3347915 -0.3201776 0.1593046 113 58 15
-0.356309 -0.3355466 0.1777482 136 87 30
-0.3511858 -0.3990746 0.2136108 123 71 17
-0.3747526 -0.3017336 0.1849207 115 67 20
-0.3429886 -0.2781666 0.2074629 64 28 7
-0.3829497 -0.3478426 0.2463994 158 111 52
-0.3388901 -0.3447686 0.2361529 89 29 1
-0.3224958 -0.2822646 0.1910686 118 69 18
-0.3358162 -0.4318631 0.2218079 131 93 42
-0.3604076 -0.3150546 0.172625 133 88 32
-0.3009783 -0.3519416 0.1920932 120 62 16
-0.3255697 -0.2945606 0.204389 85 31 5
-0.2917564 -0.3119806 0.1470089 132 88 30
-0.3235204 -0.3437436 0.2238572 93 34 2
-0.3286436 -0.2689446 0.1080725 124 74 26
-0.3624569 -0.3263246 0.2402515 111 55 10
-0.3112247 -0.3529656 0.2074629 103 48 14
-0.3122493 -0.3068566 0.09372743 104 49 10
-0.3081507 -0.3355466 0.2002904 90 34 11
-0.3235204 -0.3355466 0.1613539 114 54 9
-0.3358162 -0.3908776 0.1951672 130 79 34
-0.3081507 -0.3334976 0.2023397 114 62 18
-0.3388901 -0.3898526 0.1982411 135 84 35
-0.3460626 -0.2986596 0.1388118 174 145 77
-0.3347915 -0.4093211 0.2054136 164 122 68
-0.3091754 -0.3099306 0.18697 115 66 28
-0.3173725 -0.3089056 0.1787729 78 27 5
-0.3624569 -0.4236666 0.2402515 124 71 17
-0.3183972 -0.2925126 0.18697 124 78 42
-0.3460626 -0.3232506 0.2351283 112 62 16
-0.3870483 -0.3416951 0.2279557 147 103 39
-0.3655308 -0.3652616 0.2064383 125 74 10
-0.3829497 -0.4000986 0.2484487 138 91 33
-0.345038 -0.3908776 0.2023397 127 75 26
-0.295855 -0.2761176 0.06503739 50 7 0
-0.3388901 -0.3980506 0.2002904 120 66 20
-0.345038 -0.3939516 0.2054136 125 71 21
-0.3224958 -0.2863636 0.1756989 92 46 17
-0.313274 -0.4472336 0.2453747 102 47 15
-0.3224958 -0.3273496 0.1572553 118 70 29
-0.3358162 -0.4144446 0.2125861 123 69 23
-0.3388901 -0.3355466 0.1664771 126 74 25
-0.3030275 -0.2720186 0.09475207 123 75 33
-0.3040522 -0.3580886 0.1982411 99 42 5
-0.3778265 -0.3191526 0.2105368 138 100 45
-0.3265943 -0.4328886 0.2320543 125 79 23
-0.3173725 -0.3058326 0.1623786 131 80 37
-0.3122493 -0.3253006 0.201315 108 46 11
-0.388073 -0.3621876 0.2289804 151 105 50
-0.3675801 -0.3181276 0.1818468 129 85 27
-0.3727033 -0.2966106 0.1756989 119 73 37
-0.3091754 -0.2904626 0.07630848 91 30 0
-0.3142986 -0.3324726 0.1634032 97 37 5
-0.3296683 -0.4052236 0.2177094 102 47 9
-0.3020029 -0.2720186 0.04966773 66 15 2
-0.3481119 -0.3970256 0.2095122 128 74 22
-0.3061015 -0.2791916 0.1008999 117 65 24
-0.3337668 -0.3621876 0.2341037 75 19 3
-0.3429886 -0.3509166 0.2402515 129 80 30
-0.3716787 -0.3089056 0.218734 157 114 65
-0.3727033 -0.3765326 0.2197586 139 94 35
-0.3798758 -0.2771416 0.1634032 141 96 38
-0.3788512 -0.3263246 0.2125861 147 103 45
-0.3337668 -0.4328886 0.2412761 127 75 37
-0.3071261 -0.3960011 0.1685264 108 45 3
-0.3163479 -0.3007086 0.1941425 90 40 15
-0.3737279 -0.3078816 0.2279557 123 70 22
-0.3194219 -0.3857546 0.2289804 120 67 27
-0.3255697 -0.2720186 0.1398364 75 19 1
-0.345038 -0.3744836 0.1941425 134 80 26
-0.3337668 -0.3314476 0.1634032 126 76 25
-0.3378654 -0.4205926 0.2115615 176 141 72
-0.3870483 -0.3498916 0.2392269 142 95 33
-0.3317176 -0.4164936 0.2248818 127 70 33
-0.3286436 -0.2832906 0.1593046 107 57 14
-0.3768019 -0.3232506 0.2084875 140 97 34
-0.3470872 -0.2966106 0.1388118 180 150 107
-0.3686047 -0.4093211 0.2392269 131 83 27
-0.3849991 -0.3468186 0.2207833 152 108 45
-0.3183972 -0.2935366 0.1900439 67 11 0
-0.3235204 -0.2832906 0.1664771 71 22 3
-0.3829497 -0.2771416 0.1787729 144 99 46
-0.313274 -0.2955856 0.1224175 114 60 15
-0.3911469 -0.3683346 0.2494733 169 127 69
-0.3768019 -0.2996846 0.2033643 129 81 27
-0.3306929 -0.3847296 0.2402515 101 44 7
-0.313274 -0.3673106 0.2156601 108 62 6
-0.3255697 -0.4257156 0.233079 110 50 7
-0.3747526 -0.3119806 0.1890193 137 92 35
-0.3194219 -0.3027586 0.2023397 117 66 35
-0.356309 -0.3724336 0.201315 127 75 17
-0.3604076 -0.3017336 0.2228326 122 65 20
-0.3624569 -0.3089056 0.2279557 137 92 39
-0.3890976 -0.3703846 0.2463994 155 110 48
-0.3573337 -0.3765326 0.2054136 124 71 16
-0.3839744 -0.2832906 0.1951672 161 131 74
-0.3378654 -0.3509166 0.1736497 133 81 32
-0.3030275 -0.3345226 0.1982411 155 105 67
-0.3245451 -0.2771416 0.1654525 91 43 10
-0.3757773 -0.2904626 0.1746743 108 60 22
-0.2948304 -0.2945606 0.09167813 88 38 3
-0.3798758 -0.3601386 0.2166847 173 143 94
-0.3204465 -0.3007086 0.2054136 127 80 32
-0.3265943 -0.2812406 0.1972165 62 13 0
-0.3522104 -0.3212016 0.2371776 111 58 14
-0.3255697 -0.3396456 0.2248818 102 46 9
-0.3819251 -0.2781666 0.1797975 140 95 45
-0.341964 -0.3550146 0.2392269 99 38 6
-0.3819251 -0.3673106 0.2289804 141 95 33
-0.3245451 -0.3857546 0.1859454 140 92 42
-0.2999536 -0.3468186 0.1900439 114 62 10
-0.3634815 -0.3201776 0.1797975 136 90 33
-0.3829497 -0.3427196 0.2371776 144 98 36
-0.356309 -0.3509166 0.18697 130 87 39
-0.341964 -0.3898526 0.2002904 132 75 27
-0.3716787 -0.3068566 0.2259065 129 75 26
-0.3860237 -0.3642371 0.2351283 146 99 30
-0.3347915 -0.3816556 0.2412761 74 19 0
-0.3522104 -0.2884136 0.1326639 129 78 25
-0.3337668 -0.4123946 0.2105368 123 70 26
-0.3747526 -0.2996846 0.1849207 134 94 48
-0.3809005 -0.3345226 0.2361529 153 108 47
-0.3655308 -0.2832906 0.2146354 102 55 18
-0.3696294 -0.2771416 0.2064383 127 89 56
-0.3542598 -0.3632116 0.1931179 127 72 18
-0.3081507 -0.3375966 0.1613539 113 55 22
-0.3020029 -0.3119806 0.1090971 124 77 32
-0.3399147 -0.4246906 0.2197586 144 96 41
-0.3624569 -0.3601386 0.1992657 131 81 22
-0.3102001 -0.3263246 0.1777482 114 60 23
-0.3081507 -0.3990746 0.2054136 113 55 9
-0.3317176 -0.3498916 0.2300051 74 20 2
-0.3306929 -0.4226416 0.2433255 97 33 0
-0.3737279 -0.2720186 0.1347132 147 103 37
-0.3173725 -0.3263246 0.2136108 116 61 21
-0.3429886 -0.3724336 0.1910686 130 75 23
-0.3081507 -0.3611636 0.1982411 142 92 49
-0.3245451 -0.3990746 0.2371776 110 57 19
-0.3634815 -0.3222266 0.1797975 134 87 29
-0.3788512 -0.3386206 0.2443501 145 92 42
-0.388073 -0.3488676 0.2371776 151 108 40
-0.2856086 -0.3375966 0.1685264 130 72 7
-0.3778265 -0.2884136 0.204389 163 135 88
-0.341964 -0.3365716 0.2361529 79 20 2
-0.3727033 -0.3140286 0.2238572 161 130 67
-0.3716787 -0.3816556 0.2228326 137 89 28
-0.3655308 -0.3980506 0.2279557 126 74 11
-0.3142986 -0.3816556 0.1992657 105 40 0
-0.3183972 -0.3058326 0.2023397 99 52 13
-0.3778265 -0.3949756 0.2382022 145 100 40
-0.3091754 -0.3191526 0.1900439 97 42 11
-0.3532351 -0.3550146 0.247424 79 24 2
-0.3634815 -0.3375966 0.2463994 106 51 11
-0.3696294 -0.3765326 0.2166847 133 86 22
-0.3429886 -0.2720186 0.2074629 140 108 56
-0.3778265 -0.3191526 0.2054136 139 95 35
-0.3204465 -0.2771416 0.1449596 116 66 32
-0.3235204 -0.3826806 0.2033643 117 54 11
-0.3809005 -0.3837056 0.2351283 164 123 65
-0.3224958 -0.2730436 0.1480335 119 69 33
-0.327619 -0.3017336 0.1705757 105 50 15
-0.3501612 -0.3519416 0.2443501 99 43 8
-0.3245451 -0.2730436 0.15828 146 94 31
-0.3071261 -0.3632116 0.1951672 101 42 2
-0.3091754 -0.4062476 0.2115615 135 79 42
-0.3102001 -0.2894376 0.112171 138 89 40
-0.3624569 -0.2843146 0.2146354 102 55 19
-0.3194219 -0.2955856 0.1797975 97 46 17
-0.3327422 -0.4041976 0.1982411 114 57 15
-0.3368408 -0.3048076 0.1470089 108 57 23
-0.3235204 -0.3939516 0.2084875 134 75 30
-0.3224958 -0.2689446 0.12959 72 24 5
-0.3061015 -0.3160786 0.1818468 88 39 5
-0.3911469 -0.3621876 0.2423008 148 102 41
-0.3481119 -0.2914866 0.1418857 115 63 13
-0.3675801 -0.2668956 0.2002904 96 58 23
-0.3911469 -0.3724336 0.2443501 158 112 48
-0.3604076 -0.2966106 0.1531568 120 77 37
-0.3737279 -0.3386206 0.2033643 136 90 27
-0.3255697 -0.3683346 0.1818468 153 113 61
-0.3440133 -0.2904626 0.2136108 112 62 18
-0.3511858 -0.2894376 0.1377871 130 79 31
-0.3265943 -0.3765326 0.2320543 84 29 4
-0.3112247 -0.3949756 0.2095122 123 67 21
-0.341964 -0.2935366 0.1418857 130 84 27
-0.3665555 -0.4062476 0.2341037 123 70 11
-0.3522104 -0.4421106 0.2423008 121 67 21
-0.3614322 -0.3171036 0.1746743 134 90 33
-0.3327422 -0.3488676 0.1685264 111 54 5
-0.3214711 -0.2955856 0.1254914 127 75 36
-0.3491365 -0.3693606 0.1931179 129 73 16
-0.3624569 -0.3488676 0.1920932 129 79 20
-0.3665555 -0.4134196 0.2392269 122 72 19
-0.3163479 -0.3201776 0.2074629 112 57 11
-0.3183972 -0.3406696 0.1613539 99 41 0
-0.3204465 -0.3847296 0.2228326 99 42 6
-0.3327422 -0.4369866 0.2341037 142 92 31
-0.3306929 -0.2699696 0.1961918 83 44 27
-0.3102001 -0.2863636 0.112171 128 79 33
-0.2938057 -0.3714096 0.1531568 124 62 11
-0.3716787 -0.2935366 0.1664771 113 68 27
-0.3153233 -0.3386206 0.1623786 140 89 41
-0.3798758 -0.3345226 0.2310297 149 101 32
-0.3511858 -0.3714096 0.1972165 125 71 13
-0.3532351 -0.3611636 0.1920932 127 75 20
-0.3245451 -0.2699696 0.1849207 104 59 24
-0.3849991 -0.3837056 0.2402515 146 101 39
-0.3163479 -0.2843146 0.06401276 99 46 1
-0.3214711 -0.3570646 0.1756989 115 63 15
-0.3737279 -0.3171036 0.1972165 124 77 21
-0.3286436 -0.3283746 0.1623786 132 83 40
-0.3409394 -0.2689446 0.1070478 117 60 5
-0.3224958 -0.3427196 0.1634032 118 70 21
-0.3214711 -0.3171036 0.1480335 105 57 16
-0.295855 -0.2740686 0.05684027 72 28 5
-0.3122493 -0.2945606 0.1316393 124 79 37
-0.3235204 -0.3990746 0.2300051 106 47 4
-0.3860237 -0.3632116 0.2484487 143 95 31
-0.3860237 -0.3416951 0.2289804 152 109 41
-0.3634815 -0.2925126 0.1521321 112 60 13
-0.3460626 -0.3468186 0.1746743 131 83 28
-0.3183972 -0.4308386 0.2341037 124 65 16
-0.3409394 -0.3662866 0.2423008 87 30 5
-0.3296683 -0.3160786 0.1500828 101 47 13
-0.3511858 -0.3375966 0.1746743 128 78 26
-0.3224958 -0.2730436 0.1613539 71 19 1
-0.3368408 -0.4441586 0.2515226 101 42 11
-0.3716787 -0.4533806 0.276114 124 75 32
-0.356309 -0.4656766 0.2914837 118 59 17
-0.3614322 -0.4380116 0.2966069 91 31 2
-0.3665555 -0.3837056 0.2699662 112 58 14
-0.3757773 -0.4257156 0.2607444 127 80 32
-0.3665555 -0.4359616 0.3007055 103 44 13
-0.3890976 -0.4021486 0.2720154 151 108 51
-0.3686047 -0.3990746 0.2802126 91 42 2
-0.3778265 -0.5117856 0.3550116 147 90 36
-0.3655308 -0.4595296 0.2750894 117 63 26
-0.370654 -0.4636271 0.2843112 116 62 25
-0.3747526 -0.4718246 0.2976315 122 62 22
-0.3491365 -0.4656766 0.2627936 133 86 33
-0.3819251 -0.4216166 0.264843 131 83 28
-0.3757773 -0.4451836 0.2740648 130 83 42
-0.3604076 -0.4595296 0.3037794 111 54 23
-0.3911469 -0.4205926 0.2863605 148 105 46
-0.3501612 -0.3970256 0.2658676 84 26 5
-0.3655308 -0.3816556 0.2699662 138 93 35
-0.3624569 -0.3488676 0.2525472 113 62 11
-0.3778265 -0.4789976 0.3211984 138 87 42
-0.3696294 -0.4062476 0.2863605 111 60 16
-0.3675801 -0.4667016 0.2822619 126 72 33
-0.3809005 -0.4533806 0.2996809 129 71 36
-0.370654 -0.4953916 0.3252969 120 49 5
-0.3757773 -0.4923176 0.3324694 128 71 23
-0.3501612 -0.3826806 0.2576704 77 18 2
-0.3532351 -0.4544056 0.2566458 97 43 10
-0.3614322 -0.4451836 0.2535719 122 81 43
-0.3819251 -0.4277656 0.2679169 142 96 46
-0.3614322 -0.4410851 0.2525472 119 67 25
-0.3665555 -0.4513316 0.2689415 118 66 25
-0.3911469 -0.3878036 0.2627936 148 97 37
-0.3460626 -0.4123946 0.2709908 104 49 16
-0.3727033 -0.3539906 0.2556212 123 71 21
-0.3511858 -0.3673106 0.2504979 82 23 1
-0.3798758 -0.5261306 0.3775538 144 88 33
-0.3604076 -0.3683346 0.2607444 82 21 6
-0.3481119 -0.4595296 0.2730401 112 60 18
-0.3809005 -0.4257156 0.2658676 131 82 27
-0.3624569 -0.4646526 0.3017301 101 37 4
-0.3727033 -0.5056376 0.3488638 119 54 10
-0.3624569 -0.4615776 0.2750894 122 72 37
-0.3788512 -0.5220316 0.3673074 145 97 44
-0.3931962 -0.4164936 0.2853358 153 108 47
-0.3696294 -0.5005146 0.3263216 114 49 11
-0.3768019 -0.4492816 0.2822619 125 73 30
-0.3757773 -0.3990746 0.2832866 114 60 20
-0.370654 -0.4718246 0.3181245 111 49 12
-0.3645062 -0.4892436 0.3109519 120 66 20
-0.370654 -0.4431346 0.2658676 116 62 16
-0.3460626 -0.4544056 0.2627936 134 84 28
-0.3665555 -0.4871946 0.3170998 140 78 24
-0.3665555 -0.4759226 0.2884098 128 74 33
-0.3747526 -0.4738736 0.3160751 102 50 3
-0.3901223 -0.4185431 0.2740648 146 102 45
-0.3675801 -0.4400606 0.3037794 105 50 15
-0.3798758 -0.3693606 0.2638183 94 36 0
-0.3634815 -0.3632116 0.2607444 164 134 79
-0.3778265 -0.4154696 0.2556212 127 78 23
-0.3358162 -0.4359616 0.2586951 129 79 34
-0.3849991 -0.4164936 0.2658676 145 98 36
-0.3757773 -0.4605536 0.3160751 114 49 7
-0.3655308 -0.4728496 0.307878 104 44 9
-0.3522104 -0.4093211 0.2740648 76 18 0
-0.3337668 -0.4175186 0.2545965 95 42 10
-0.3757773 -0.4933416 0.3375926 142 89 40
-0.3737279 -0.4421106 0.3058287 132 81 38
-0.3778265 -0.5015396 0.3355434 141 91 48
-0.3501612 -0.4216166 0.2781633 70 15 1
-0.3849991 -0.3929266 0.2638183 143 97 40
-0.3747526 -0.4830956 0.3037794 138 95 61
-0.3788512 -0.5107606 0.3570609 147 92 38
-0.3860237 -0.3580886 0.2556212 133 87 33
-0.3634815 -0.4082966 0.2843112 90 37 9
-0.3747526 -0.4380116 0.3048041 108 47 8
-0.3645062 -0.4728496 0.2976315 124 68 24
-0.3655308 -0.4380116 0.3007055 99 35 1
-0.3768019 -0.5158846 0.3632088 157 98 40
-0.3849991 -0.3642371 0.2627936 150 101 44
-0.3542598 -0.4503076 0.2925083 86 26 0
-0.3839744 -0.4062476 0.2720154 138 88 35
-0.3409394 -0.4472336 0.2525472 130 84 31
-0.3727033 -0.4933416 0.3140259 132 77 36
-0.3757773 -0.5076866 0.3345187 127 72 34
-0.3798758 -0.4195676 0.2607444 135 88 32
-0.359383 -0.4697756 0.2914837 124 72 18
-0.3491365 -0.4267396 0.2802126 68 15 0
-0.3511858 -0.4451836 0.2863605 95 38 7
-0.3716787 -0.4390356 0.264843 119 67 21
-0.3655308 -0.4882186 0.3119766 119 60 14
-0.3511858 -0.4349376 0.2863605 88 30 4
-0.3399147 -0.4462086 0.2504979 124 80 36
-0.3768019 -0.4861691 0.3252969 141 86 38
-0.3655308 -0.4841206 0.3037794 111 55 13
-0.3440133 -0.4021486 0.2638183 89 34 2
-0.3727033 -0.4257156 0.2556212 117 67 15
-0.3911469 -0.4164936 0.2812372 161 119 63
-0.3768019 -0.4339126 0.2679169 124 73 22
-0.3573337 -0.3980506 0.2740648 130 93 54
-0.3870483 -0.3806306 0.2730401 135 88 37
-0.3768019 -0.4933416 0.3252969 141 88 39
-0.3522104 -0.4636271 0.2853358 104 42 6
-0.3890976 -0.4041976 0.264843 150 101 38
-0.359383 -0.4441586 0.2525472 123 69 25
-0.3655308 -0.4431346 0.3037794 141 89 42
-0.3522104 -0.4031736 0.2709908 82 28 3
-0.3686047 -0.4667016 0.2812372 124 72 33
-0.341964 -0.4431346 0.2709908 93 39 11
-0.356309 -0.4677256 0.2720154 131 84 39
-0.3870483 -0.4021486 0.2750894 153 112 56
-0.370654 -0.3857546 0.2720154 119 66 16
-0.3819251 -0.3775566 0.2699662 117 64 18
-0.3819251 -0.4410851 0.2832866 128 75 28
-0.3757773 -0.4687506 0.3140259 147 94 49
-0.3614322 -0.4564546 0.3017301 99 35 2
-0.3573337 -0.3765326 0.261769 85 27 2
-0.3491365 -0.4615776 0.261769 114 60 13
-0.3686047 -0.3806306 0.2720154 115 62 16
-0.3737279 -0.5056376 0.336568 122 57 20
-0.359383 -0.4615776 0.3007055 104 46 10
-0.3911469 -0.4277656 0.290459 142 96 45
-0.3829497 -0.4451836 0.2976315 141 91 42
-0.3573337 -0.4380116 0.2925083 93 36 9
-0.3788512 -0.4615776 0.2976315 128 73 32
-0.3686047 -0.3611636 0.2586951 99 37 2
-0.3829497 -0.4021486 0.2781633 161 111 59
-0.370654 -0.3693606 0.2658676 125 66 11
-0.3778265 -0.4728496 0.3089027 132 79 37
-0.3460626 -0.4451836 0.2699662 125 69 14
-0.3757773 -0.4964166 0.3324694 127 65 21
-0.3686047 -0.4349376 0.2576704 115 63 15
-0.356309 -0.4154696 0.2822619 101 48 17
-0.3727033 -0.5076866 0.3283709 114 55 13
-0.3686047 -0.4646526 0.2822619 114 57 17
-0.3542598 -0.3908776 0.2658676 96 36 6
-0.356309 -0.4103466 0.2781633 104 48 11
-0.3819251 -0.3765326 0.2689415 135 82 34
-0.3460626 -0.3878036 0.2566458 85 27 5
-0.3727033 -0.4134196 0.2914837 93 36 7
-0.345038 -0.4093211 0.2679169 101 37 0
-0.3624569 -0.3949756 0.2699662 85 30 6
-0.3911469 -0.3949756 0.2597197 157 111 51
-0.3645062 -0.4410851 0.2566458 113 60 22
-0.3768019 -0.5035886 0.3468144 133 72 31
-0.3491365 -0.4523566 0.2515226 124 70 26
-0.3542598 -0.3939516 0.2679169 96 41 11
-0.3716787 -0.4707996 0.3211984 110 48 11
-0.3890976 -0.4021486 0.2679169 146 105 52
-0.356309 -0.4544056 0.261769 118 63 32
-0.359383 -0.4513316 0.2597197 120 74 42
-0.3747526 -0.5394506 0.3990713 115 60 30
-0.3829497 -0.5333036 0.3867756 163 112 60
-0.3788512 -0.5363776 0.3959974 131 77 38
-0.359383 -0.5384266 0.3714059 138 77 31
0.2267133 -0.2679206 0.023027 141 98 46
0.167284 -0.2699696 0.03019953 85 35 12
0.1334708 -0.2699696 0.0558156 101 48 14
0.227738 -0.2679206 0.0250763 140 98 49
0.1867522 -0.2791916 0.03327345 137 89 42
0.2195408 -0.2699696 0.02097773 132 85 31
0.213393 -0.2689446 0.01278057 127 83 41
0.1693333 -0.2761176 0.04351988 130 87 44
0.1826537 -0.2740686 0.03942133 136 93 54
0.1549883 -0.2658716 0.03737203 108 60 29
0.1488404 -0.2986596 0.06503739 40 6 0
0.1969987 -0.2679206 0.0179038 88 37 6
0.1140025 -0.2720186 0.05684027 158 122 83
0.1314215 -0.2914866 0.06196346 49 20 3
0.152939 -0.2884136 0.03839665 162 136 90
0.1580622 -0.2761176 0.03532273 83 37 12
0.1262982 -0.2709946 0.05888953 102 45 12
0.1888015 -0.2709946 0.02200236 110 57 23
0.181629 -0.2668956 0.04249525 96 46 10
0.121175 -0.2720186 0.05376633 110 61 32
0.1447418 -0.2986596 0.06401276 33 4 1
0.199048 -0.2689446 0.01073128 101 53 20
0.2092944 -0.2679206 0.03327345 148 96 47
0.1457665 -0.2750936 0.03942133 92 39 10
0.1447418 -0.2873886 0.04351988 179 157 117
0.1570376 -0.2925126 0.04249525 171 133 95
0.2113437 -0.2740686 0.03122416 146 105 56
0.2185162 -0.2689446 0.02815023 155 115 60
0.1447418 -0.2996846 0.07220993 35 3 1
0.2215901 -0.2699696 0.02610093 164 133 87
0.1375693 -0.2689446 0.03942133 145 112 80
0.1662594 -0.2853396 0.03737203 150 118 75
0.1888015 -0.2750936 0.03532273 125 77 30
0.195974 -0.2750936 0.0250763 121 80 41
0.1621608 -0.2720186 0.02815023 89 49 21
0.08633713 -0.2699696 0.07630848 111 58 24
0.1447418 -0.2668956 0.0506924 94 49 18
0.2174915 -0.2720186 0.0179038 138 97 51
0.1539636 -0.2761176 0.03737203 95 43 14
0.2113437 -0.2709946 0.008681977 132 85 41
0.2144176 -0.2730436 0.02815023 147 106 60
0.1621608 -0.2853396 0.03737203 128 87 49
0.1334708 -0.2832906 0.05376633 157 133 87
0.1488404 -0.2966106 0.05888953 41 4 0
0.2543787 -0.2812406 0.2259065 207 197 188
0.1293722 -0.3242766 0.293533 148 101 52
0.09453428 -0.3898526 0.3959974 148 108 49
0.05457318 -0.4226416 0.4082931 107 50 10
0.1109286 -0.3283746 0.3724305 133 88 45
0.09350964 -0.3714096 0.3293955 113 57 11
0.07506604 -0.4748986 0.3744799 118 64 14
0.0668689 -0.4257156 0.3252969 137 88 38
0.04227744 -0.4687506 0.3939481 112 54 3
0.1037561 -0.2914866 0.3027548 41 0 0
0.08838642 -0.4482576 0.3837017 132 83 27
0.04740067 -0.3939516 0.3755045 120 66 14
0.09146035 -0.3058326 0.382677 101 54 16
0.06891818 -0.3283746 0.3662827 111 66 28
0.05559781 -0.3416951 0.3550116 107 60 30
0.1467911 -0.2853396 0.3662827 154 108 27
0.03920351 -0.4615776 0.3765291 107 48 7
0.04535137 -0.4615776 0.4000959 106 46 3
0.09760821 -0.2771416 0.3130012 54 21 7
0.04637602 -0.3570646 0.3252969 123 69 25
0.09146035 -0.3826806 0.3375926 148 102 50
0.06584425 -0.4902676 0.3806277 122 62 10
0.0648196 -0.5251056 0.4205888 134 79 33
0.07609069 -0.4595296 0.3570609 122 70 22
0.124249 -0.3099306 0.3734552 156 112 36
0.06584425 -0.5128096 0.4000959 124 67 26
0.07199211 -0.5189586 0.4482542 150 104 51
0.07813997 -0.3017336 0.3242723 89 44 15
0.06584425 -0.5261306 0.368332 167 121 60
0.04022816 -0.5220316 0.4052192 145 92 27
0.05969639 -0.4892436 0.3591102 86 37 12
0.09146035 -0.4267396 0.3693566 162 121 62
0.06277032 -0.4380116 0.428786 124 70 19
0.08428784 -0.4738736 0.4185395 168 124 70
0.1324461 -0.2894376 0.2781633 96 42 13
0.05559781 -0.3806306 0.3888249 119 65 15
0.1314215 -0.3150546 0.2945576 127 72 28
0.09350964 -0.2812406 0.3662827 51 21 5
0.03920351 -0.5138356 0.397022 152 98 31
0.07711534 -0.4585036 0.3611595 125 68 12
0.03817887 -0.4000986 0.3447652 123 70 17
0.07199211 -0.4923176 0.4021453 138 81 23
0.1006821 -0.3017336 0.3027548 66 23 1
0.07711534 -0.3990746 0.3232477 132 76 23
0.07199211 -0.5169086 0.4441556 136 85 33
0.1314215 -0.2863636 0.276114 98 50 27
0.08223855 -0.2863636 0.3191491 62 29 12
0.1344954 -0.3304236 0.3488638 163 116 44
0.07813997 -0.4943666 0.4533774 164 112 54
0.152939 -0.2945606 0.290459 143 95 54
0.1047807 -0.3119806 0.2976315 65 13 0
0.1027314 -0.4052236 0.3980467 182 144 77
0.05457318 -0.3580886 0.3703813 67 18 0
0.04740067 -0.5076866 0.4482542 126 61 18
0.09863286 -0.3529656 0.368332 151 104 58
0.05764711 -0.4964166 0.4544021 137 85 14
0.04535137 -0.3673106 0.3550116 97 48 10
0.07404141 -0.4789976 0.3908741 130 75 18
0.07096748 -0.5117856 0.4625992 163 132 86
0.05457318 -0.5015396 0.3724305 127 76 24
0.1406433 -0.3232506 0.3283709 135 85 18
0.07506604 -0.5220316 0.4410817 194 156 92
0.06379497 -0.3253006 0.3457898 110 60 20
0.06584425 -0.4564546 0.443131 142 87 36
0.05354853 -0.3416951 0.336568 131 88 48
0.0484253 -0.4123946 0.3263216 103 44 1
0.06174567 -0.4503076 0.3314448 116 57 10
0.05867174 -0.3324726 0.3611595 61 24 8
0.06277032 -0.4769476 0.4472295 142 91 41
0.05662246 -0.4000986 0.3150505 97 55 20
0.05354853 -0.3478426 0.3427159 117 69 21
0.06277032 -0.3242766 0.3211984 95 45 12
0.1642101 -0.2689446 0.2740648 84 35 4
0.05149925 -0.3929266 0.3867756 92 34 0
0.05867174 -0.4585036 0.4369832 147 97 44
0.05867174 -0.4246906 0.4154656 120 61 16
0.09146035 -0.3201776 0.3744799 102 50 20
0.04944995 -0.4451836 0.4072685 87 29 2
0.05662246 -0.4933416 0.4503035 127 71 11
0.1262982 -0.2720186 0.3796031 162 122 46
0.05559781 -0.3242766 0.3252969 148 108 52
0.05354853 -0.3468186 0.3447652 103 50 9
0.05252388 -0.4810456 0.3550116 101 51 14
0.05252388 -0.4789976 0.4359585 113 57 16
0.1006821 -0.3570646 0.3232477 113 65 34
0.06379497 -0.3949756 0.3160751 145 97 43
0.1252736 -0.3017336 0.3837017 164 124 43
0.06584425 -0.3212016 0.336568 148 107 60
0.06789355 -0.3693606 0.3181245 111 57 15
0.1396186 -0.3017336 0.2771387 115 67 27
0.0504746 -0.3304236 0.3252969 151 114 44
0.05354853 -0.5199826 0.3929235 144 108 58
0.04637602 -0.5076866 0.3806277 125 72 18
0.03920351 -0.5138356 0.3959974 135 77 20
0.06379497 -0.3949756 0.4072685 131 73 16
0.05354853 -0.4759226 0.4369832 123 72 24
0.06379497 -0.4923176 0.3734552 132 84 40
0.09146035 -0.2996846 0.368332 89 49 17
0.09350964 -0.3324726 0.3785784 124 76 26
0.06994283 -0.3130046 0.3478391 89 46 18
0.08531248 -0.3652616 0.3806277 133 85 26
0.0648196 -0.4615776 0.4400571 126 77 21
0.1119532 -0.2781666 0.2986562 72 41 22
0.09453428 -0.3888286 0.3591102 138 87 28
0.1181011 -0.2750936 0.3816523 125 84 33
0.08736177 -0.3478426 0.3806277 150 112 65
0.08838642 -0.3888286 0.3375926 136 87 31
0.05764711 -0.3447686 0.3621841 87 42 9
0.0668689 -0.3171036 0.336568 111 65 21
0.1119532 -0.2750936 0.3816523 134 98 60
0.07711534 -0.3181276 0.322223 176 147 92
0.04637602 -0.3652616 0.3550116 92 41 8
0.07199211 -0.4318631 0.3345187 130 78 20
0.08223855 -0.4728496 0.443131 174 137 89
0.04535137 -0.4257156 0.3816523 94 36 0
0.06072104 -0.3212016 0.3201737 130 88 42
0.06789355 -0.3908776 0.4052192 125 67 22
0.08018927 -0.4697756 0.4052192 151 115 62
0.07199211 -0.3037826 0.3427159 56 23 6
0.07609069 -0.3755076 0.397022 135 88 34
0.0996575 -0.3703846 0.3519377 120 63 15
0.04637602 -0.3509166 0.3314448 121 75 31
0.05149925 -0.3519416 0.3560362 109 55 13
0.08838642 -0.4185431 0.4103424 161 111 47
0.08223855 -0.4687506 0.4421064 168 129 63
0.07506604 -0.4677256 0.365258 113 56 13
0.1160518 -0.3119806 0.3816523 145 104 33
0.1365447 -0.3058326 0.3601348 151 103 26
0.1457665 -0.3089056 0.3427159 136 86 13
0.06379497 -0.3437436 0.3242723 76 26 7
0.07609069 -0.3068566 0.3252969 131 87 43
0.05149925 -0.5076866 0.3714059 132 72 16
0.06584425 -0.5220316 0.4154656 127 69 21
0.07813997 -0.4964166 0.4410817 139 89 33
0.04535137 -0.4298146 0.3816523 95 31 0
0.1601115 -0.2709946 0.3478391 154 108 32
0.1078547 -0.2781666 0.3785784 81 44 27
0.1539636 -0.3048076 0.3334941 148 101 33
0.1006821 -0.2884136 0.3785784 110 77 41
0.05867174 -0.3293996 0.3550116 72 20 4
0.08838642 -0.3396456 0.3785784 124 84 41
0.1478158 -0.2976356 0.2884098 117 72 33
0.08223855 -0.4564546 0.3693566 140 85 27
0.08531248 -0.4267396 0.4226381 158 111 44
0.1519143 -0.2802166 0.3621841 154 111 38
0.03817887 -0.4216166 0.3529623 134 78 23
0.1293722 -0.3048076 0.3744799 166 126 53
0.1181011 -0.2996846 0.3888249 168 127 44
0.1181011 -0.3058326 0.3867756 154 112 33
0.03920351 -0.4882186 0.3806277 116 55 7
0.03715423 -0.5056376 0.3949727 136 79 26
0.06584425 -0.3427196 0.3744799 66 25 10
0.1027314 -0.3212016 0.3867756 153 115 47
0.1457665 -0.2914866 0.2832866 121 77 31
0.08428784 -0.3949756 0.3334941 132 82 27
0.121175 -0.2996846 0.382677 159 118 48
0.1570376 -0.2945606 0.3375926 136 86 19
0.1416679 -0.3017336 0.3621841 153 104 29
0.05764711 -0.3857546 0.3181245 132 79 30
0.07199211 -0.4841206 0.3775538 125 68 18
0.07506604 -0.3314476 0.3755045 85 37 11
0.1652347 -0.2750936 0.3375926 141 91 26
0.1181011 -0.3068566 0.3837017 159 119 44
0.08223855 -0.4656766 0.4298106 150 98 33
0.05457318 -0.3867791 0.3929235 126 69 17
0.0668689 -0.4380116 0.4328846 156 106 40
0.04535137 -0.4769476 0.414441 92 29 0
0.1109286 -0.3253006 0.3744799 131 85 39
0.06994283 -0.4492816 0.3293955 135 77 29
0.1017068 -0.3632116 0.3273463 114 61 17
0.04022816 -0.5056376 0.4369832 182 147 85
0.03920351 -0.4841206 0.3796031 125 64 8
0.03817887 -0.5189586 0.4000959 134 72 17
0.1590868 -0.2843146 0.2863605 106 57 15
0.07609069 -0.4789976 0.3662827 110 51 11
0.08838642 -0.4410851 0.4236628 166 114 36
0.1027314 -0.2843146 0.3027548 37 1 0
0.07096748 -0.3929266 0.4093177 151 99 37
0.09658357 -0.3837056 0.3570609 120 67 10
0.0504746 -0.3416951 0.3345187 150 102 47
0.1447418 -0.3191526 0.3211984 131 75 10
0.07506604 -0.3478426 0.382677 88 39 13
0.04022816 -0.4953916 0.4185395 148 98 39
0.05252388 -0.4216166 0.3263216 122 71 27
0.0668689 -0.4646526 0.443131 145 93 35
0.1621608 -0.2935366 0.3130012 127 77 15
0.07916462 -0.3468186 0.3273463 95 37 0
0.1027314 -0.3355466 0.3765291 140 97 41
0.04740067 -0.5097366 0.382677 130 83 35
0.05969639 -0.4164936 0.3242723 94 50 10
0.1273229 -0.3345226 0.3488638 137 86 20
0.09350964 -0.3949756 0.3519377 151 117 65
0.0668689 -0.4667016 0.3355434 128 74 21
0.08018927 -0.3601386 0.3273463 138 108 80
0.0504746 -0.4380116 0.3355434 111 70 29
0.09248499 -0.3929266 0.3550116 126 75 16
0.07506604 -0.3837056 0.4021453 135 87 39
0.09146035 -0.4021486 0.3550116 129 80 23
0.07506604 -0.4738736 0.3611595 115 59 15
0.0904357 -0.3990746 0.350913 126 74 16
0.08018927 -0.2884136 0.3437405 71 37 16
0.06994283 -0.5015396 0.4564513 140 96 35
0.05559781 -0.4267396 0.4123916 106 46 8
0.05252388 -0.3498916 0.3519377 108 61 17
0.05252388 -0.4390356 0.414441 92 37 4
0.04022816 -0.4912936 0.4123916 135 78 17
0.08736177 -0.2925126 0.3089027 52 18 0
0.06789355 -0.4144446 0.4164902 120 63 18
0.0484253 -0.4103466 0.3263216 133 82 32
0.04432674 -0.3990746 0.3714059 127 72 20
0.1488404 -0.2720186 0.3662827 154 112 38
0.08633713 -0.4728496 0.4318599 163 114 47
0.09658357 -0.3283746 0.3816523 142 101 40
0.06789355 -0.3826806 0.4031699 121 70 24
0.1724072 -0.2689446 0.2843112 110 66 27
0.08018927 -0.3539906 0.3837017 127 84 38
0.1713826 -0.2689446 0.3263216 139 87 19
0.1170765 -0.3089056 0.382677 158 118 43
0.0832632 -0.3007086 0.3611595 54 16 0
0.1703579 -0.2812406 0.3232477 137 87 21
0.03817887 -0.4974406 0.3867756 133 75 15
0.06584425 -0.3181276 0.3406666 108 62 25
0.07916462 -0.4861691 0.4185395 129 73 19
0.1447418 -0.3140286 0.3099273 133 81 18
0.08428784 -0.4400606 0.3570609 138 85 21
0.1232243 -0.3375966 0.3293955 139 88 26
0.06994283 -0.4861691 0.368332 98 45 12
0.0484253 -0.4349376 0.4031699 112 53 9
0.05149925 -0.3539906 0.3570609 93 40 5
0.07813997 -0.3355466 0.3765291 127 85 42
0.09658357 -0.2699696 0.3550116 42 13 1
0.05252388 -0.4257156 0.4052192 119 63 6
0.08941106 -0.2781666 0.353987 71 40 18
0.1058054 -0.2986596 0.2986562 58 8 0
0.05867174 -0.4697756 0.3468144 107 59 21
0.0904357 -0.3970256 0.3468144 128 77 20
0.0484253 -0.4308386 0.3980467 99 39 3
0.08223855 -0.3775566 0.322223 135 85 27
0.1293722 -0.3201776 0.293533 135 84 44
0.04432674 -0.4738736 0.4082931 97 35 4
0.1416679 -0.3201776 0.3406666 147 100 35
0.04432674 -0.4933416 0.4226381 108 45 6
0.08121391 -0.2873886 0.3345187 113 74 44
0.08736177 -0.2720186 0.336568 78 44 23
0.09658357 -0.3181276 0.3816523 111 66 22
0.07301676 -0.3990746 0.4123916 138 85 32
0.08736177 -0.4789976 0.425712 182 145 85
0.0832632 -0.4185431 0.4226381 165 129 77
0.08941106 -0.3201776 0.3130012 105 50 9
0.04227744 -0.5025636 0.3806277 122 68 17
0.06994283 -0.3201776 0.3611595 125 93 62
0.1017068 -0.3703846 0.3406666 113 57 10
0.08223855 -0.2884136 0.3519377 45 9 0
0.03920351 -0.5087116 0.4216134 139 83 26
0.06994283 -0.5117856 0.4093177 127 68 16
0.03920351 -0.4000986 0.3334941 104 50 0
0.06072104 -0.3632116 0.3201737 129 75 33
0.1652347 -0.2709946 0.339642 149 101 34
0.08736177 -0.4492816 0.4021453 134 85 23
0.1140025 -0.3201776 0.3744799 147 103 41
0.1006821 -0.3611636 0.3601348 120 76 39
0.1570376 -0.2955856 0.307878 136 86 26
0.07711534 -0.4728496 0.443131 163 121 60
0.09350964 -0.2832906 0.3109519 44 8 0
0.0504746 -0.3980506 0.3888249 116 59 16
0.1088793 -0.3632116 0.3437405 111 58 15
0.08633713 -0.4113706 0.4154656 149 102 40
0.03817887 -0.4841206 0.3990713 119 60 13
0.06379497 -0.5261306 0.4164902 135 78 29
0.1181011 -0.3242766 0.368332 139 94 29
0.1478158 -0.2996846 0.2873851 130 74 24
0.08736177 -0.4369866 0.3632088 128 76 17
0.06379497 -0.4492816 0.4390324 135 75 26
0.09760821 -0.3621876 0.3662827 130 78 33
0.10683 -0.3355466 0.3714059 145 104 48
0.08018927 -0.4943666 0.443131 142 94 42
0.1590868 -0.2904626 0.336568 141 91 21
0.07404141 -0.4523566 0.4380078 168 127 60
0.0484253 -0.4656766 0.4195642 96 40 8
0.08428784 -0.2791916 0.3334941 91 55 27
0.05764711 -0.3355466 0.3427159 120 80 51
0.08531248 -0.4226416 0.3519377 125 70 13
0.09760821 -0.3140286 0.3796031 107 59 21
0.08736177 -0.4431346 0.3673074 129 81 22
0.05149925 -0.4400606 0.411367 89 30 4
0.08223855 -0.4800216 0.4554267 199 167 102
0.09555893 -0.3929266 0.3714059 150 105 41
0.05867174 -0.4605536 0.4421064 150 105 40
0.08838642 -0.4267396 0.4195642 149 99 34
0.07096748 -0.5158846 0.4523528 151 98 47
0.08531248 -0.2843146 0.350913 68 31 9
0.08018927 -0.4287896 0.3468144 121 64 8
0.06072104 -0.3222266 0.3232477 121 78 25
0.04125281 -0.3734591 0.3437405 127 78 24
0.08121391 -0.4933416 0.4523528 168 129 65
0.04432674 -0.5220316 0.4503035 136 76 23
0.1539636 -0.3058326 0.3201737 136 82 18
0.05252388 -0.3765326 0.3796031 102 46 5
0.1590868 -0.2863636 0.339642 139 89 19
0.08531248 -0.4646526 0.4185395 147 102 43
0.1662594 -0.2791916 0.2873851 101 47 13
0.06277032 -0.2853396 0.3181245 71 27 0
0.0668689 -0.4246906 0.4236628 114 57 11
0.04330209 -0.3826806 0.3273463 124 71 24
0.1611361 -0.2781666 0.2812372 92 41 2
0.1488404 -0.3007086 0.2955823 106 52 8
0.04330209 -0.4544056 0.3478391 125 70 18
0.0648196 -0.3273496 0.3406666 107 56 1
0.04330209 -0.4933416 0.4195642 95 26 0
0.08121391 -0.4472336 0.4328846 170 127 60
0.04125281 -0.3744836 0.3447652 126 78 31
0.07813997 -0.4820716 0.4093177 116 62 15
0.09248499 -0.4421106 0.4205888 161 121 60
0.06994283 -0.3078816 0.3273463 56 12 5
0.1498651 -0.2884136 0.2843112 83 33 0
0.08531248 -0.4185431 0.3488638 120 68 12
0.1662594 -0.2843146 0.3293955 146 99 28
0.04740067 -0.5025636 0.3714059 145 96 44
0.09146035 -0.3960011 0.3601348 132 80 23
0.06072104 -0.4246906 0.3170998 155 111 50
0.04535137 -0.3980506 0.3724305 98 39 1
0.06072104 -0.5066626 0.3796031 135 79 23
0.07404141 -0.4892436 0.4533774 142 92 34
0.06174567 -0.5035886 0.3765291 127 85 36
0.07301676 -0.3662866 0.3191491 115 59 15
0.05149925 -0.3447686 0.339642 109 57 9
0.09453428 -0.4093211 0.3662827 137 90 31
0.124249 -0.3150546 0.3673074 150 101 26
0.1119532 -0.3427196 0.3037794 127 75 44
0.05354853 -0.4882186 0.3570609 118 62 6
0.04125281 -0.5025636 0.3816523 145 85 25
0.03920351 -0.5107606 0.414441 135 80 20
0.04227744 -0.3632116 0.3304202 103 52 11
0.121175 -0.2832906 0.3816523 165 124 49
0.0668689 -0.5035886 0.3918988 114 57 19
0.08633713 -0.4380116 0.3611595 133 82 24
0.03920351 -0.4021486 0.336568 145 98 46
0.04535137 -0.3857546 0.3714059 113 59 18
0.03715423 -0.5179336 0.428786 138 84 30
0.05457318 -0.4000986 0.397022 106 48 4
0.1150272 -0.3078816 0.2914837 115 63 21
0.1047807 -0.3201776 0.382677 150 112 47
0.1078547 -0.2668956 0.3048041 36 3 1
0.03715423 -0.4851446 0.3857509 133 75 17
0.1078547 -0.2658716 0.3744799 49 24 12
0.06072104 -0.4441586 0.4339092 129 83 37
0.06277032 -0.3314476 0.3416912 118 67 11
0.05149925 -0.4605536 0.4246874 108 53 19
0.05252388 -0.3478426 0.3570609 104 52 11
0.152939 -0.2843146 0.2802126 85 36 3
0.07711534 -0.3007086 0.350913 56 24 11
0.1324461 -0.3109556 0.2863605 104 47 0
0.1006821 -0.3293996 0.3806277 144 98 38
0.05559781 -0.3396456 0.3427159 79 28 13
0.0904357 -0.4318631 0.3734552 138 93 34
0.04740067 -0.4318631 0.3949727 119 59 6
0.03817887 -0.4554306 0.3632088 131 73 18
0.0668689 -0.4851446 0.3693566 126 74 36
0.0648196 -0.3304236 0.3324694 137 89 33
0.03715423 -0.4144446 0.3498884 121 66 16
0.06789355 -0.5035886 0.3959974 115 56 19
0.0484253 -0.4103466 0.3867756 116 57 9
0.08018927 -0.4093211 0.336568 134 78 17
0.04944995 -0.3427196 0.3273463 123 78 34
0.121175 -0.3324726 0.3089027 126 69 21
0.08633713 -0.3949756 0.3375926 126 75 22
0.1744565 -0.2750936 0.3170998 137 88 21
0.04227744 -0.3888286 0.3621841 166 127 62
0.1252736 -0.3314476 0.307878 127 75 21
0.03715423 -0.5076866 0.4021453 119 59 10
0.1221997 -0.3386206 0.3304202 145 103 45
0.1703579 -0.2832906 0.3068533 143 96 33
0.06891818 -0.4369866 0.4339092 154 98 41
0.1724072 -0.2812406 0.3160751 139 88 23
0.06789355 -0.5005146 0.3908741 118 56 19
0.04125281 -0.4195676 0.3693566 109 52 15
0.03920351 -0.5056376 0.4123916 124 63 14
0.05252388 -0.3345226 0.3283709 151 111 44
0.07813997 -0.4421106 0.4298106 144 98 39
0.03817887 -0.4738736 0.3847263 122 64 11
0.03612958 -0.4810456 0.3714059 138 92 33
0.07609069 -0.3160786 0.3642334 60 28 9
0.04740067 -0.4779726 0.4185395 104 42 1
0.08633713 -0.4185431 0.350913 124 69 11
0.1252736 -0.3375966 0.3478391 158 110 46
0.09350964 -0.4175186 0.3755045 149 100 32
0.07301676 -0.4544056 0.339642 120 62 13
0.05149925 -0.3662866 0.3734552 69 17 2
0.04535137 -0.3673106 0.3601348 97 44 4
0.04125281 -0.4318631 0.3693566 99 42 3
0.04944995 -0.4943666 0.4390324 127 69 19
0.03817887 -0.4677256 0.3560362 140 92 41
0.07813997 -0.4871946 0.414441 127 70 16
0.09350964 -0.4000986 0.3601348 145 110 61
0.1416679 -0.3109556 0.3488638 140 86 14
0.1580622 -0.2709946 0.3519377 143 96 20
0.08633713 -0.4564546 0.3990713 138 88 30
0.1273229 -0.3099306 0.3703813 149 105 29
0.08121391 -0.4503076 0.4380078 210 188 130
0.08941106 -0.3457926 0.3089027 75 23 2
0.07813997 -0.4933416 0.4267367 134 85 28
0.04022816 -0.5148596 0.4339092 114 53 8
0.04432674 -0.4451836 0.3949727 69 5 0
0.05969639 -0.5128096 0.4585007 121 69 20
0.07199211 -0.4185431 0.3293955 119 62 9
0.05867174 -0.3365716 0.3601348 85 47 21
0.04944995 -0.4185431 0.3918988 92 30 2
0.04944995 -0.5230566 0.3929235 124 79 36
0.05764711 -0.4072716 0.3170998 142 92 41
0.08531248 -0.4564546 0.4134163 147 100 35
0.08838642 -0.2945606 0.3068533 57 13 2
0.09350964 -0.3089056 0.3837017 106 59 23
0.04330209 -0.5261306 0.4451803 129 71 22
0.05867174 -0.5107606 0.3847263 135 92 41
0.1273229 -0.3181276 0.293533 111 50 0
0.07506604 -0.2945606 0.3191491 80 37 13
0.07404141 -0.4093211 0.3181245 122 63 11
0.06891818 -0.4707996 0.4472295 165 120 54
0.07813997 -0.5035886 0.4533774 200 178 138
0.08223855 -0.3662866 0.3201737 112 60 16
0.06174567 -0.3796066 0.3181245 108 49 5
0.08018927 -0.2914866 0.3529623 78 44 17
0.04740067 -0.4533806 0.4031699 82 20 0
0.0668689 -0.5066626 0.3959974 115 57 15
0.1519143 -0.3027586 0.2914837 131 83 42
0.1426925 -0.3027586 0.3580856 155 108 36
0.05252388 -0.4851446 0.4359585 109 56 10
0.0504746 -0.4328886 0.3324694 124 69 25
0.08838642 -0.4052236 0.3488638 129 77 17
0.05252388 -0.3703846 0.3775538 113 60 18
0.0648196 -0.4000986 0.3119766 113 59 13
0.07916462 -0.4933416 0.4472295 136 80 23
0.09863286 -0.2679206 0.3632088 46 26 13
0.09146035 -0.4298146 0.4164902 156 110 40
0.05969639 -0.3960011 0.4041945 127 70 16
0.08633713 -0.4492816 0.4195642 159 107 33
0.07711534 -0.4359616 0.4318599 153 108 42
0.0648196 -0.4902676 0.3765291 136 76 25
0.04944995 -0.4882186 0.4339092 127 67 19
0.03817887 -0.4257156 0.3611595 136 86 29
0.09350964 -0.4205926 0.382677 138 88 21
0.09555893 -0.2996846 0.3765291 88 48 22
0.07199211 -0.4000986 0.3140259 119 64 8
0.121175 -0.3324726 0.3048041 132 84 35
0.05867174 -0.3355466 0.3386173 69 15 0
0.08428784 -0.3837056 0.4011206 134 88 29
0.1580622 -0.2976356 0.3058287 128 75 15
0.07813997 -0.2986596 0.3550116 75 45 22
0.04535137 -0.3857546 0.3232477 140 91 31
0.07096748 -0.4800216 0.4513281 148 108 44
0.07096748 -0.3150546 0.3263216 143 101 49
0.1303968 -0.3375966 0.3345187 185 148 87
0.06072104 -0.5220316 0.4031699 151 98 55
0.08428784 -0.4226416 0.3488638 122 66 12
0.1181011 -0.3078816 0.2925083 93 41 7
0.09350964 -0.3130046 0.3796031 75 30 14
0.1324461 -0.3058326 0.368332 143 96 23
0.09146035 -0.3888286 0.3457898 124 70 14
0.07609069 -0.3427196 0.3796031 97 53 20
0.04227744 -0.4154696 0.3324694 108 50 13
0.04125281 -0.4656766 0.3857509 90 27 2
0.05149925 -0.4789976 0.4318599 96 41 8
0.05969639 -0.3201776 0.336568 55 20 0
0.04022816 -0.3796066 0.3293955 112 59 8
0.09248499 -0.4236666 0.3796031 139 92 33
0.1252736 -0.3068566 0.3775538 163 120 36
0.05867174 -0.3796066 0.3949727 127 76 20
0.08633713 -0.3130046 0.3775538 158 124 74
0.1017068 -0.3037826 0.3847263 130 86 31
0.06994283 -0.5271556 0.4421064 133 88 47
0.04740067 -0.4062476 0.382677 118 60 6
0.05252388 -0.4626026 0.4318599 124 66 19
0.08223855 -0.4779726 0.4318599 135 90 33
0.1303968 -0.3130046 0.365258 145 93 20
0.03817887 -0.5117856 0.4164902 128 68 15
0.03817887 -0.4810456 0.382677 133 76 14
0.1221997 -0.3068566 0.2884098 82 26 0
0.08838642 -0.4041976 0.414441 152 109 51
0.10683 -0.3058326 0.382677 148 105 33
0.04535137 -0.3642371 0.322223 111 59 14
0.07506604 -0.3888286 0.3211984 147 92 35
0.05662246 -0.5251056 0.3980467 172 130 72
0.0648196 -0.3171036 0.3488638 168 155 137
0.05149925 -0.4257156 0.4011206 95 34 3
0.09248499 -0.4277656 0.3939481 148 101 37
0.04740067 -0.5251056 0.4595253 153 107 55
0.03920351 -0.5015396 0.4123916 118 57 12
0.07506604 -0.3960011 0.411367 126 75 23
0.08838642 -0.2699696 0.3283709 104 72 37
0.08838642 -0.3714096 0.322223 122 66 18
0.0504746 -0.4380116 0.3355434 125 72 25
0.04944995 -0.4748986 0.350913 161 122 72
0.0904357 -0.4554306 0.4082931 167 124 70
0.1109286 -0.3580886 0.3457898 124 79 35
0.0648196 -0.4082966 0.3191491 139 90 37
0.03817887 -0.5117856 0.4082931 125 67 9
0.08736177 -0.4328886 0.3632088 123 71 15
0.08736177 -0.2709946 0.3355434 44 12 0
0.04637602 -0.4738736 0.4185395 111 55 13
0.07096748 -0.5169086 0.425712 125 70 18
0.04432674 -0.4257156 0.3775538 109 50 2
0.1324461 -0.3232506 0.3386173 148 111 50
0.07096748 -0.3591136 0.3242723 114 64 28
0.09146035 -0.3212016 0.3806277 97 50 10
0.1058054 -0.3632116 0.3498884 108 53 7
0.06379497 -0.2853396 0.3140259 83 39 14
0.05867174 -0.4277656 0.4205888 133 73 20
0.05149925 -0.4697756 0.4246874 118 62 26
0.10683 -0.2699696 0.3724305 54 26 11
0.09248499 -0.3324726 0.3765291 132 85 28
0.08121391 -0.3919026 0.3263216 136 87 34
0.06072104 -0.5179336 0.4656731 179 141 67
0.04944995 -0.4533806 0.4123916 95 37 4
0.05969639 -0.4564546 0.4380078 140 93 34
0.0832632 -0.4410851 0.4236628 133 94 27
0.06379497 -0.3427196 0.3242723 77 28 6
0.04740067 -0.4390356 0.4031699 114 51 5
0.05969639 -0.5087116 0.3837017 145 96 37
0.1232243 -0.3334976 0.3570609 141 95 35
0.04740067 -0.4892436 0.4267367 99 37 4
0.1416679 -0.2966106 0.365258 164 120 46
0.07096748 -0.3017336 0.3324694 107 65 16
0.04944995 -0.5158846 0.3847263 105 54 15
0.05149925 -0.4492816 0.4154656 95 37 6
0.1324461 -0.2791916 0.3837017 164 127 49
0.1703579 -0.2832906 0.3068533 156 118 47
0.0832632 -0.4943666 0.4308352 173 131 80
0.06891818 -0.3529656 0.3816523 79 33 6
0.08941106 -0.2740686 0.3447652 67 31 6
0.1570376 -0.2966106 0.3304202 130 80 11
0.04740067 -0.4728496 0.4185395 93 33 2
0.06584425 -0.4318631 0.3263216 118 70 24
0.09453428 -0.3304236 0.307878 114 59 13
0.0668689 -0.3212016 0.3273463 118 67 20
0.06584425 -0.2771416 0.3099273 47 13 0
0.08223855 -0.3847296 0.4021453 150 104 42
0.1334708 -0.2781666 0.2853358 60 16 0
0.04022816 -0.4328886 0.365258 126 73 20
0.03817887 -0.4800216 0.3755045 127 72 10
0.09248499 -0.3837056 0.3888249 130 78 17
0.08633713 -0.3949756 0.411367 164 122 57
0.1262982 -0.2904626 0.3847263 164 127 57
0.04944995 -0.4052236 0.3232477 119 68 26
0.1037561 -0.2935366 0.3816523 126 88 41
0.1037561 -0.3212016 0.2955823 94 33 5
0.09760821 -0.4123946 0.3990713 155 109 41
0.09350964 -0.3447686 0.3201737 101 48 20
0.1467911 -0.2884136 0.2812372 109 61 25
0.05662246 -0.4154696 0.3160751 145 95 33
0.1631854 -0.2925126 0.3170998 135 86 22
0.0648196 -0.5261306 0.4605499 102 46 16
0.07609069 -0.4851446 0.4052192 133 78 22
0.05252388 -0.5169086 0.3857509 120 67 27
0.08121391 -0.3632116 0.3867756 124 77 28
0.05559781 -0.3478426 0.3642334 83 26 1
0.1765058 -0.2740686 0.3170998 176 138 67
0.1088793 -0.3263246 0.3744799 114 65 27
0.05662246 -0.3375966 0.3488638 83 35 15
0.04330209 -0.4820716 0.3632088 136 75 20
0.09350964 -0.3457926 0.3109519 84 26 3
0.08018927 -0.3755076 0.3949727 131 83 27
0.1191257 -0.2935366 0.2884098 64 20 3
0.09555893 -0.3919026 0.397022 166 124 57
0.06994283 -0.5138356 0.4585007 164 121 55
0.1017068 -0.2812406 0.3714059 81 52 29
0.1498651 -0.3058326 0.3068533 136 85 25
0.08428784 -0.4697756 0.4195642 153 109 47
0.05764711 -0.4789976 0.4482542 172 132 75
0.1088793 -0.2843146 0.3785784 109 70 31
0.05354853 -0.5117856 0.3744799 142 87 23
0.0832632 -0.4000986 0.3324694 141 94 39
0.06277032 -0.5046136 0.3867756 125 73 25
0.04535137 -0.5025636 0.3755045 143 89 30
0.09555893 -0.3878036 0.3755045 161 117 44
0.1221997 -0.3355466 0.3570609 143 94 31
0.124249 -0.3181276 0.3673074 145 99 30
0.03715423 -0.3908776 0.3478391 115 60 11
0.07506604 -0.3775566 0.3140259 164 127 63
0.04227744 -0.4246906 0.3724305 104 51 7
0.04535137 -0.5199826 0.4554267 149 100 42
0.09248499 -0.4031736 0.3570609 134 89 28
0.0668689 -0.3908776 0.4041945 113 58 13
0.1293722 -0.3273496 0.3130012 136 83 26
0.09453428 -0.4164936 0.3878002 143 95 31
0.06174567 -0.4523566 0.4359585 129 79 29
0.08736177 -0.4533806 0.3990713 141 92 33
0.08018927 -0.4728496 0.4349338 159 117 59
0.05969639 -0.5056376 0.368332 115 57 0
0.1324461 -0.3314476 0.3437405 145 96 33
0.07506604 -0.4738736 0.3837017 124 70 16
0.09350964 -0.3898526 0.3519377 122 69 10
0.08736177 -0.3037826 0.3068533 80 32 1
0.1252736 -0.3334976 0.3529623 142 93 30
0.07404141 -0.4574796 0.3406666 138 91 35
0.05559781 -0.4728496 0.4410817 119 63 16
0.124249 -0.3273496 0.2966069 154 108 67
0.09146035 -0.4216166 0.4072685 149 100 34
0.03817887 -0.5087116 0.4031699 129 63 7
0.03817887 -0.4892436 0.3949727 141 88 22
0.05662246 -0.4123946 0.4021453 125 70 20
0.05149925 -0.3488676 0.3468144 121 70 22
0.09350964 -0.3888286 0.3488638 128 77 18
0.04022816 -0.4667016 0.3816523 118 60 10
0.04944995 -0.3365716 0.3232477 145 106 57
0.1037561 -0.3242766 0.382677 152 109 42
0.05354853 -0.4482576 0.4226381 134 79 25
0.0504746 -0.4390356 0.4082931 95 39 9
0.05867174 -0.3939516 0.3109519 88 42 11
0.07199211 -0.4585036 0.339642 119 63 9
0.06789355 -0.5220316 0.4185395 127 69 22
0.1396186 -0.3201776 0.3406666 137 82 12
0.1160518 -0.3488676 0.3580856 133 88 39
0.08736177 -0.4421106 0.4246874 172 127 57
0.0648196 -0.3775566 0.3990713 132 79 31
0.08838642 -0.4154696 0.3529623 134 84 22
0.1027314 -0.3099306 0.3888249 144 98 31
0.08018927 -0.4830956 0.4267367 139 88 30
0.04227744 -0.4431346 0.3468144 129 78 24
0.05149925 -0.5005146 0.3714059 97 46 10
0.05457318 -0.3621876 0.3755045 109 58 24
0.06072104 -0.4964166 0.3714059 127 73 24
0.03817887 -0.4472336 0.3632088 131 77 16
0.3496706 -0.3273496 0.3703813 183 167 142
0.3640156 -0.3621876 0.3898495 157 137 110
0.3609417 -0.3611636 0.3857509 171 154 126
0.2943398 -0.4349376 0.350913 193 179 161
0.348646 -0.3334976 0.3765291 135 115 83
0.3547938 -0.3314476 0.3734552 165 147 123
0.3506953 -0.3304236 0.3724305 168 151 121
0.285118 -0.4574796 0.350913 182 164 145
0.3588924 -0.3580886 0.3816523 168 151 122
0.2902413 -0.3785826 0.3324694 158 143 117
0.3650403 -0.3949756 0.4462049 133 117 94
0.3189313 -0.3611636 0.3591102 173 156 138
0.3435227 -0.3396456 0.3734552 158 141 118
0.3230299 -0.3662866 0.3642334 167 150 132
0.270773 -0.4523566 0.3468144 179 163 143
0.3517199 -0.3591136 0.3878002 174 155 130
0.3527445 -0.3550146 0.3806277 173 156 130
0.3465967 -0.3181276 0.3744799 130 104 71
0.2933152 -0.3601386 0.3447652 168 151 127
0.3742621 -0.3949756 0.4462049 154 137 111
0.3558185 -0.2709946 0.3252969 176 161 139
0.04330209 -0.5435496 0.4462049 121 57 11
0.0484253 -0.5701906 0.4666978 135 85 42
0.04022816 -0.5302286 0.4154656 132 77 26
0.04432674 -0.5292046 0.4031699 122 72 26
0.04227744 -0.5517466 0.4339092 116 72 24
0.04432674 -0.5312536 0.4482542 130 62 10
0.05969639 -0.5404761 0.4318599 138 82 35
0.05969639 -0.5343276 0.4216134 136 82 37
0.04330209 -0.5589196 0.4513281 119 58 13
0.05457318 -0.5589196 0.4564513 119 71 39
0.06891818 -0.5281806 0.4421064 130 81 38
0.03920351 -0.5691656 0.4544021 161 114 63
0.04637602 -0.5384266 0.411367 131 72 24
0.0504746 -0.5660916 0.4636239 139 90 50
0.03920351 -0.5742886 0.4605499 119 59 17
0.03817887 -0.5845346 0.4748949 138 88 44
0.05354853 -0.5343276 0.3888249 156 101 40
0.05867174 -0.5384266 0.4246874 126 71 31
0.03817887 -0.5783876 0.4748949 127 70 27
0.05559781 -0.5333036 0.4072685 142 92 32
0.0668689 -0.5343276 0.4441556 128 73 32
0.0648196 -0.5415006 0.4267367 118 59 5
0.01358741 -0.6162986 0.500511 151 98 44
0.05354853 -0.5589196 0.4523528 113 60 21
0.03612958 -0.5742886 0.4666978 118 47 9
0.06174567 -0.5415006 0.443131 130 70 26
0.00948883 -0.6265466 0.5025603 143 91 31
0.03817887 -0.5671156 0.4738703 134 71 27
0.05867174 -0.5445736 0.4441556 133 75 32
0.04535137 -0.5517466 0.4400571 107 49 6
0.06072104 -0.5312536 0.3796031 139 89 26
0.05252388 -0.5486726 0.4636239 131 82 44
0.05457318 -0.5445736 0.4564513 133 83 38
0.03817887 -0.5814616 0.4738703 132 74 25
0.05354853 -0.5578946 0.4595253 113 71 38
0.03817887 -0.5609686 0.4636239 140 84 31
0.04330209 -0.5527716 0.4595253 110 43 3
0.04330209 -0.5476476 0.4441556 125 64 18
0.04330209 -0.5333036 0.4421064 124 60 10
0.04330209 -0.5445736 0.4595253 130 64 15
0.04432674 -0.5322786 0.4492789 130 63 20
0.04535137 -0.5845346 0.4656731 141 88 49
0.05867174 -0.5322786 0.397022 117 57 5
0.02895707 -0.5947826 0.4851414 131 73 26
0.04432674 -0.5712146 0.4697717 149 95 52
0.05149925 -0.5425246 0.4123916 137 95 44
0.00231634 -0.6347426 0.5046096 126 71 30
0.04944995 -0.5609686 0.4636239 144 90 48
0.05149925 -0.5384266 0.4103424 138 94 44
0.05252388 -0.5435496 0.4636239 145 95 47
0.07301676 -0.5415006 0.3888249 132 78 24
0.0668689 -0.5322786 0.4369832 130 73 26
0.03612958 -0.5732646 0.4677225 123 54 15
0.04432674 -0.5404761 0.4369832 118 60 5
0.05969639 -0.5333036 0.4134163 148 93 46
0.04330209 -0.5455996 0.4400571 133 74 27
0.03510494 -0.5845346 0.4677225 116 54 16
0.05457318 -0.5394506 0.4625992 149 96 42
0.05457318 -0.5548206 0.4503035 124 73 37
0.03817887 -0.5650676 0.4646485 142 78 26
0.06072104 -0.5404761 0.457476 145 98 47
0.04227744 -0.5394506 0.428786 132 73 21
0.05969639 -0.5425246 0.4349338 135 77 29
0.04227744 -0.5599436 0.4533774 119 53 7
0.02485851 -0.5855601 0.4810428 132 71 26
0.00129169 -0.6388416 0.5056343 104 53 21
0.06789355 -0.5312536 0.428786 147 99 54
0.05149925 -0.5333036 0.4082931 155 111 56
